time,symbol,open,high,low,close,volume,return_1d,return_5d,return_20d,rsi_14,roc_12,macd_line,macd_signal,macd_hist,ema_20,ema_50,ema_200,dist_ema_20,dist_ema_50,dist_ema_200,ema_trend_ratio,atr_14,atr_ratio,bb_upper,bb_lower,bb_pband,bb_width,adx_14,vol_ma_20,rvol,highest_20,lowest_20,dist_to_20d_high,target,forward_max_return,forward_max_drawdown
2025-06-24,NVDA,145.55999755859375,147.9600067138672,145.5,147.89999389648438,187566100,0.02587220486170838,0.022185302376907856,0.12651383547679673,67.70471081888638,5.650395094603072,4.918862019143063,5.392542454387509,-0.4736804352444457,140.81697949881388,132.23501179315383,124.91298884023081,0.050299434222206896,0.11846319587307244,0.184024137679187,1.064899360534585,3.82336193928558,0.6944289738210638,148.79604342505127,134.54995877221438,0.9371020494119795,10.055610132038321,38.66679618993625,204778865.0,0.9159446215311331,147.9600067138672,132.9199981689453,0.0004057661924233427,1.0,0.16565247471982736,0.009195406805110693
2025-06-25,NVDA,149.27000427246094,154.4499969482422,149.25999450683594,154.30999755859375,269146500,0.04334012120781927,0.07070498741774522,0.1388191701741237,73.87046069782058,8.88371170579091,5.412698119640055,5.396573587438018,0.01612453220203669,142.10202883784052,133.10069750944558,125.20549638966726,0.08590988334645275,0.15934777537617997,0.23245386191630596,1.067627980144545,4.018122018747882,0.7407931814066553,151.07028046378306,134.15672148934195,1.1915455581942498,11.859717950000217,40.15256610504901,208588510.0,1.290322750759378,154.4499969482422,132.9199981689453,0.0009072606562337401,1.0,0.12863720055454145,-0.018274850042421235
2025-06-26,NVDA,155.97999572753906,156.72000122070312,154.0,155.02000427246094,198145700,0.00460117118203951,0.0655760848576652,0.1499147472729767,74.45227948804343,8.68681130581766,5.794562288148285,5.476171327580071,0.31839096056821337,143.33231221256625,133.96027816681874,125.50215815964532,0.08154261854480793,0.1572087367526714,0.23519791647938945,1.0699612913170842,3.9253991046018286,0.7344524440140384,152.8996687960064,134.34833382850533,1.1142955738855997,12.916598060214351,41.76859988387728,203294740.0,0.9746720451301396,156.72000122070312,132.9199981689453,0.010966306937098817,1.0,0.12404847889012245,-0.022771246819814298
2025-06-27,NVDA,156.0399932861328,158.7100067138672,155.25999450683594,157.75,263234500,0.01761060284026872,0.09662838586521727,0.13334289268661248,76.60897774700678,9.57904462559633,6.245486155835636,5.630034293231184,0.6154518626044512,144.70542533517897,134.89320843478663,125.82303220780805,0.09014571937856503,0.16944360528175287,0.25374501974695246,1.0727406295264668,3.908585057230716,0.7414239146607075,155.44098510803792,133.66301727233315,1.1060252687202738,15.065836277874652,43.45948587678009,197994370.0,1.3295049753182375,158.7100067138672,132.9199981689453,0.006085621007081974,1.0,0.1045958795562599,-0.03968300796726426
2025-06-30,NVDA,158.39999389648438,158.66000366210938,155.9600067138672,157.99000549316406,194580300,0.0015214294336867162,0.09585910730208802,0.16917042688021966,76.79444747820298,10.614019091059918,6.546746192300816,5.813376673045111,0.7333695192557048,145.97062344546327,135.798965182174,126.143101593732,0.08234110236702058,0.1634109676846262,0.252466472578111,1.0749023252838705,3.822257335160107,0.7363131404025943,157.17129694407743,134.2187054973288,1.0356695474228297,15.75386338202458,45.02959429876127,191064840.0,1.0183993036081365,158.7100067138672,135.39999389648438,0.00455725802689635,0.0,0.1029178678491753,-0.04114184299006967
2025-07-01,NVDA,156.2899932861328,157.1999969482422,151.49000549316406,153.3000030517578,213143600,-0.029685437548827576,0.03651121959513337,0.11588293494766821,65.81272890654907,5.724140035695044,6.334038092298954,5.91750895689588,0.41652913540307424,146.66865959844372,136.48528039274592,126.41331951868747,0.04521309100028352,0.12319806656531922,0.21268869163027962,1.0746115564725613,4.013524668362956,0.7840251339725085,157.75644731931922,135.22555493898156,0.8022073785479321,15.380393475824377,44.630562627531575,191838865.0,1.111055364094236,158.7100067138672,137.9499969482422,0.035290303681747424,1.0,0.13666012088185647,-0.002152653780073774
2025-07-02,NVDA,152.97999572753906,157.60000610351562,152.97000122070312,157.25,171224100,0.025766450551919284,0.01905257266490379,0.11351082453430017,69.73781467421213,10.762836266756777,6.410303148370389,6.016067795190781,0.39423535317960745,147.67640630335384,137.29958312244216,126.72015216029257,0.06482818709022627,0.14530573526771853,0.2409233836863529,1.075577965678575,4.057558969395067,0.8035218186141043,159.20615678701887,135.3788453492116,0.9179027481919343,16.17686661915556,44.3245613174084,189121130.0,0.9053673695794859,158.7100067138672,138.8300018310547,0.00928462139184215,1.0,0.10810810810810811,0.0005723137544713831
2025-07-03,NVDA,158.3699951171875,160.97999572753906,157.77000427246094,159.33999633789062,143716100,0.013290914708366408,0.027867319999791418,0.12274519724984834,71.59603470385412,10.125090641571484,6.56372643978662,6.1255995241099495,0.43812691567667095,148.78722440188116,138.16391305245975,127.04472772424877,0.0709252557027737,0.15326783106809036,0.25420392638204276,1.0768891899101523,4.034161594976781,0.8090243065432776,160.89756160941795,135.42944034370703,0.9388425531951445,17.18920051014429,44.54971071983028,187950895.0,0.764647063798233,160.97999572753906,138.8300018310547,0.010292452788631324,0.0,0.09652319088923673,-0.01255177636479213
2025-07-07,NVDA,158.1999969482422,159.30999755859375,157.33999633789062,158.24000549316406,140139000,-0.006903419543163314,0.003106215487569397,0.13036644963122868,69.18803689433872,9.79739859448041,6.521381014510212,6.204755822190003,0.3166251923202088,149.6874892677176,138.95121079523247,127.35512849806884,0.05713581186568059,0.13881703216214988,0.24250988051543845,1.077266534138416,3.8888643381927253,0.7900790491750285,161.95123527238917,136.20076668073585,0.855877194389074,17.273382987850447,44.589052486928566,183387950.0,0.7641668931900923,160.97999572753906,140.85000610351562,0.017315407856790994,1.0,0.11855405621586866,0.000947888595029496
2025-07-08,NVDA,159.3300018310547,160.22000122070312,158.38999938964844,160.0,138133000,0.011122310703610028,0.012722288986330321,0.1289867246813603,70.87586082633437,9.98075659807868,6.554285089103786,6.2746616755727604,0.2796234135310254,150.6696331469826,139.77665350914492,127.67995309012785,0.06192599436354441,0.14468329283281786,0.2531332924837271,1.0779313237537478,3.752516580288892,0.7721639762635497,163.23668650362413,136.74331532743054,0.8778303266089236,17.663424904647048,44.76447771484545,182595290.0,0.7564981550181278,160.97999572753906,140.85000610351562,0.0061249732971191025,1.0,0.12112503051757813,0.007250022888183594
2025-07-09,NVDA,161.22000122070312,164.4199981689453,161.16000366210938,162.8800048828125,183656400,0.018000030517578036,0.062491856753716046,0.14197573656845752,73.43978917612827,13.229056636676633,6.735115906413114,6.366752521740832,0.368363384672282,151.8325256932521,140.68266728850443,128.03020236169687,0.07276095249761956,0.15778303057608942,0.27219985502062655,1.0792553810618408,3.800193836621493,0.7918245585272279,164.92265128127056,137.08235054978414,0.9266298730692984,18.436979892843382,45.493593581291414,182522385.0,1.006213018748358,164.4199981689453,140.85000610351562,0.009454771856378469,1.0,0.10443267434252683,-0.00779717727399793
2025-07-10,NVDA,164.32000732421875,164.5,161.61000061035156,164.10000610351562,167704100,0.007490184087241891,0.043561247081180365,0.13989996145025474,74.46528870043468,13.823963506759135,6.897361049758132,6.472874227344293,0.42448682241383917,153.00085716089626,141.6009943008578,128.38910588151597,0.07254305072910401,0.1588902105789901,0.2781458752034243,1.0805069407621266,3.735179947551989,0.7879872383492607,166.64179304873255,137.377208721287,0.9131446079405566,19.251812654515106,46.180475856196985,183113495.0,0.9158478461677552,164.5,140.85000610351562,0.002437500801992982,1.0,0.1170018052048741,-0.012675208736693193
2025-07-11,NVDA,163.72000122070312,167.88999938964844,163.47000122070312,164.9199981689453,193633300,0.004996904539494196,0.03501946754926455,0.1546593576608617,75.15951036952927,11.507778887653835,7.011286257885985,6.580556633452631,0.4307296244333534,154.1360134473771,142.5154650407828,128.75259734706253,0.0699640822438284,0.15720773266080973,0.2809061841633415,1.0815388589811488,3.784095534794369,0.8072541902912055,168.13757690831574,138.09042449549287,0.8929156848155336,19.624039784135277,47.21132646554396,184410460.0,1.0500125643632146,167.88999938964844,140.85000610351562,0.018008739107919558,1.0,0.11144800562017883,-0.017584246475152145
2025-07-14,NVDA,165.3699951171875,165.49000549316406,162.02000427246094,164.07000732421875,136975800,-0.005153958611228138,0.03684278076763925,0.1315172918911638,72.94562196143285,6.32493676368505,6.9528376640149645,6.6550128395650985,0.297824824449866,155.0821081023144,143.3607412087607,129.10401436176062,0.05795574571358404,0.14445562948995405,0.27083583059222405,1.0817613441080365,3.7616602266449943,0.8112749467136294,169.32891007842397,138.8060920578065,0.8277058576094464,19.81132802765649,47.555412424429086,183141000.0,0.7479253689780005,167.88999938964844,140.85000610351562,0.02328269576950148,1.0,0.11720603930698112,0.003108395709571325
2025-07-15,NVDA,171.19000244140625,172.39999389648438,169.1999969482422,170.6999969482422,230627400,0.04040951623121414,0.06687498092651367,0.20236666535542325,78.31193372444686,10.114818890226786,7.356698050060743,6.795349881664228,0.5613481683965151,156.56952608764087,144.4328688848188,129.51790473575548,0.09025045431057639,0.181863922431469,0.31796447214388435,1.0840297454210346,4.087969251332182,0.8900870204918842,171.33796945884873,139.67003225013562,0.9798543079581763,20.364708968707088,48.61246403712456,185631340.0,1.2423947378713098,172.39999389648438,142.02999877929688,0.0099589746844438,0.0,0.07381374533554363,-0.03585234461980183
2025-07-16,NVDA,171.05999755859375,171.75,168.89999389648438,171.3699951171875,158831500,0.003925003989006859,0.05212420174276944,0.18439416839864653,78.77021218932475,8.633911326267828,7.642723014997529,6.964824508330888,0.677898506666641,157.9790945666453,145.48922677628423,129.9343434460185,0.08476375046505288,0.17788786781236673,0.3188968410679139,1.0858473721189363,3.9995433122024275,0.878900846593839,173.28651969595106,140.38948128061142,0.9417417290101745,20.97517075767468,49.4784667393087,184416230.0,0.8612663863695728,172.39999389648438,142.02999877929688,0.0060103799302353225,0.0,0.06961550023043558,-0.039621832757185
2025-07-17,NVDA,172.02000427246094,174.16000366210938,170.8300018310547,173.0,160841100,0.009511611888054494,0.054235183214254024,0.2003886057540416,79.88387305444033,9.500597496646959,7.909748969460168,7.153809400556744,0.7559395689034236,159.40965698886956,146.56808062819465,130.3628574415805,0.08525420145706276,0.18033885180536763,0.3270651119129247,1.0876150953579695,3.951718920691875,0.8755601322722703,175.07800474600484,141.4859967188389,0.9381399068396165,21.22288565454372,50.50517135604175,185502885.0,0.8670544396115457,174.16000366210938,142.02999877929688,0.006705223480400973,0.0,0.06289020163475434,-0.04867050964708273
2025-07-18,NVDA,173.63999938964844,174.25,171.25999450683594,172.41000366210938,146456400,-0.003410383456015187,0.04541599306526334,0.18511141548976906,78.28313377575287,12.4657535746425,7.981752514014119,7.319398023248219,0.6623544907658996,160.64778524346383,147.5814893746227,130.78123700596387,0.07321743278825585,0.16823596504343105,0.3183084027125912,1.0885361431451095,3.8830251044398882,0.867243170516114,176.42121754067765,142.8357847176231,0.8805668546925858,21.039747028559532,51.46675374501664,184751000.0,0.7927231787649323,174.25,142.02999877929688,0.01067221332177833,0.0,0.06652746927134305,-0.045415008785685045
2025-07-21,NVDA,172.75,173.3800048828125,171.0,171.3800048828125,123126100,-0.005974124223762978,0.044554136845672554,0.19137989302194436,75.44102215528625,8.985694679054054,7.865040260099505,7.428526470618476,0.4365137894810287,161.66990139959228,148.51476449259093,131.1852048455345,0.06006129402664837,0.15395937547584446,0.30639735696266585,1.0885779737250065,3.775666517180789,0.8504210621704194,176.88718300857187,145.1228191276586,0.8266240071293054,19.728805732857293,52.2448709929785,178759495.0,0.6887807553942799,174.25,142.02999877929688,0.016746382514984465,0.0,0.07293733016606777,-0.039677925417306234
2025-07-22,NVDA,171.33999633789062,171.38999938964844,164.5800018310547,167.02999877929688,193114300,-0.025382226511722283,-0.02149969674608776,0.15856281404375916,64.74933844142322,4.826159544461837,7.336959913189673,7.4102131591327165,-0.07325324594304305,162.18038686432607,149.24085211167744,131.54186946179087,0.029902579521084622,0.11919756833274871,0.2697858063193638,1.0867023644636178,3.9924044487102863,0.9052118710762427,176.20483437898622,148.09116781827942,0.6736521157822724,17.3382751376661,50.569870620879776,180699765.0,1.0687025519928042,174.25,145.5,0.0432257754503318,1.0,0.10447223298671957,0.005627746202933949
2025-07-23,NVDA,169.52999877929688,171.25999450683594,167.97000122070312,170.77999877929688,154082200,0.022451056860480545,-0.0034428216998382277,0.1546991604261072,68.84807088529698,7.924666867301479,7.1387549700188515,7.355921521309944,-0.21716655129109252,162.99939752289472,150.08552453001545,131.93229860922872,0.047733926472392316,0.13788454492253596,0.2944517800385723,1.0860434277943678,4.009375254340913,0.9143411948061806,176.2017166991467,150.38228598640018,0.7900140409690279,15.811815949605398,49.01451313250239,179025570.0,0.8606714672099633,174.25,149.25999450683594,0.020318545763590684,0.0,0.08022014899969068,0.0006441071035122734
2025-07-24,NVDA,172.44000244140625,173.8300018310547,171.3000030517578,173.74000549316406,128984600,0.01733227974601692,0.004277488399792251,0.1259154185858402,71.65014284572212,8.587503433227539,7.138238755592113,7.312384968166379,-0.1741462125742661,164.02231256768226,151.01315123445266,132.34829569265096,0.059246164581857275,0.15049586127387735,0.3127483401572143,1.0861458835001156,3.94084866844212,0.9045661304921911,177.24742942910024,151.27957404990366,0.8649320906667538,15.80865810372034,48.015665456045404,172017475.0,0.7498342828250444,174.25,151.49000549316406,0.0029353890336788362,0.0,0.06181644926215669,-0.016403856414219813
2025-07-25,NVDA,173.61000061035156,174.72000122070312,172.9600067138672,173.5,122316800,-0.001381406041071509,0.0063221177120720284,0.1192103936151292,71.09176675385731,6.520134331300078,7.037341126537115,7.257376199840526,-0.22003507330341154,164.92494946599822,151.89498844094473,132.75776538725145,0.05199365263876949,0.1422365002348642,0.3068915365809604,1.085782692100591,3.7850733711845352,0.8759625245085793,178.03823717666623,152.33676587509157,0.8234250046071027,15.558968483791835,47.23493581949753,168226030.0,0.7270979407883548,174.72000122070312,151.49000549316406,0.00703170732393728,0.0,0.06328527796852486,-0.015043231183582494
2025-07-28,NVDA,174.02000427246094,177.0,173.97000122070312,176.75,140023500,0.018731988472622474,0.031333848548198207,0.12044374009508707,74.04182610912221,7.708710192554567,7.13735191714602,7.233371343301625,-0.0960194261556051,166.0511447549508,152.86969477659397,133.19549906499023,0.06443108393403685,0.1562134683287286,0.3269967922396375,1.086226704368183,3.7647109875284968,0.878549949029127,179.44939076706993,152.8256122846879,0.8986097796428024,16.025146783753026,46.87062028332915,162065480.0,0.8639933686063189,177.0,151.49000549316406,0.0014144271570014065,0.0,0.04373406352214462,-0.033154176013304455
2025-07-29,NVDA,177.9600067138672,179.3800048828125,175.02000427246094,175.50999450683594,154077500,-0.007015589777448761,0.050769297668163293,0.11089302110588206,71.06212748249456,6.421293024174152,7.035452788770726,7.193787632395446,-0.1583348436247194,166.95198758846368,153.757549667976,133.6165388206305,0.05126028771497873,0.14147236923215809,0.31353495649549595,1.085813268675123,3.8072316748730013,0.8952227799390949,180.37124336194867,153.65575859117635,0.8180362850674859,15.996003086314193,46.87435920875924,160040340.0,0.9627416437630663,179.3800048828125,151.49000549316406,0.02205008544869966,0.0,0.05110820751779895,-0.026323259425591036
2025-07-30,NVDA,176.50999450683594,179.88999938964844,176.0399932861328,179.27000427246094,174312200,0.021423337036675427,0.04971311367753262,0.169406397284513,74.42329296980628,9.264336118548147,7.175384988141673,7.190107103544692,-0.014722115403019487,168.12513203455865,154.75803808383816,134.07080215845968,0.06628915084278632,0.158388969594869,0.3371293479737632,1.0863741497128436,3.8481440468686796,0.9108124076890466,181.1228262078222,155.50117586737315,0.9276853008786796,15.222711501555764,46.94887236226277,158098770.0,1.1025525372525036,179.88999938964844,152.97000122070312,0.003458443143924992,0.0,0.029062259892401153,-0.0584035308259961
2025-07-31,NVDA,182.89999389648438,183.3000030517578,175.92999267578125,177.8699951171875,221685400,-0.007809500317440987,0.023771091823672874,0.13112874478338643,71.1113065978861,4.200350496268211,7.091566066565576,7.170398896148869,-0.07883282958329296,169.05321423290425,155.66438934004796,134.50661502372068,0.052153879027324115,0.14265051802330575,0.322388457146284,1.0860108400490198,4.099705927519243,0.9750450463230858,181.73908389779535,156.94691768911872,0.8439390592963284,14.64020720815911,47.46034680699817,160621835.0,1.3801697633450645,183.3000030517578,157.33999633789062,0.03052795909165448,0.0,0.037161976678509734,-0.05099225453654526
2025-08-01,NVDA,174.08999633789062,176.5399932861328,170.88999938964844,173.72000122070312,204529000,-0.023331613034284993,0.001268018563130413,0.09024730270684067,62.26566114030125,1.3713054621426735,6.614026759439497,7.059124468806996,-0.4450977093674986,169.49767013650415,156.37245255105407,134.89679797095434,0.02491085028365588,0.11093737027616897,0.2877992942286727,1.083935612515662,4.3054409132349445,1.0271799459842066,181.69878056828273,158.4252215069126,0.6571740778219466,13.685337652956791,46.1837005471503,163662480.0,1.2496999923256693,183.3000030517578,157.33999633789062,0.055146222448408166,0.0,0.061938719958710274,-0.028321426055567922
2025-08-04,NVDA,175.16000366210938,180.1999969482422,174.52000427246094,180.0,148174600,0.036150119359707134,0.018387553041018467,0.13751259954156136,68.62572350564842,4.046242774566474,6.665481315914974,6.980395838228592,-0.31491452231361805,170.49789202826565,157.29902303924803,135.34558605084536,0.05573152757899789,0.14431734235938426,0.32992885288759227,1.0839094149092285,4.46076625711381,1.0674589065920344,182.21709221377765,160.08290931210124,0.8998340158466058,12.932622146075568,45.55485516898072,164064260.0,0.9031497780199051,183.3000030517578,158.38999938964844,0.0183333502875433,0.0,0.02488886515299479,-0.06222220526801215
2025-08-05,NVDA,179.6199951171875,180.25999450683594,175.89999389648438,178.25999450683594,156407600,-0.009666697184244843,0.01566862336089292,0.11412496566772456,65.33965070293425,3.393069265395658,6.491030956822385,6.882522861947351,-0.39149190512496546,171.23713988336758,158.12102192032992,135.77259509020845,0.04101244991741688,0.12736429566369115,0.31293059831697395,1.0829498684219558,4.453568710916506,1.0681330871816037,182.28024757310104,161.8457534034615,0.8032614346657931,11.876169839913542,44.979649085727196,164977990.0,0.9480513127842084,183.3000030517578,161.16000366210938,0.028273357456703903,0.0,0.034892861058988756,-0.053068505254079044
2025-08-06,NVDA,176.3300018310547,179.89999389648438,176.25,179.4199981689453,137192300,0.006507369560503795,0.0008366926586134138,0.1015471070131222,66.49161024742372,4.6913251587490965,6.372917366968579,6.780601762951597,-0.40768439598301764,172.01645972008927,158.95627589086388,136.20689760840483,0.04303970946096247,0.1287380580816531,0.3172607358312935,1.0821621150598115,4.396170509885639,1.0565803322499445,182.66834487599854,163.11165542917726,0.8339009925025316,11.311637127399555,44.44552915127749,162654785.0,0.8434568955349208,183.3000030517578,161.61000061035156,0.021625264309494595,0.0,0.02820197085181753,-0.05919069906124683
2025-08-07,NVDA,181.57000732421875,183.8800048828125,178.8000030517578,180.77000427246094,151878400,0.0075242788835858665,0.01630409419735357,0.10158438481976506,67.8315802451166,8.226070522409126,6.315445185261325,6.687570447413543,-0.37212526215221775,172.85013062983896,159.81171621955397,136.65031160506211,0.04581930955888287,0.13114362669201132,0.32286565723253075,1.0815860984333048,4.4450156042548565,1.0701450853086125,183.1999567326833,164.24704338938704,0.8717900295216703,10.909815503738654,44.53189564494596,161863500.0,0.9383116020597603,183.8800048828125,162.02000427246094,0.017204185079644503,0.0,0.020523269167413063,-0.06621674469101438
2025-08-08,NVDA,181.5500030517578,183.3000030517578,180.39999389648438,182.6999969482422,123396700,0.010676509543432466,0.05169235358299584,0.10780984099383084,69.69722329300004,6.979738994113599,6.35240576706002,6.620537511342839,-0.26813174428281883,173.78821313635353,160.70929585597312,137.10851742937237,0.05127956408008208,0.13683527748125338,0.3325211327031865,1.0813824565076846,4.334658000756184,1.0450761703264821,183.9536518371188,165.27134816288122,0.932896129367313,10.69929339207535,44.6120931033524,158351670.0,0.7792573327455278,183.8800048828125,162.02000427246094,0.006458718961580471,0.0,0.009742741155059449,-0.07608097497900977
2025-08-11,NVDA,182.0500030517578,183.83999633789062,180.25,182.05999755859375,138323200,-0.0035030071173440813,0.011444430881076384,0.10964825642279008,68.28299356582896,4.788760102667917,6.257917316963869,6.548013472467045,-0.2900961555031758,174.57600212894783,161.54657827568374,137.55579583861834,0.042869554454099235,0.1269814532865138,0.32353563474844643,1.0806542855462278,4.281467881980072,1.0354493167523355,184.0492668597084,166.9747321637291,0.8834949627304871,9.728414435184678,44.76463828507236,158419040.0,0.8731475711505384,183.8800048828125,164.5800018310547,0.009996744746923296,0.0,0.013292311333611142,-0.08151157056406395
2025-08-12,NVDA,182.9600067138672,184.47999572753906,179.4600067138672,183.16000366210938,145485700,0.006041997793400977,0.027487991171712522,0.07299359658246019,69.43110602441715,5.567725453665346,6.20032238207537,6.4784752543887105,-0.2781528723133402,175.39352608448704,162.39416358495535,138.00956905079238,0.04428029785934735,0.12787306894986036,0.32715437720626256,1.0800482124022277,4.33421939138663,1.0518426349180747,184.98936238012172,167.2806373147025,0.8966973222942723,10.054063690215184,44.584330043917475,154161955.0,0.9437198691467036,184.47999572753906,164.5800018310547,0.007206770250260425,0.0,0.0071522031688228856,-0.08702774690271414
2025-08-13,NVDA,182.6199951171875,183.97000122070312,179.35000610351562,181.58999633789062,179871700,-0.008571780371412707,0.012094516726624871,0.059637051478669934,65.77160441636954,2.738328904039957,5.95929645130397,6.374639493771763,-0.41534304246779286,175.9836661086207,163.14694133997241,138.4432051432013,0.031857105566885716,0.11304566819604475,0.3116569798428122,1.078681982409327,4.354631943229549,1.0596103214437602,185.52099821478816,167.77100160210637,0.778535063263676,10.048343365760521,44.37031979776452,155213965.0,1.1588628639182048,184.47999572753906,164.5800018310547,0.01591497025128467,0.0,0.01585993138880612,-0.07913428827020166
2025-08-14,NVDA,179.75,183.02000427246094,179.4600067138672,182.02000427246094,129554000,0.0023680155473442266,0.0069148640286358365,0.05213875302000548,66.29558373159898,3.709196039756837,5.736848888342763,6.2470813726859635,-0.5102324843432005,176.55855545755787,163.88706145497198,138.87680513453722,0.03093279054503755,0.11064291870576295,0.31065806198614904,1.0773184526593413,4.297872344326992,1.048778565031052,186.10084994762883,168.0931502965118,0.7733832885804071,10.168269162495468,44.17159599776535,153649610.0,0.8431781896485127,184.47999572753906,164.5800018310547,0.013514951089638561,0.0,0.01346004225214088,-0.09861551767339435
2025-08-15,NVDA,181.8800048828125,181.89999389648438,178.0399932861328,180.4499969482422,156602200,-0.00862546581346435,-0.012315271141670636,0.04663298599476673,62.531687499424564,0.658220922440463,5.371946664850384,6.072054431118849,-0.7001077662684647,176.92916893286116,164.536588337061,139.2904687346736,0.01989964705433646,0.09671653443173207,0.29549421857407,1.0753180840872445,4.2751679616127864,1.045592452683687,186.34647553604285,168.65152403671104,0.6667705708024506,9.969042935806952,43.337461385444385,154156900.0,1.0158624103105343,184.47999572753906,164.5800018310547,0.02233304986119098,0.0,0.02227766328870585,-0.09077301136625483
2025-08-18,NVDA,180.60000610351562,182.94000244140625,180.58999633789062,182.00999450683594,132008000,0.008645040648247893,-0.0002746515018584583,0.06202584502954167,64.67759143396809,2.327542308032813,5.149280093684638,5.887499563632007,-0.738219469947369,177.41305708276352,165.22181995156197,139.7155386428543,0.025910930681544576,0.10160991181549539,0.3027183395262561,1.0737870889860346,4.147656356723592,1.0174914042208312,186.61707339784044,169.44392513731583,0.7317277635345025,9.64618328386168,42.79541322364532,154600995.0,0.8538625511433481,184.47999572753906,164.5800018310547,0.013570690045871867,0.0,0.01351577818862466,-0.09856594540990109
2025-08-19,NVDA,182.42999267578125,182.5,175.49000549316406,175.63999938964844,185229200,-0.0349980512578294,-0.04105702185032556,0.05154763020580688,51.6655110869914,1.1052257399572802,4.407997214121764,5.5915990937299584,-1.1836018796081946,177.24419444532398,165.63037600795752,140.07299596371791,-0.009050762202371583,0.06043350032128137,0.25391763188347116,1.0701188919404943,4.352109081731617,1.0692689111869915,185.52701868132195,171.39497991486948,0.3003826655822693,7.918838750222814,40.32409987885446,154206740.0,1.2011744752531568,184.47999572753906,167.97000122070312,0.050330200231209814,0.0,0.050273296867109275,-0.06587333241650865
2025-08-20,NVDA,175.1699981689453,176.0,168.8000030517578,175.39999389648438,215142700,-0.0013664626167051441,-0.034087794296158824,0.02705231965224475,51.24717092634882,-2.5555589463975696,3.757840705446881,5.224847416073343,-1.4670067106264622,177.06855629781546,166.01349827809585,140.42450838095937,-0.009423256371530393,0.05654055673632497,0.24906966681798406,1.0665913201901196,4.555529643625229,1.1192860258036639,184.99989754672438,172.38410056118576,0.23905690134009813,7.060079383705004,38.58040716150435,157259765.0,1.3680721194006618,184.47999572753906,168.8000030517578,0.0517674010662359,0.0,0.051710419839419076,-0.06459513663924202
2025-08-21,NVDA,174.85000610351562,176.89999389648438,173.80999755859375,174.97999572753906,140040900,-0.002394516439910399,-0.03867711449112965,0.007137044981984753,50.47691939642959,-1.8400083475662248,3.1721303024900465,4.814303993356685,-1.6421736908666382,176.86964576731296,166.3651256290544,140.76834407595024,-0.01068385720780988,0.051782908622888,0.24303512182490408,1.063141359095172,4.450848693215614,1.0934745901501204,184.88796574288548,172.6200313884622,0.19236851705405206,6.863026535272762,36.7023396384151,157812580.0,0.8873874313441932,184.47999572753906,168.8000030517578,0.054291920402103414,0.0,0.05423480240530425,-0.062349918103256956
2025-08-22,NVDA,172.61000061035156,178.58999633789062,171.1999969482422,177.99000549316406,172789400,0.017202022168933517,-0.013632538080805334,0.025878994196911087,55.624584636440524,-0.7970085221128704,2.917205491704891,4.434884293026326,-1.517678801321435,176.97634669358447,166.8210032707842,141.13870886617127,0.0057276512851439036,0.06695201445497999,0.2610998564676909,1.0608756884546189,4.660788028675102,1.1432498837431704,184.63710191310284,173.31989576756123,0.4126557089748348,6.32322106782098,35.51588645366231,160336210.0,1.0776692301757662,184.47999572753906,168.8000030517578,0.03646266663340386,0.0,0.036406514565717765,-0.07820662812148702
2025-08-25,NVDA,178.35000610351562,181.91000366210938,176.57000732421875,179.80999755859375,163012800,0.010225248661501984,-0.012087231551229816,0.017312574588932206,58.43770574904271,-0.5310652714375346,2.8294181210476097,4.113791058630583,-1.2843729375829733,177.24621820453774,167.33037559579634,141.52349780838443,0.014464508072592317,0.07458073238861987,0.27053104497210073,1.059259071005094,4.709302907904781,1.1525812341489583,184.705652420126,173.55734501639745,0.5608611527975181,6.223532702789823,33.48220530389165,161485675.0,1.0094567211611805,184.47999572753906,168.8000030517578,0.02597184935405774,0.0,0.02591626564363221,-0.0875367913246642
2025-08-26,NVDA,180.05999755859375,182.38999938964844,178.80999755859375,181.77000427246094,168688200,0.010900432347920486,0.0349009616494782,0.035667540092032546,61.28417968993991,-0.5090271983117282,2.884748572823497,3.867982561469166,-0.9832339886456687,177.67705497291138,167.89663554390083,141.9239605592708,0.023035891157547308,0.08263041533630067,0.2807562835490996,1.0582526230935232,4.628638545272631,1.1307293339476623,184.87115526995652,174.0178431431294,0.7142668559369832,6.048283549965394,31.466597478174922,162216210.0,1.039897307426921,184.47999572753906,168.8000030517578,0.0149089035120229,0.0,0.014853919154862729,-0.09737578551030394
2025-08-27,NVDA,181.97999572753906,182.49000549316406,179.10000610351562,181.60000610351562,235518900,-0.0009352377452249705,0.035347847336245186,0.012997165033328484,60.894634277626395,-0.25265926686068557,2.8816629067739257,3.670718630530118,-0.7890557237561922,178.05066936630226,168.43402262467004,142.31874708209912,0.019934419510163837,0.0781670073164727,0.27600902781104536,1.0570944432233886,4.540164319870903,1.1075177383691652,185.06712854153264,174.05487005465878,0.6851579135969542,6.132878815511609,29.567002591639458,165276545.0,1.4249989313365667,184.47999572753906,168.8000030517578,0.015858973167554687,0.0,0.01580393733881014,-0.09653082703810277
2025-08-28,NVDA,180.82000732421875,184.47000122070312,176.41000366210938,180.1699981689453,281787800,-0.007874492767115715,0.02966054730900547,0.012930809663779907,57.579100333799005,-1.6324554670134077,2.7323311917919284,3.48304114278248,-0.7507099509905517,178.25251020464924,168.89425695973966,142.69537644614735,0.010757144244951276,0.06676213515000363,0.2626197334217095,1.055408948849808,4.791580979779677,1.1646027564961772,185.1318986434858,174.2201002578814,0.545271979998588,6.073041707832224,28.46383685064179,168281665.0,1.6745009029949876,184.47999572753906,168.8000030517578,0.023921838277160018,0.0,0.0006105378890464048,-0.08935999893628022
2025-08-29,NVDA,178.11000061035156,178.14999389648438,173.14999389648438,174.17999267578125,243257900,-0.033246409247044806,-0.021405768300451822,0.0026478900060202815,46.22558554634479,-4.080623278565044,2.106360535963404,3.207705021418665,-1.101344485455261,177.8646513923761,169.10154071330993,143.0086562096263,-0.020716082075613346,0.03003196742648937,0.21796817963566387,1.0518215898098873,4.950754072114052,1.1973853091273405,185.05727814937717,174.34071989749782,-0.01499802622622646,5.963615996815667,28.130288954005486,170218110.0,1.4290952942668673,184.47999572753906,168.8000030517578,0.05913424896583953,0.0,0.059536174141879235,-0.05804332171710004
2025-09-02,NVDA,170.0,172.3800048828125,167.22000122070312,170.77999877929688,231164900,-0.019520002522982804,-0.05021967021802731,-0.05122222900390627,41.25326230561164,-6.175148461341203,1.3206989929484223,2.8303038157246165,-1.5096048227761942,177.18992257208285,169.16736259825058,143.2849879764887,-0.03617544214557862,0.009532785498796714,0.19189038008168424,1.0474238047494049,5.094271028040057,1.2250705851752517,185.85257859528915,172.62341932951554,-0.1393452534045722,7.380778262620864,28.804387047393693,174367625.0,1.3257329163025533,184.47999572753906,167.22000122070312,0.08022014899969021,0.0,0.08063007595085094,-0.039290265271342516
2025-09-03,NVDA,171.05999755859375,172.41000366210938,168.8800048828125,170.6199951171875,164424900,-0.0009368993046788843,-0.061341304358228044,-0.042858743549189615,41.029590838128065,-5.447493487004154,0.6773376743159929,2.399710587442892,-1.722372913126899,176.56421519542613,169.22432857938537,143.55697809729168,-0.03366605215931988,0.008247434334758755,0.18851760031863057,1.0433737080102905,4.9825372959869725,1.1915723349955933,186.4607124868833,171.25128549895655,-0.04150651975713267,8.50372762086041,29.420669183897044,174768490.0,0.9408154753754524,184.47999572753906,167.22000122070312,0.08123315559135945,0.0,0.08164346696295893,-0.03838933290597037
2025-09-04,NVDA,170.57000732421875,171.86000061035156,169.41000366210938,171.66000366210938,141670100,0.006095466971544283,-0.05473569442360182,-0.04325044357390406,43.18584767001074,-5.686495883245487,0.24852435789614447,1.9694733415335426,-1.7209489836373981,176.09714743034834,169.31984524929612,143.836610192464,-0.02519713597288091,0.013820934039762048,0.19343749433760585,1.0400266263595546,4.801641556862345,1.1429631267081117,186.6851972647001,170.25080127045618,0.08574713619817628,9.208595413009437,29.99293116779301,174992380.0,0.8095786799402351,184.47999572753906,167.22000122070312,0.07468246412637924,0.0,0.07509028961120578,-0.04421528705562978
2025-09-05,NVDA,168.02999877929688,169.02999877929688,164.07000732421875,167.02000427246094,224441400,-0.027030171796929903,-0.07298659060957324,-0.07606350431499498,36.732531966858595,-4.907763121807167,-0.46041507901895784,1.4834956574230427,-1.9439107364420005,175.23265760578764,169.2296554070673,144.06729073057343,-0.04686713906834797,-0.01305711536959183,0.1593193946071508,1.0354725191886707,5.0008097555072215,1.1848293241452492,187.3085205940157,168.25247794114057,-0.06467626522097852,10.718859903860327,31.278708136995505,178620530.0,1.2565263354665894,184.47999572753906,164.07000732421875,0.10453832480207227,1.0,0.10495748012735086,-0.0016764385830101583
2025-09-08,NVDA,167.5500030517578,170.9600067138672,167.35000610351562,168.30999755859375,163769100,0.007723585517507514,-0.03370074270306067,-0.07876299742755355,39.4418994718622,-4.042187334439088,-0.9076996169786469,1.0052566025427048,-1.9129562195213516,174.573356648912,169.19359039340165,144.30851169403633,-0.03587809280034979,-0.005222377708005381,0.1663206527654123,1.0317965133490017,4.925037804500009,1.1613756176877448,187.1511062653519,166.97089233083952,0.06635733556144724,11.397322964690519,31.820929765714485,180639150.0,0.9066091154658334,184.47999572753906,164.07000732421875,0.09607271346620962,0.0,0.09648865622204308,-0.009327978659634441
2025-09-09,NVDA,169.08999633789062,170.97999572753906,166.74000549316406,170.75999450683594,157548400,0.014556455253879275,-0.00011713474999375251,-0.062067467885805305,44.31895414556955,-2.4117049512757327,-1.0523507136174715,0.5937351393106696,-1.646085852928141,174.2101793020476,169.2550180056932,144.57171052799453,-0.019804725585120257,0.008891768875603548,0.1811439034870532,1.02927630362006,4.876105835205366,1.1446140361569994,186.6683092801418,166.32368901087384,0.218057915913204,11.526958326401129,32.414165409970444,181600410.0,0.8675553100348177,184.47999572753906,164.07000732421875,0.08034669513973193,0.0,0.09715397124831571,-0.01376195198127912
2025-09-10,NVDA,176.63999938964844,179.2899932861328,175.47000122070312,177.3300018310547,226852000,0.0384750968351415,0.039327200245542926,-0.03183010326757685,54.825573945448504,-0.3708093947638669,-0.6295855957914682,0.3490709922902421,-0.9786565880817103,174.50730525719115,169.5716840380603,144.89766367528867,0.01617523443905913,0.04575243701214277,0.22382926910709683,1.029106399733708,5.13709818835476,1.1984811158485862,185.9201217884029,166.48887631950728,0.5579223178926558,11.027667042114302,30.646190431861566,185668725.0,1.2218105122443212,184.47000122070312,164.07000732421875,0.04026391087758966,0.0,0.06095977808026314,-0.05030168655523698
2025-09-11,NVDA,179.67999267578125,180.27999877929688,176.47999572753906,177.1699981689453,151159300,-0.00090229324117308,0.03209830123085422,-0.024340537794388606,54.555586472438186,-1.4682161311904554,-0.30394842414972345,0.21846710900224897,-0.5224155331519724,174.76089505831058,169.86965714123227,145.21878143144446,0.013785138316159908,0.04297613329285398,0.22002124258689165,1.0287940648105898,5.041591392883549,1.1705842261142174,185.39538964578128,166.57160864523433,0.5630319181573049,10.696332947092355,28.78251827693141,184233105.0,0.8204784910942037,184.47000122070312,164.07000732421875,0.04120338165154042,0.0,0.0783428629353873,-0.049444006306770996
2025-09-12,NVDA,177.77000427246094,178.60000610351562,176.4499969482422,177.82000732421875,124911000,0.003668844397986648,0.0646629312387017,-0.023074370122282417,55.51401098310292,-2.1730741351149496,0.006496795923567333,0.17607304638651267,-0.16957625046294533,175.0522390836352,170.18143557978078,145.54317173883524,0.01581109876155988,0.04488487077579607,0.2217681200688776,1.0286212387811828,4.835049804482827,1.1185896695937436,184.81750044106522,166.7294981551262,0.6131417385829235,10.290517261230272,27.05838131165559,184000955.0,0.6788606070006539,184.47000122070312,164.07000732421875,0.037397332260589895,0.0,0.07440105265217342,-0.05291870022787785
2025-09-15,NVDA,175.6699981689453,178.85000610351562,174.50999450683594,177.75,147061600,-0.00039369767931174415,0.056086997672968986,-0.014962576857325272,55.378545813701926,-2.1200473425761035,0.24406444053423115,0.18967132521605637,0.054393115318174784,175.30916869471753,170.47824202763252,145.86363769168267,0.01392300997977413,0.04265505020393613,0.21860391536180174,1.0283374969710266,4.7996899324968885,1.1064898562067262,184.47752891038044,166.79946999098672,0.6194418775808013,10.065025022806818,25.876337411611537,183523925.0,0.8013211356502974,184.47000122070312,164.07000732421875,0.0378059140405237,0.0,0.07482420844870781,-0.052545689664644867
2025-09-16,NVDA,177.0,177.5,174.3800048828125,174.8800048828125,140737800,-0.016146245385021074,0.024127491851211325,-0.0391736159508298,49.99269914332584,-2.936112193980481,0.19846609644463342,0.1914302794617718,0.007035816982861626,175.26829595072658,170.65086017881606,146.1523577632362,-0.002215409614202221,0.024782440003905733,0.19655958726382156,1.0270577937144363,4.6975688742605035,1.078924564467175,183.62561712397758,166.93838281498728,0.47591002324133774,9.520221307319428,24.806970792962513,183960415.0,0.7650439362185609,184.47000122070312,164.07000732421875,0.05483758045590661,0.0,0.09246339042465641,-0.03699680375145625
2025-09-17,NVDA,172.63999938964844,173.1999969482422,168.41000366210938,170.2899932861328,211843800,-0.026246634655319623,-0.03970004213742129,-0.030460066739392944,42.820087786278975,-2.2333215944550444,-0.20567559505806798,0.11200910455780386,-0.31768469961587187,174.79417188743196,170.63670853596574,146.39253324107597,-0.02576847129777202,-0.0020318913369091686,0.1632423424608882,1.0243644136548082,4.824171184720691,1.1025745950330026,183.63355500674774,166.39544432186554,0.2259266711683657,9.849532877530965,24.95537663390032,185291145.0,1.1433023418361412,184.47000122070312,164.07000732421875,0.08326976624365717,1.0,0.12190974563456951,0.015679215062555305
2025-09-18,NVDA,173.97999572753906,177.10000610351562,172.9600067138672,176.24000549316406,191763300,0.03494046885675561,-0.005249154401945844,0.004789119874060166,52.361589524693734,3.197099632799088,-0.04532209359410899,0.0805428649274213,-0.1258649585215303,174.9318703260731,170.85644567154213,146.6895230147286,0.007477969364030664,0.0315092579648494,0.20144916876898022,1.0238529172166242,4.966017015625129,1.1289774101349594,183.69083348695338,166.4221670013279,0.5685348373604054,9.864624542100369,24.07773062885683,184122175.0,1.0415002972890148,184.47000122070312,164.07000732421875,0.0466976592772419,1.0,0.10814796280367253,-0.01764639419778157
2025-09-19,NVDA,175.77000427246094,178.0800018310547,175.17999267578125,176.6699981689453,237182100,0.0024398131092768782,-0.006467265256471566,0.009658260845072597,52.972327075762294,3.545893344799634,0.11512889272739812,0.08746007048741668,0.027668822239981447,175.09740631110856,171.0844281224207,146.98783620034268,0.00898124016207645,0.03264803294971881,0.20193617877431702,1.0234561276717442,4.818445025600008,1.0900593200967792,183.80371668315675,166.4782840492651,0.5882516376383807,9.892276849889539,23.025950957259692,188979235.0,1.2550696376773882,184.47000122070312,164.07000732421875,0.04415012810663422,1.0,0.10726211096759483,-0.020037319991069457
2025-09-22,NVDA,175.3000030517578,184.5500030517578,174.7100067138672,183.61000061035156,269637000,0.03928229191902566,0.03296765462926343,0.031574779165919775,61.54204934624064,6.961433469245532,0.7931447731458547,0.2285970110191043,0.5645477621267505,175.90812957770314,171.57562704351602,147.35223584621343,0.04378348545424257,0.07014034437294081,0.24606185685556134,1.0252512702931125,5.177127262192195,1.163867066741887,184.7733763588109,166.0706238853297,0.9377965489246086,10.661577487696293,22.064659973272455,193821615.0,1.391160629839969,184.5500030517578,164.07000732421875,0.005119560145316232,0.0,0.06541035056321894,-0.05707747776647097
2025-09-23,NVDA,181.97000122070312,182.4199981689453,176.2100067138672,178.42999267578125,192559600,-0.028212014146021813,0.02029956366565533,-0.0076747950700728484,53.67928174217939,6.831510065529106,0.9020951032157427,0.363296629458432,0.5387984737573107,176.14830701561533,171.84442569576174,147.6614672574529,0.012953208003092747,0.038322843195849395,0.20837206882606787,1.025045219258216,5.3359034503559215,1.1911305176981792,184.59355683767836,166.112442918181,0.6664939035198186,10.539377103535626,21.172032630998594,195298955.0,0.9859735296586712,184.5500030517578,164.07000732421875,0.03429922449807517,0.0,0.09634031915610504,-0.029703457997665047
2025-09-24,NVDA,179.77000427246094,179.77999877929688,175.39999389648438,176.97000122070312,143564100,-0.008182432970958109,0.039227248798736625,-0.026407014022857833,51.675311975737934,5.145269911310271,0.8607082075295978,0.46277894507266515,0.3979292624569326,176.22656360657606,172.04542865752416,147.95309446106734,0.004218646717680842,0.02862367574428181,0.19612233772691492,1.024302505342202,5.267624981245676,1.1697281758843756,183.91327484729172,166.3127246033919,0.605508150008261,10.050967244867955,20.151366694862563,194042750.0,0.7398580982798894,184.5500030517578,164.07000732421875,0.04283212848940121,1.0,0.10538505830276604,-0.02169857213879816
2025-09-25,NVDA,174.47999572753906,180.25999450683594,173.1300048828125,177.69000244140625,191586700,0.004068493053832389,0.008227399586062889,-0.02153085644656083,52.61480751045895,4.058332254334248,0.8759099312785565,0.5454051423138435,0.330504788964713,176.36593873370273,172.26678449218622,148.24898409271253,0.007507479716379532,0.031481506810536596,0.19859170387489186,1.023795383733429,5.400651027158374,1.1918515130437706,183.29627625398015,166.5387228304925,0.665447952281861,9.580261247355242,18.746130864215754,191846140.0,0.9986476663017562,184.5500030517578,164.07000732421875,0.03860656489446348,1.0,0.10090602976773391,-0.01553272400080652
2025-09-26,NVDA,178.1699981689453,179.77000427246094,174.92999267578125,178.19000244140625,148573700,0.0028138893192084513,0.00860363552507315,-0.010989597311770072,53.2938873521366,0.4849718612031029,0.9177242740302347,0.6198689686571218,0.2978553053731129,176.53965908681738,172.49906754901838,148.54690467329655,0.00934828674262516,0.03299110524623949,0.19955378964849124,1.0234238456775993,5.360605353552754,1.175702920325946,182.9909413760087,166.64605813571004,0.7062726686988118,9.349630195388304,17.441269021472287,185185435.0,0.802296897701485,184.5500030517578,164.07000732421875,0.03569224155795648,0.0,0.09781689453375875,-0.005050839794277376
2025-09-29,NVDA,180.42999267578125,184.0,180.32000732421875,181.85000610351562,193063500,0.02053989343938012,-0.00958550460751273,0.04403498536144346,58.03481699124616,2.64153523900111,1.2319925067927784,0.7422936762842531,0.48969883050852525,177.045406421741,172.86577102174377,148.87827881688082,0.027137669250392883,0.05197231949777802,0.22146768184490875,1.0241785020556238,5.392704796769968,1.1749622911742252,183.92022209339436,166.48377876109785,0.881270741376242,9.952194204276289,17.091112477355015,182675715.0,1.056864619361145,184.5500030517578,164.07000732421875,0.014847384424640802,0.0,0.0757216857382644,-0.02507568140958482
2025-09-30,NVDA,182.0800018310547,187.35000610351562,181.47999572753906,186.5800018310547,236981000,0.026010423804146532,0.04567622871611343,0.09251670666760292,63.2294390419939,4.926326704544479,1.8414958525295901,0.9621341115333206,0.8793617409962695,177.95346312738994,173.40358399465794,149.25342033940993,0.04847637439620548,0.07598699826644069,0.25008861711016034,1.026238668359191,5.426798052427583,1.1739440368758647,185.76399891844733,166.22000224122064,1.0417521004574357,11.105048304943317,17.387558437319566,182966520.0,1.2952151027412009,187.35000610351562,164.07000732421875,0.004126938926488812,0.0,0.04845103010728013,-0.04979101968995495
2025-10-01,NVDA,185.24000549316406,188.13999938964844,183.89999389648438,187.24000549316406,173844900,0.003537376222704669,0.0580324586179608,0.09740951149694599,63.90091627512975,5.3389623027645925,2.3506911209243526,1.2398455134115272,1.1108456075128255,178.83789573365414,173.94618875930524,149.63139631108908,0.04698170779208487,0.07642488075581702,0.25134169772689335,1.0281219554693244,5.342027155337332,1.1488975675747874,187.4183556679148,166.2276465293508,0.9915835674217168,11.984136117418174,17.80147779219435,183437520.0,0.9477063361955613,188.13999938964844,164.07000732421875,0.004806632504169778,0.0,0.04475533741815332,-0.05597100341203921
2025-10-02,NVDA,189.60000610351562,191.0500030517578,188.05999755859375,188.88999938964844,136805800,0.008812186755381202,0.06303110357565234,0.10037280298242379,65.59254207486558,8.011204320484818,2.8544682247033677,1.5627700556698954,1.2916981690334723,179.79523893898693,174.5322205487305,150.0220291775424,0.050583989344388285,0.08226434520672979,0.2590817523612334,1.0301549958724436,5.232596469855648,1.119472447203675,189.2207044185064,166.14829735151312,0.9856666438010689,12.98504199976609,18.67450675612438,183194305.0,0.7467797647967277,191.0500030517578,164.07000732421875,0.011435246276080703,0.0,0.03562917967751277,-0.06421729536771469
2025-10-03,NVDA,189.19000244140625,190.36000061035156,185.3800048828125,187.6199951171875,137596900,-0.0067235125023275,0.05292099751153034,0.1233384643621589,63.139979560687166,10.176758772863208,3.1153249512318837,1.873281034782293,1.2420439164495907,180.54045381310127,175.04546661023863,150.3961382913697,0.039213047018343404,0.07183578501320236,0.2475054030556421,1.0313917710025413,5.214553559690178,1.109565200793626,189.9322055074283,167.49679534706388,0.8969392414173163,12.553771577979923,18.731392824305697,178852080.0,0.7693335185142941,191.0500030517578,166.74000549316406,0.018281675854579946,0.0,0.04263937857477929,-0.05788295966838931
2025-10-06,NVDA,185.5,187.22999572753906,183.3300018310547,185.5399932861328,157678100,-0.011086248188821868,0.020291377832105884,0.10237060173172896,59.2335786382512,5.276888052145161,3.1182715287842484,2.1222791335826843,0.9959923952015641,181.01660042958045,175.45701667595998,150.7458283908201,0.024988828901977088,0.05746693293431727,0.23081345113647825,1.0316863004908323,5.1485135401503666,1.089193198283665,190.0895588073067,169.0624416199394,0.7836334158109329,11.709313695790929,18.249424093005324,178547530.0,0.8831155491201699,191.0500030517578,166.74000549316406,0.029697154063855334,0.0,0.05432791956346407,-0.047321327460418144
2025-10-07,NVDA,186.22999572753906,189.05999755859375,184.0,185.0399932861328,140088000,-0.002694836790410604,-0.008253877852977709,0.08362613749513326,58.29982861561728,4.737643744798974,3.0451582031767543,2.306854947501498,0.7383032556752562,181.39978070163306,175.83281968028047,151.08706386241525,0.020067348319936302,0.052363225605969586,0.22472426530596937,1.0316605343159146,5.14219097003918,1.0815520692044216,190.2359733772813,170.34402692789445,0.7387897607522136,11.033305470381817,18.15912132712103,177674510.0,0.7884529975627905,191.0500030517578,168.41000366210938,0.032479517853913405,0.0,0.09787073750239243,-0.044747076738666264
2025-10-08,NVDA,186.57000732421875,189.60000610351562,186.5399932861328,189.11000061035156,130168900,0.02199528465138445,0.009987155855193386,0.06642981253967317,63.36269067275624,2.995479539086675,3.277845974468363,2.501053152894871,0.7767928215734918,182.13408735960624,176.35349344224406,151.4654015414992,0.03830097568157032,0.0723348708274112,0.24853596059386582,1.0327784485837492,5.1006068162780105,1.0670004985663841,191.43081809965972,170.32718208344576,0.8900276005743718,11.667267071098497,18.180444171758477,172840355.0,0.7531163656774484,191.0500030517578,168.41000366210938,0.010258592539500247,0.0,0.12204537970791655,-0.06530593867937202
2025-10-09,NVDA,192.22999572753906,195.3000030517578,191.05999755859375,192.57000732421875,182997200,0.018296265150970603,0.01948228040902822,0.08692221772553355,67.02769124605626,7.924684878584742,3.6988087698974255,2.7406042762953824,0.9582044936020431,183.12798449909315,176.9894351631058,151.87440259406358,0.051559693899062765,0.08803108584845458,0.2679556530597711,1.0346831398740228,5.178420789501456,1.0772827101527165,193.2055507017994,170.0924503968334,0.9725028936319673,12.72404485302464,19.17755195467375,174432250.0,1.0491018719302194,195.3000030517578,168.41000366210938,0.014176640305895175,0.0,0.10188499958954912,-0.08210007901575465
2025-10-10,NVDA,193.50999450683594,195.6199951171875,182.0500030517578,183.16000366210938,268774400,-0.04886536482426518,-0.02377140801166966,0.030030345956258087,51.839425429973346,3.497769338706487,3.235815696177582,2.8396465602718224,0.39616913590575953,183.13103394318995,177.23141824149812,152.18570210717849,0.00015819120492932846,0.033451097324814306,0.20352964257520517,1.0332876403079498,5.777818737782044,1.193643210968866,193.35248077216508,170.4795199602568,0.554387506109431,12.573363951418926,18.00643322810431,181625420.0,1.479828098952228,195.6199951171875,168.41000366210938,0.06802790568875533,1.0,0.1584952948180267,-0.03494217638846563
2025-10-13,NVDA,187.97000122070312,190.11000061035156,185.9600067138672,188.32000732421875,153482800,0.028172109406748413,0.014983368215383708,0.05946558269602664,57.52335902336541,5.9823314405759955,3.247820666210032,2.9212813814594645,0.3265392847505675,183.62522188424032,177.66626487219307,152.54524743272117,0.025567214524255602,0.05996491489079007,0.2345190066132707,1.0335401716039503,5.861545752814911,1.2032043847367464,194.03790328477126,170.8510981800725,0.7533987138489471,12.708963554185255,16.918965839146974,181946480.0,0.8435601502156018,195.6199951171875,168.41000366210938,0.03876373995887107,0.0,0.12675230559062176,-0.06138494247974759
2025-10-14,NVDA,184.77000427246094,184.8000030517578,179.6999969482422,180.02999877929688,205641400,-0.04402085929536681,-0.02707519827396898,0.02944872914393737,47.76910443102717,1.0326035763401857,2.55890284523079,2.8488056742137298,-0.28990282898293973,183.28281968376953,177.75896031953047,152.8187275456224,-0.017747549443450045,0.012775943646858003,0.17806241205319978,1.0310749981565408,6.058578940183601,1.2355447646870117,193.83139406814408,171.57260678634813,0.3799574471815681,12.183110874398793,16.6265151040759,185191660.0,1.1104247351095615,195.6199951171875,168.41000366210938,0.08659665857690024,1.0,0.17863691540394389,-0.0181636632485329
2025-10-15,NVDA,184.8000030517578,184.8699951171875,177.2899932861328,179.8300018310547,214450500,-0.0011109090129327592,-0.04907196208209896,0.056022132368588995,47.559576991602974,-1.1108079211782251,1.9740369571937606,2.673851930809736,-0.6998149736159753,182.9539798882729,177.8401776337079,153.08749644398492,-0.01707521235190378,0.011188833838465693,0.1746877178624104,1.028755044684541,6.167252003817249,1.2489770306425054,192.8635956377954,173.49440607118896,0.32709658491796895,10.573913754444114,16.72373515304293,185321995.0,1.1571778082790443,195.6199951171875,172.9600067138672,0.0878051110791123,1.0,0.17994772997195924,-0.017071719362506246
2025-10-16,NVDA,182.22999572753906,183.27999877929688,179.77000427246094,181.80999755859375,179723300,0.011010374839450998,-0.05587583401556928,0.031604584043466444,49.90238358302131,-2.556546374557388,1.6512609268009726,2.469333730007983,-0.8180728032070106,182.84502919020824,177.9958568464485,153.37329247497607,-0.0056607042378919075,0.02142825557695742,0.18540845426694577,1.0272431753731321,5.977447896890013,1.2028345296249396,192.6349745481997,174.28002636732765,0.4102420294007254,10.00501376889619,16.81401091279803,184719995.0,0.9729498964094276,195.6199951171875,173.1300048828125,0.07595840572047192,1.0,0.16709754848889224,-0.02777626708965934
2025-10-17,NVDA,180.17999267578125,184.10000610351562,179.75,183.22000122070312,173135200,0.007755369237354204,0.0003275691056681129,0.037074789832137744,51.56196084455839,-2.1469793604592176,1.4920348597748898,2.2738739559613643,-0.7818390961864745,182.88074081216013,178.20072525328203,153.67027465155047,0.0018550909572892435,0.028166417169666506,0.1922930549591122,1.0262626066881895,5.861202054506128,1.1727583269792676,192.42179683315445,175.1482043875487,0.467291147372637,9.398804248573057,16.705375012591624,181517650.0,0.953820193242916,195.6199951171875,173.1300048828125,0.06767816730634951,1.0,0.1581159318179812,-0.035258195998403
2025-10-20,NVDA,183.1300048828125,185.1999969482422,181.72999572753906,182.63999938964844,128544700,-0.0031656032485013474,-0.03016146831808153,-0.005282943290009667,50.81623921348532,-3.3088040765500226,1.3040138935617733,2.0799019434814463,-0.775888049919673,182.8578130576352,178.37481443510032,153.95853061909375,-0.0011911641309968015,0.02391136309268557,0.18629346912588332,1.0251324641134523,5.690401994948771,1.1324393180824563,192.38756525428903,175.0854358443438,0.43662623058190086,9.416816668553665,16.341487400964063,174463035.0,0.7368019248318132,195.6199951171875,173.1300048828125,0.071068746008081,1.0,0.16179370975968493,-0.03219450778834028
2025-10-21,NVDA,182.7899932861328,182.7899932861328,179.8000030517578,181.16000366210938,124240200,-0.008103349389427028,0.006276758820610739,0.015300179893459553,48.87383541587532,-3.4431252655364437,1.0237811253169014,1.8686777798485374,-0.8448966545316361,182.696116924728,178.48403754204185,154.22919204240733,-0.008408023599382213,0.014992747569581345,0.1746155268212576,1.0235991937469084,5.497515440622073,1.088783422982698,192.2671808089647,175.47882138830093,0.3384000861225204,9.130410294254233,16.362905053088195,171047065.0,0.7263509607721126,195.6199951171875,173.1300048828125,0.07981889579803775,1.0,0.171285041687085,-0.02428797232462037
2025-10-22,NVDA,181.13999938964844,183.44000244140625,176.75999450683594,180.27999877929688,162249600,-0.00485761131057294,0.0025023463474407315,0.018703721171735577,47.70616360871345,-2.8349653428757926,0.7223586965779702,1.6394139631944242,-0.917055266616454,182.46601043468692,178.55446739448323,154.48840404973956,-0.011980377332645798,0.009663893656614013,0.16694841847970163,1.0219067217823279,5.581979190189805,1.1000744912823899,192.00118543856271,176.07581651456226,0.2639927705786876,8.653281155571118,16.907002466917405,171981340.0,0.9434139773535897,195.6199951171875,173.1300048828125,0.08508984048014186,1.0,0.1770024621598449,-0.007599262960194942
2025-10-23,NVDA,180.4199981689453,183.02999877929688,179.7899932861328,182.16000366210938,111363700,0.010428249919804289,0.0019251202255960997,0.025156177383570677,50.43083751383222,-1.5564146825113772,0.6279414146100066,1.4371194534775409,-0.8091780388675343,182.43686693253667,178.69586097360582,154.76374334936514,-0.0015175840008789375,0.019385690690481114,0.17701988669852395,1.0209350453812829,5.414695354687966,1.062666750675347,191.73525992740966,176.78874214778565,0.35936541163093844,8.11155729095455,17.412235779758813,167970190.0,0.6629968091361925,195.6199951171875,174.92999267578125,0.07389103636627686,1.0,0.16485506244828504,-0.01784145770016815
2025-10-24,NVDA,183.83999633789062,187.47000122070312,183.5,186.25999450683594,131296700,0.02250763483915863,0.016592038346680882,0.0452886915924664,55.83524899563201,-1.5070626060585082,0.8738765298598423,1.3244708687540012,-0.4505943388941589,182.80097432056516,178.9924936611835,155.07713888327035,0.018922329047354632,0.04060226603361997,0.2010796423516515,1.0212773205260204,5.407216940681237,1.056598308069425,191.63851382779106,177.69248745394722,0.6143332031091893,7.55204752671457,16.73212694868967,167106340.0,0.7857074722598796,195.6199951171875,176.75999450683594,0.050252340203993676,1.0,0.13921404863790357,-0.03946092054918862
2025-10-27,NVDA,189.99000549316406,192.0,188.42999267578125,191.49000549316406,153452700,0.028079089125798262,0.04845601255524978,0.053010717987883815,61.58837521568738,-0.5608359505519217,1.473810883681665,1.3543388717395342,0.11947201194213086,183.62850109890792,179.4825921643984,155.43945596396583,0.042812005474148346,0.06690015551907853,0.23192663217732368,1.0230992258609182,5.430987551572867,1.056471062525686,192.59216235018158,177.70283887052153,0.925976700115143,8.041871173295002,15.935089940269716,165125800.0,0.9293078368129026,195.6199951171875,176.75999450683594,0.021567651081251086,1.0,0.10809962062997147,-0.06569534424867818
2025-10-28,NVDA,193.0500030517578,203.14999389648438,191.91000366210938,201.02999877929688,297986200,0.049819797443545255,0.1096820198472066,0.07744665455264843,69.41488862394998,9.756494190813502,2.688074461396752,1.6210859896709777,1.0669884717257745,185.2857865922783,180.32758850223755,155.89309320590945,0.08497258465736315,0.11480445365575515,0.28953755836872525,1.0274955048820953,5.875916183840542,1.1353873065842082,196.0373650115846,175.70263590394273,1.2455225118212185,10.940296474719515,16.87152890498562,168176060.0,1.7718705028527841,203.14999389648438,176.75999450683594,0.010545665473116531,0.0,0.05551412092660616,-0.11003330473812614
2025-10-29,NVDA,207.97999572753906,212.19000244140625,204.77999877929688,207.0399932861328,308829600,0.029896008274039154,0.14843573712021252,0.1057465670374147,73.12934000916658,9.940518921967243,4.088217003326889,2.1145121924021604,1.9737048109247288,187.3576158012168,181.37513378788051,156.40201758481714,0.10505245490420075,0.1415015331057861,0.3237680464950157,1.032984025364424,6.253351003716888,1.199504726149375,200.59729373360065,173.12270596122355,1.2344966776538733,14.70330075715111,18.64489395380027,174925295.0,1.765494235696444,212.19000244140625,176.75999450683594,0.024874465428309844,0.0,0.020768948952848615,-0.1358674195141965
2025-10-30,NVDA,205.14999389648438,206.16000366210938,201.41000366210938,202.88999938964844,178864400,-0.020044407027916655,0.11380102827617078,0.0741172113147206,67.07197463016556,12.697884111178709,4.807551766620094,2.653120107245747,2.154431659374347,188.83689042868647,182.2188540075577,156.8645845679498,0.07441929873479353,0.11344130932375018,0.2934085787972191,1.0363191638822031,6.208825190881641,1.183457639132023,202.96523404725593,172.1547656475683,0.9975581462562816,16.426993188714672,19.615384595994605,177028225.0,1.0103722160689348,212.19000244140625,176.75999450683594,0.04583766119441498,0.0,0.04164816882873583,-0.11819210310847157
2025-10-31,NVDA,206.4499969482422,207.97000122070312,202.07000732421875,202.49000549316406,179802200,-0.0019714815796129104,0.0871363226939883,0.07925600022902013,66.50022509230816,12.6007915427804,5.284437874134596,3.1793836606235173,2.105054213511079,190.13718710149385,183.0138011246403,157.3185688557629,0.06496792437071398,0.10641932055856,0.28713353398743535,1.0389226710394435,6.186765812710408,1.1715003720893855,205.0274461475204,171.57955458490144,0.9241375005774007,17.76275613441588,20.696651345088746,179138490.0,1.0037050105758958,212.19000244140625,176.75999450683594,0.047903583807101066,0.0,0.04370581561876313,-0.1459825769938099
2025-11-03,NVDA,208.0800018310547,211.33999633789062,205.55999755859375,206.8800048828125,180267300,0.02168007936469052,0.08036972660799169,0.11501569671704104,69.56650847172725,13.7891247240896,5.948044458123491,3.733115820123512,2.2149286379999786,191.73174117590514,183.9497306837843,157.81171747294746,0.07900759474671143,0.12465511155569979,0.310929303575168,1.042305093153397,6.3769961721401325,1.199724021723435,207.8806687270633,170.86033316502656,0.9729698872509155,19.549156482711368,22.024225139967275,180267950.0,0.9999963942564388,212.19000244140625,176.75999450683594,0.02566704095739741,0.0,-0.014066142659643455,-0.1641048501824151
2025-11-04,NVDA,203.0,203.97000122070312,197.92999267578125,198.69000244140625,188919300,-0.03958817792007252,-0.011640035577275332,0.073767886135653,58.76060857922599,8.443401985391471,5.746846635915716,4.135861983281953,1.6109846526337632,192.39443272500048,184.52778055663222,158.21846657711126,0.032722203170007125,0.076748454037941,0.2557952730793914,1.0426312620497429,6.560783031775212,1.2257611549505716,208.87806570882378,171.2279370987934,0.7294016343757368,19.810330977112304,21.816742662081133,182709515.0,1.0339872009402467,212.19000244140625,176.75999450683594,0.06794503917720313,0.0,0.021289424105707028,-0.14666062223358134
2025-11-05,NVDA,198.77000427246094,202.9199981689453,194.64999389648438,195.2100067138672,171350300,-0.017514699706973502,-0.05713865415324071,0.03225639090385424,54.861144203133236,6.882395623207162,5.2461153879900735,4.357912664223577,0.8882027237664962,192.66258262870207,184.94669138632773,158.58654160334763,0.013222204594207495,0.05549337082273495,0.2309367789993236,1.0417195419098138,6.682870263252764,1.239059992539796,209.30930868232082,171.40669473564793,0.6280124112735165,19.911227059746963,21.08966509316507,184768585.0,0.9273778873178035,212.19000244140625,176.75999450683594,0.08698322393087016,0.0,0.024230293350033762,-0.13144819824590764
2025-11-06,NVDA,196.4199981689453,197.6199951171875,186.3800048828125,188.0800018310547,223029800,-0.03652479195527836,-0.07299520727067121,-0.02331622434642433,47.85411734508945,3.8198266885952092,4.225244472177366,4.331379025814336,-0.10613455363697,192.22614636225947,185.06956630572878,158.88000886929498,-0.021569097699077583,0.016266507699881607,0.1837864509800055,1.0386696754057727,7.0083788326186385,1.287626929095609,209.08105265934594,171.1859502093064,0.44581094995115,19.930786612652184,19.913807557714872,186770215.0,1.1941400827749757,212.19000244140625,176.75999450683594,0.12819013385595646,0.0,0.06305827570655259,-0.0985218981225962
2025-11-07,NVDA,184.89999389648438,188.32000732421875,178.91000366210938,188.14999389648438,264942300,0.000372139859359244,-0.07081836736462432,0.027243885862660466,47.924432121673156,4.365428872019319,3.382849310054411,4.141673082662351,-0.7588237726079399,191.837941365519,185.19036738771922,159.17125250140631,-0.019224286096814137,0.01598153592172961,0.18206014553301228,1.0358958949732047,7.179923463296548,1.3076681124842684,209.08651996237094,171.6794819297189,0.4403051626912726,19.648307804147553,19.667577676855647,186578610.0,1.4200036113464454,212.19000244140625,176.75999450683594,0.1277704455209708,0.0,0.06266281651546828,-0.09885724925911947
2025-11-10,NVDA,195.11000061035156,199.94000244140625,193.7899932861328,199.0500030517578,198897100,0.0579325512031128,-0.03784803579973817,0.05697746022846051,57.52907162969664,9.272067989731646,3.553818510976413,4.024102168325164,-0.47028365734875077,192.52480438325603,185.73388251179918,159.5680559894695,0.033892768723515466,0.07169462221903762,0.24743014394368265,1.0365626442500302,7.509215254841215,1.355013632861001,209.96792565613373,171.87107580871003,0.7134166565450492,19.954404710505354,18.518701356717262,188849325.0,1.053205247093152,212.19000244140625,176.75999450683594,0.06601356035262985,0.0,-0.015322798316987405,-0.14820396657984117
2025-11-11,NVDA,195.16000366210938,195.4199981689453,191.3000030517578,193.16000366210938,176483300,-0.02959055161690649,-0.027832295089571413,0.07293231667967115,51.95297203718055,3.70450411186939,3.177411882200005,3.854764111100132,-0.6773522289001273,192.58529955267062,186.02510294906625,159.90230422501816,0.0029841535712936142,0.03835450484871724,0.20798761842912547,1.0352651147592673,7.5264141652097,1.3463000428185996,209.9718222931068,173.1801796600182,0.5430533287503257,19.204724206342373,17.222688765952622,187391420.0,0.9417896507748327,212.19000244140625,176.75999450683594,0.09851935399931729,0.0,0.014702817788606845,-0.12223027626180846
2025-11-12,NVDA,195.72000122070312,195.88999938964844,191.1300048828125,193.8000030517578,154935300,0.003313312163567561,-0.007223009136904102,0.07768448578356546,52.49181300417769,1.2063280026780374,2.8973506641596884,3.6632814217120435,-0.7659307575523551,192.70098560020276,186.33000099230904,160.23959476060762,0.005703226935409584,0.04009017345390915,0.2094389238894923,1.03419194211326,7.328812761040146,1.3000413671213267,209.87706251114466,174.67193956405063,0.5433318189643217,18.309824109339367,16.021002158316456,184415660.0,0.8401417753785118,212.19000244140625,176.75999450683594,0.0948916362232304,0.0,0.011351893259024554,-0.1251289969976089
2025-11-13,NVDA,191.0500030517578,191.44000244140625,183.85000610351562,186.86000061035156,207423100,-0.03581012555274732,-0.0064866078733825105,0.0277762670896593,46.413251453985865,-7.048698331089387,2.0912928123730694,3.3488836998442486,-1.2575908874711792,192.144701315455,186.35078529105581,160.50447442080406,-0.027503754560617356,0.0027325633133255495,0.16420430822663237,1.0310914494690688,7.516040202983149,1.3205364240405297,209.6605163427947,175.39348603757642,0.33462236063768236,17.798558172818566,15.665073829012972,185800650.0,1.1163744583240156,212.19000244140625,176.75999450683594,0.13555604060964205,0.0,0.04891362174780013,-0.09263618485525586
2025-11-14,NVDA,182.86000061035156,191.00999450683594,180.5800018310547,190.1699981689453,186591900,0.01771378330184148,0.010736137858034178,0.03793252320673424,49.421592898911825,-8.148181831648767,1.6999789979850561,3.0191027594724105,-1.3191237614873543,191.95663434912072,186.5005583450907,160.7996537615816,-0.009307498989203763,0.019675221653035813,0.1826517888583957,1.0292550116334418,7.72417966532587,1.3442416682833538,209.5136524543893,176.23534962080603,0.4187307453094312,17.253863343551163,15.666439108195025,186473485.0,1.0006350232581325,212.19000244140625,176.75999450683594,0.11579115782973531,0.0,0.030656790698790282,-0.10842927546788364
2025-11-17,NVDA,185.97000122070312,189.0,184.32000732421875,186.60000610351562,173628900,-0.018772635535591387,-0.06254708242835283,0.021682034204450584,46.39623524957982,-8.028977936388095,1.08923542880936,2.6331292933398007,-1.5438938645304408,191.4464792781107,186.5044582571858,161.05637368538194,-0.02531502899854674,0.0005123086451802832,0.15860056844463746,1.0264981387957437,7.590309035283062,1.3088026658243528,209.30916962383952,176.83583312274249,0.3006827764816615,16.819244724194206,15.667706867435502,188727695.0,0.9199969299683335,212.19000244140625,176.75999450683594,0.13713823955447535,0.0,0.05037509961960968,-0.09137193190818756
2025-11-18,NVDA,183.3800048828125,184.8000030517578,179.64999389648438,181.36000061035156,213598900,-0.028081486183109683,-0.06108926707414697,0.0011039795992453527,42.30288294836938,-10.435085342286603,0.18031355688017925,2.1425661460478764,-1.9622525891676972,190.48586226213362,186.30271482005506,161.25839982393887,-0.04790834103595376,-0.026530553859494255,0.12465459664959713,1.022453496966579,7.54457354755079,1.2890539199646083,209.29003065523347,176.8749717861728,0.1383625074474136,16.788190884273142,16.14837565199406,193195630.0,1.1056093763611528,212.19000244140625,176.75999450683594,0.16999339285012563,0.0,0.08072341938894338,-0.06511908645152302
2025-11-19,NVDA,184.7899932861328,187.86000061035156,182.8300018310547,186.52000427246094,247246400,0.028451718376399482,-0.03756449259370043,0.034612855199778636,47.2392796147383,-9.841454045732702,-0.12223535043887068,1.689605846750527,-1.8118411971893977,190.1081615012124,186.31123597505137,161.50975907218287,-0.018874293457035868,0.0011205351964790654,0.15485284198275714,1.020379476880656,7.469961151297162,1.2662117948059406,208.82586867951954,177.96313431120313,0.27725573045926416,15.958434252101355,16.129668757788824,197445470.0,1.2522262475811676,212.19000244140625,178.91000366210938,0.13762597888131867,0.0,0.05082562465359514,-0.09098220476080425
2025-11-20,NVDA,195.9499969482422,196.0,179.85000610351562,180.63999938964844,343504800,-0.03152479491810023,-0.033286959222874724,-0.008344335978826667,42.75067573022912,-9.084504922224642,-0.8269423157657627,1.186296214247269,-2.013238530013032,189.20643177630154,186.08883454032969,161.70010972210792,-0.04527558765434116,-0.02928082796660394,0.11712972675213282,1.016753274013843,8.089963490239105,1.357279924901488,208.98364301497168,177.6533595485049,0.09532757162379875,16.206562361461035,15.017724066713471,209052525.0,1.6431506866515964,212.19000244140625,178.91000366210938,0.17465679339215948,0.0,0.04074402477424569,-0.06139280544376561
2025-11-21,NVDA,181.24000549316406,184.55999755859375,172.92999267578125,178.8800048828125,346926200,-0.009743105141622355,-0.05936789922090069,-0.039621979177888234,41.4801977509552,-8.365350786033577,-1.510037735689508,0.6470294242599137,-2.1570671599494218,188.2229625483502,185.8061353380741,161.8710539525627,-0.04963771443740647,-0.03727611277560608,0.10507716182063204,1.0130072519181226,8.342823589708633,1.383419948099546,209.58024306867887,176.31876053239537,0.07700331299493873,17.23843919051306,14.752212969266235,219834000.0,1.5781280420681059,212.19000244140625,172.92999267578125,0.186214203093384,0.0,0.05098387113284222,-0.05215788001105511
2025-11-24,NVDA,179.49000549316406,183.5,176.47999572753906,182.5500030517578,256618300,0.02051653660983299,-0.021704195708927787,-0.046686522455217094,45.141276532973144,-2.940237518853423,-1.7352546610622142,0.17057260719548817,-1.9058272682577022,187.68268069153189,185.67844387586564,162.0768146401169,-0.027347636025137127,-0.016848702298470967,0.12631781083000937,1.0107941275994599,8.248336495619512,1.3522855929193114,209.73578945655123,175.26921390038234,0.21124202314530036,17.904481892779632,14.505666950208086,224992280.0,1.140564911827197,212.19000244140625,172.92999267578125,0.16236646888055403,0.0,0.029854817075499952,-0.07121336501053989
2025-11-25,NVDA,174.91000366210938,178.16000366210938,169.5500030517578,177.82000732421875,320600300,-0.02591068555719489,-0.019519151269404844,-0.1154553628613384,41.53468674839021,-5.490293333705307,-2.269253282726993,-0.31739257078900807,-1.951860711937985,186.7433784660735,185.37026989344812,162.2334633235408,-0.04778413679324028,-0.040730709264054414,0.09607477817072635,1.0074073829283068,8.58774103164669,1.3901969705711288,209.235315307588,173.44868890383776,0.12214949716307705,18.702964330841898,14.982806130101588,226122985.0,1.4178138502815183,212.19000244140625,169.5500030517578,0.1932853093101081,0.0,0.057248859838477544,-0.04223377267065353
2025-11-26,NVDA,181.6300048828125,182.91000366210938,178.24000549316406,180.25999450683594,183852000,0.013721668440651813,-0.03356213608316583,-0.1293469843881151,44.01937625082332,-9.439843384496719,-2.4671249827657675,-0.74733905318436,-1.7197859295814075,186.1259133270985,185.16986693711038,162.41283179302633,-0.0315158631885595,-0.026515504447286613,0.10988763952193967,1.0051630775881684,8.337902124949828,1.334570363828994,206.98168783609273,173.02431649740336,0.21308121695475873,17.872018310999174,14.76791268074277,219874105.0,0.8361694070340844,211.33999633789062,169.5500030517578,0.1724176344068172,0.0,0.04293801025757016,-0.055198032017386184
2025-11-28,NVDA,179.00999450683594,179.2899932861328,176.5,177.0,121332800,-0.018084958427713183,-0.020150572419992074,-0.12760608934660655,41.48275601315114,-8.366123087457442,-2.854093825418232,-1.1686900076311346,-1.6854038177870976,185.2567787245177,184.84947999840017,162.55797774533454,-0.04456937436440972,-0.04246417138132097,0.08884228541087312,1.0022034074757475,8.010908723655978,1.2698538653041709,205.50652350810856,171.9104808864227,0.15149162569201144,17.803142004999,14.75141579840052,216997525.0,0.5591437045192106,211.33999633789062,169.5500030517578,0.19401127874514368,0.0,0.062146892655367235,-0.037796623962747175
2025-12-01,NVDA,174.75999450683594,180.3000030517578,173.67999267578125,179.9199981689453,188131000,0.016497164796301256,0.005813915796872404,-0.11146232758130226,44.564186586355156,-7.162025110549452,-2.8918149299688594,-1.5133149920986795,-1.3784999378701799,184.74851390970127,184.65616698548035,162.73073416746004,-0.02613561342699594,-0.025648581868957694,0.10563010171020518,1.0005001020313997,7.911558841678877,1.2419268586879815,203.53434486502408,171.6256587970853,0.25993985945394366,17.01070783477099,15.031279943191933,217413965.0,0.8653124007006634,211.33999633789062,169.5500030517578,0.17463316189811032,0.0,0.04490885901114531,-0.05341263177052586
2025-12-02,NVDA,181.75999450683594,185.66000366210938,180.0,181.4600067138672,182632200,0.008559407295434696,-0.005970946697719803,-0.12287315143551214,46.17403715580343,-2.8898607935599188,-2.7655636615180015,-1.763764725982544,-1.0017989355354575,184.43532274819324,184.53082736698573,162.91709508831983,-0.01613202932058841,-0.016641233862846307,0.11381808407211566,0.9994824462657205,7.7564478882135335,1.2077975689434408,199.7653068784184,172.85269696679646,0.3198244159647167,14.445147380909379,14.527736734103357,217532210.0,0.8395639431971936,203.97000122070312,169.5500030517578,0.12404934241146812,0.0,0.04337041125319254,-0.061446096895913724
2025-12-03,NVDA,181.0800018310547,182.4499969482422,179.11000061035156,179.58999633789062,165138000,-0.01030535824307155,0.009953823758676705,-0.09612967873986622,44.484718579459724,-5.5634442514194635,-2.784307071937576,-1.9678731951735504,-0.8164338767640256,183.9738630900692,184.33706928741339,163.08299460324093,-0.023828747619613243,-0.025752134217351726,0.10121841197979539,0.9980296627327904,7.440987063190469,1.1511288376331799,197.8357968878417,172.87220634702157,0.2691035161742544,13.46806128973933,14.164336972329417,216343145.0,0.7633151491811769,202.9199981689453,169.5500030517578,0.12990702325735445,0.0,0.05423467727477801,-0.05167325000573511
2025-12-04,NVDA,181.6199951171875,184.52000427246094,179.9600067138672,183.3800048828125,167364900,0.021103672933937556,0.017308390497361437,-0.060601410912273224,48.58999331228406,-1.7256168892710766,-2.4649252209969177,-2.0672836003382242,-0.39764162065869346,183.91730516556854,184.29953734997807,163.2849549045302,-0.0029214232030658396,-0.004989336817592784,0.12306737010786695,0.9979260274338905,7.261631411146172,1.116494112198828,196.41354822000335,173.1114548317545,0.4406707105652746,12.61191702634803,13.528404742327824,216143875.0,0.7743217336137792,199.94000244140625,169.5500030517578,0.09030427046381742,0.0,0.05076888052513265,-0.07127280497440837
2025-12-05,NVDA,183.88999938964844,184.66000366210938,180.91000366210938,182.41000366210938,143971100,-0.0052895691726204674,0.030564992441295846,-0.03014673603650042,47.61941515612439,0.5789606573798617,-2.2639859739514065,-2.1066240750608607,-0.15736189889054586,183.77375264142955,184.2254379896695,163.47525389714292,-0.007420803894564049,-0.009854417214966358,0.11582639765698058,0.9975481922954296,7.010800596064302,1.0726174019675105,196.06913051495252,172.88887271991075,0.4107430998560846,12.565255444688747,12.917043940315997,212190940.0,0.6784978661200144,199.94000244140625,169.5500030517578,0.09610217875862118,0.0,0.056356551575642885,-0.06633411468994486
2025-12-08,NVDA,182.63999938964844,188.0,182.39999389648438,185.5500030517578,204378100,0.01721396484079274,0.03129171265067443,-0.013818713415196915,51.02946324888164,-0.5200521115612813,-1.8302702481864799,-2.0513533096859846,0.22108306149950474,183.9429193471751,184.27738171759452,163.69490314246246,0.008736860925586874,0.006906009420698076,0.13351118140969168,0.9981850058466047,6.910029560882253,1.0522113167847027,195.82931828552307,172.86868586486753,0.5523069641357998,12.454980586925002,12.138167092603766,209162730.0,0.9771248443735651,199.94000244140625,169.5500030517578,0.07755321559134858,0.0,0.038480190095479476,-0.0821342238884953
2025-12-09,NVDA,185.55999755859375,185.72000122070312,183.32000732421875,184.97000122070312,144719700,-0.0031258519079242486,0.019343074930944004,-0.07073600409538072,50.37707282994197,2.397033794112611,-1.5158746518657722,-1.9442575781219422,0.42838292625617,184.04073666846347,184.30454326673603,163.90659566065392,0.00504923295277642,0.0036106432439052777,0.12850859036605192,0.9985686375734549,6.587884156282405,0.9995191296608943,192.95459047179045,174.3354134954947,0.5711631474767881,10.138678850597953,11.41492430544241,206453860.0,0.7009784171630407,196.0,169.5500030517578,0.059631284567793263,0.0,0.041736504134482585,-0.0792561148584159
2025-12-10,NVDA,184.97000122070312,185.47999572753906,182.0399932861328,183.77999877929688,162785400,-0.006433488855235314,0.023330934499953715,-0.04856080298704457,48.993108984394645,2.7392630605608765,-1.3472073605942967,-1.8248475346164132,0.47764017402211656,184.01590448854284,184.2839728946796,164.10434096531705,-0.0012819854343658428,-0.002734769103717752,0.11989724158569393,0.9985453514924439,6.36303546236268,0.9626700213900421,191.4031024646275,174.9489010143764,0.5367077698435323,8.98272770122526,10.66503929524737,205768965.0,0.7911076386081837,196.0,169.5500030517578,0.06649255251861315,0.0,0.04978775686832324,-0.0732941631851863
2025-12-11,NVDA,180.27999877929688,181.32000732421875,176.6199951171875,180.92999267578125,182136600,-0.015507705530775517,-0.013360301787519901,-0.06640872122452646,45.75136654043908,-0.8874337709636992,-1.4270587462251285,-1.7452897769381563,0.31823103071302783,183.7220081254227,184.15244425864438,164.27176038532167,-0.015196956957575716,-0.017498826017954664,0.10140654882729289,0.9976626097201396,6.419961762344586,0.9681247876229397,189.20062278804755,175.8643796533587,0.3798380826791021,7.3062293265591,10.788146988582067,207129030.0,0.8793388353143932,196.0,169.5500030517578,0.08329192469058168,0.0,0.07019296258851414,-0.05869670893215628
2025-12-12,NVDA,181.11000061035156,182.82000732421875,174.6199951171875,175.02000427246094,204274900,-0.032664503634346365,-0.04051312560322862,-0.06336292571559976,39.86129661072062,-1.5746276776676622,-1.9448096617708188,-1.785193753904689,-0.1596159078661299,182.89324585371205,183.79430935722544,164.37870808569124,-0.04304829051778386,-0.04773980824243358,0.06473646319949346,0.9950974352434216,6.547108222679348,0.983399633738686,189.0541546136621,174.82684819395507,0.01357643343073809,7.819757728451108,11.177726220883523,206971620.0,0.9869705807975026,196.0,169.5500030517578,0.1198719872893987,1.0,0.1063307059539354,-0.02691124785104521
2025-12-15,NVDA,177.94000244140625,178.4199981689453,175.02999877929688,176.2899932861328,164775600,0.007256250615185866,-0.0499057376088643,-0.07298735350715857,41.60117349991444,-2.202375092468214,-2.2269822279963876,-1.873551448723029,-0.35343077927335864,182.26436465679973,183.5000224524767,164.49722833644194,-0.0327786036613164,-0.03929170727055978,0.07168974862951105,0.9932661708747311,6.322314342236851,0.9464850617767474,187.68996619260597,174.80303612672995,0.1153849017416689,7.110167635469749,11.539478365163449,205880805.0,0.8003446460198171,196.0,169.5500030517578,0.11180445552502888,0.0,0.09836072526553141,-0.03392135660152332
2025-12-16,NVDA,176.25999450683594,178.49000549316406,174.89999389648438,177.72000122070312,148588100,0.00811167955658898,-0.03919554496488009,-0.047588449047993864,43.58049744385121,0.4067803506797316,-2.308604178515111,-1.9605619946814454,-0.3480421838336656,181.83156813907624,183.27335495319147,164.62879821588731,-0.022611953251309512,-0.030300933454874873,0.07951951995451291,0.9921331346038574,6.127149860411339,0.9145879958503546,186.92499502256007,174.6800068084946,0.2482643804194579,6.772576790730593,11.895164239832795,204628765.0,0.726134959569345,196.0,169.5500030517578,0.10285842141423124,0.0,0.08952286491575813,-0.041694821129936846
2025-12-17,NVDA,176.10000610351562,176.1300048828125,170.30999755859375,170.94000244140625,222775500,-0.038149891586355955,-0.06986612484044197,-0.057454775771271005,37.151226024352425,-4.991104834887128,-2.887098724096006,-2.145869340564358,-0.7412293835316484,180.79427616786958,182.78969407037636,164.69159626788255,-0.05450545191659426,-0.06482691318695331,0.03794004257120802,0.9890835316911275,6.218782274818341,0.9252918901847764,187.75082390281196,172.81217811134817,-0.1253243229725495,8.286288780609336,12.891125450637627,205087595.0,1.0862456112959928,196.0,169.5500030517578,0.14660113022511226,1.0,0.13273664512309685,0.005148033638961381
2025-12-18,NVDA,174.52999877929688,176.14999389648438,171.82000732421875,174.13999938964844,176096000,0.018720000599854014,-0.03752829028352522,-0.06637360389895919,41.53520666786572,-4.033950762363416,-3.0521633696446884,-2.3271281463804243,-0.7250352232642641,180.16053552232472,182.45049035740664,164.78561022929318,-0.033417618987540205,-0.04554929368223968,0.056767026849849966,0.987448897338686,6.146725787694039,0.91173235602737,187.01219212630087,172.31280939957804,0.12430385847078076,8.181664322995443,13.811242983605956,201530075.0,0.8737951395095744,196.0,169.5500030517578,0.12553118575266792,1.0,0.1119214744543213,0.012633495784731028
2025-12-19,NVDA,176.6699981689453,181.4499969482422,176.33999633789062,180.99000549316406,324925900,0.03933620149032113,0.0341103935262701,0.0019375891535553524,49.63424162066203,0.7795585410221749,-2.600265800268261,-2.381755677157992,-0.21851012311026885,180.23953266240466,182.39321644116183,164.9468479931128,0.004163752644460446,-0.007693328597285948,0.09726258910216351,0.9881920839997199,6.22981662847259,0.9211838636526829,187.04057788944212,172.31942424678837,0.5889878916318861,8.192983946540092,13.497773541158429,200601130.0,1.6197610651545182,188.0,169.5500030517578,0.03873139009933156,0.0,0.06983810711097993,0.0075142304496086075
2025-12-22,NVDA,183.9199981689453,184.16000366210938,182.35000610351562,183.69000244140625,129064400,0.014917933953784823,0.04197634260081129,0.026889520501438113,52.43139492035463,0.1690465428833702,-2.001197967418193,-2.305644135210032,0.3044461677918391,180.56814883183338,182.44407079411258,165.13334704234958,0.017289060278733278,0.0068291155852343135,0.11237376175932273,0.9897178244592166,6.011258167077784,0.8882530808905748,187.47263665728428,172.36836523480554,0.749565264680786,8.39496963551044,12.684579990705625,189708040.0,0.6803317350176619,188.0,169.5500030517578,0.0234634302428546,0.0,0.05411292018778719,-0.015733024940049713
2025-12-23,NVDA,182.97000122070312,189.3300018310547,182.89999389648438,189.2100067138672,174873600,0.030050651636426062,0.06465229245016202,0.03648317475087137,57.614170479736025,3.727867395010817,-1.0686949317134804,-2.058254294510722,0.9895593627972414,181.3911829158366,182.7094016144951,165.37291579530003,0.043104762162879735,0.03557893048704684,0.14414144422580516,0.9927851621919224,6.041168864755822,0.8921992177951046,188.7662753262306,171.74072693207015,1.026062678121356,9.445335756314536,12.507825513006997,185620805.0,0.9421012908547617,189.3300018310547,169.5500030517578,0.0006341901217146615,0.0,0.023360277004954893,-0.044447985643948536
2025-12-24,NVDA,187.94000244140625,188.91000366210938,186.58999633789062,188.61000061035156,65528500,-0.003171111898024437,0.1033695911815733,0.060679298401216775,56.88861886368924,1.6491498292997528,-0.37378626035393836,-1.7213606876793652,1.3475744273254269,182.07868936293326,182.94079765354832,165.60413056957916,0.035870816460017205,0.030989276473690156,0.13892087088435437,0.995287501193426,5.7968004012715895,0.8567717652019651,189.96278395749434,171.6232176294197,0.926236895521793,10.143958144168566,12.343696355143987,172867215.0,0.379068408084205,189.3300018310547,170.30999755859375,0.0038174074459104003,0.0,0.026615790553077504,-0.04140818373002598
2025-12-26,NVDA,189.9199981689453,192.69000244140625,188.0,190.52999877929688,139740300,0.010179726222003582,0.09411967065059446,0.0569732862832828,58.681744845197215,3.005891507758414,0.3280797749616511,-1.3114725951511619,1.639552370112813,182.8835759740155,183.23841338396983,165.85214915873058,0.04181033077769509,0.039792886549654516,0.14879427095604256,0.9980635206155614,5.717743404138351,0.8462114848432437,191.40279736826287,171.21020464589728,0.9567762990634051,11.13726899488125,12.786673581534059,170661630.0,0.8188149849500441,192.69000244140625,170.30999755859375,0.011336816648025251,0.0,0.016270435749629962,-0.0678108342608629
2025-12-29,NVDA,187.7100067138672,188.75999450683594,185.91000366210938,188.22000122070312,120006100,-0.012124062212741427,0.03994693357701529,0.06338983740510251,55.68105104347423,2.4159334372062387,0.6899627065038487,-0.9111855348201597,1.6011482413240086,183.39180694989054,183.43376976972408,166.0747148508895,0.02632720812948751,0.026092422660164896,0.1333453222526781,0.999771237216096,5.63933281221329,0.8354430308915632,192.1886648975903,171.5463372386402,0.8077414648940314,11.350201403613537,12.754476877905967,170595295.0,0.7034549223646526,192.69000244140625,170.30999755859375,0.023748810921861936,0.0,0.02874297963565365,-0.05637020795632915
2025-12-30,NVDA,188.24000549316406,188.99000549316406,186.92999267578125,187.5399932861328,97687300,-0.003612835671873982,0.020959174661422608,0.042352129806228156,54.79281293515732,3.6533470833641153,0.9113807497520838,-0.546672277905711,1.4580530276577948,183.78687231524697,183.59479814291657,166.2882997109417,0.02042105033730674,0.021488599803057278,0.12780029390000822,1.0010461852638106,5.3836670982968275,0.7986973221415457,192.81366336996714,171.68333827798207,0.7504217251331033,11.594238085060503,12.763213313120774,166073110.0,0.5882186465948641,192.69000244140625,170.30999755859375,0.027460858161682655,0.0,0.03247313540951267,-0.05294866711779657
2025-12-31,NVDA,189.57000732421875,190.55999755859375,186.49000549316406,186.5,120100500,-0.005545448029029565,-0.014322745191618691,0.0277746781640984,53.390052323807254,6.559247770139278,0.9915078918675704,-0.23903624395105477,1.230544135818625,184.0452654280806,183.7087276275081,166.48941115660398,0.013337667590686414,0.015194010695842029,0.12019136054588755,1.0018319097024824,5.289833167377746,0.7857103727976693,193.21774587860497,171.78325509795755,0.6865917671032228,11.744894245933192,13.041314415748092,162946525.0,0.7370546871128427,192.69000244140625,170.30999755859375,0.03319036161611912,0.0,0.038230589183981235,-0.04766755704905328
2026-01-02,NVDA,189.83999633789062,192.92999267578125,188.25999450683594,188.85000610351562,148240500,0.012600568919654886,0.0012724961157275505,0.051561946402642,56.123525570922375,7.124631740723311,1.2304512064337132,0.05486124612589882,1.1755899603078144,184.50285977812203,183.9103463912731,166.7119046386628,0.023561403495974687,0.02685906371865167,0.1327925651910438,1.003221751241702,5.371273132263711,0.7981061335536104,193.93486863868696,171.99213331443804,0.7682666969257905,11.992957724972579,13.691761066309637,162101650.0,0.9144909999373849,192.92999267578125,170.30999755859375,0.02160437617369847,0.0,0.02531108617850286,-0.05951816325069644
2026-01-05,NVDA,191.75999450683594,193.6300048828125,186.14999389648438,188.1199951171875,183529700,-0.0038655597709008616,-0.012648945979898074,0.025847912030562137,55.04361388367033,5.8518983935685736,1.345400776413129,0.31296915218334487,1.0324316242297842,184.84734885803303,184.07543065503444,166.92492046431977,0.01770458856657944,0.021972321062949104,0.1269736992769636,1.004193488507677,5.521897264696883,0.8206335786032225,194.400028360784,172.0009726157785,0.719629554250437,12.22652541085078,13.777364724134541,162909890.0,1.1265718735676513,193.6300048828125,170.30999755859375,0.029289867683616324,0.0,0.021528828178179055,-0.05586856676393618
2026-01-06,NVDA,190.52000427246094,192.1699981689453,186.82000732421875,187.24000549316406,176862600,-0.0046778101576882,-0.005206650309123817,0.026478820975200712,53.70218367933742,9.535511184601173,1.3499301757465219,0.5203613568959803,0.8295688188505416,185.07522091852172,184.19953162907873,167.12706061386052,0.011696782334764101,0.016506414740553695,0.12034523197756386,1.004754025603091,5.509618234699003,0.8185777855909031,194.7704902620707,172.11351089759725,0.6676306824591732,12.35103154831389,13.856853834971952,164554465.0,1.0747967245981445,193.6300048828125,170.30999755859375,0.034127318960593046,0.0,0.02729117955798246,-0.05143134266338227
2026-01-07,NVDA,188.57000732421875,191.3699951171875,186.55999755859375,189.11000061035156,153543200,0.009987155855193386,0.008371586757089045,0.019186189706505763,56.14786298137924,8.596532257478003,1.487268430433005,0.7137427716033853,0.7735256588296198,185.45948565107693,184.39209904010906,167.34579633521867,0.019683624951611706,0.025586245803385737,0.13005527925861854,1.0057886786718269,5.459645329262913,0.8110268372966009,195.18479412817706,172.05520678735027,0.7373583268775971,12.596442262915177,13.861569156319044,162012720.0,0.9477231170490811,193.6300048828125,170.30999755859375,0.023901455543718593,0.0,0.023108217984682794,-0.060811167906952616
2026-01-08,NVDA,189.11000061035156,189.5500030517578,183.7100067138672,185.0399932861328,172457000,-0.021521904241355916,-0.0078284542298509,0.00037839684796336925,49.96177285946717,2.2376858776998696,1.2532477502020072,0.8216437673231097,0.43160398287889745,185.41953399727274,184.41750665760017,167.5218579964218,-0.0020469294844927435,0.003375420478319238,0.10457223612028639,1.005433471896635,5.486813258450607,0.8149274540775258,195.18996793869243,172.05703218337786,0.561232747978053,12.59802571436954,13.130303093325654,163399585.0,1.0554310771352327,193.6300048828125,170.30999755859375,0.046422459513369374,0.0,0.051070106733188306,-0.04015344220366476
2026-01-09,NVDA,185.0800018310547,186.33999633789062,183.6699981689453,184.86000061035156,131327500,-0.0009727230993946678,-0.021127907673865742,0.005876601579215768,49.700982035110925,0.6369416698758663,1.0412577986743372,0.8655665735933552,0.175691225080982,185.36624510328025,184.43485936162963,167.6943768284012,-0.002731050049843868,0.0023051024637827967,0.10236254850402973,1.0050499441638818,5.285612180628801,0.7864231073192219,195.25646398694093,172.09853631823486,0.5510624471533181,12.607928379615299,12.441168081336203,161826690.0,0.8115317689560356,193.6300048828125,170.30999755859375,0.04744132989021422,0.0,0.05209350238568186,-0.03921886820330359
2026-01-12,NVDA,183.22000122070312,187.1199951171875,183.02000427246094,184.94000244140625,137968500,0.00043276983009055137,-0.01690406526855537,0.022163322433836452,49.82634233028923,-2.2567539352811563,0.8696845320211537,0.866390165278915,0.003294366742238708,185.32565056405417,184.4546688941699,167.86597509320723,-0.0020809214562267407,0.0026311806046763306,0.10171225788143551,1.004721928022234,5.20092494235007,0.7762538714456305,195.39844440979073,172.35755687194757,0.5460920526083396,12.53052973033145,11.993309600201389,159618285.0,0.8643652574014312,193.6300048828125,170.30999755859375,0.04698822497398539,0.0,0.051638385020479814,-0.04709639125600607
2026-01-13,NVDA,185.0,188.11000061035156,183.39999389648438,185.80999755859375,160128900,0.0047042019341549945,-0.007637299148778975,0.06165005726622863,51.249271178545754,-1.4845464411732465,0.7947514175582739,0.8520624157347869,-0.05731099817651297,185.37177884924841,184.5078190378728,168.04452258042502,0.002363999051342705,0.007057579063647489,0.10571885774894078,1.0046825105617734,5.1658593546012925,0.773428152404565,195.21611538152746,173.61888522882413,0.5644757333960095,11.711052431013345,11.823278809364766,157410985.0,1.017266361683716,193.6300048828125,170.30999755859375,0.042086041800591105,0.0,0.04671442897916803,-0.07480756729519422
2026-01-14,NVDA,184.32000732421875,184.4600067138672,180.8000030517578,183.13999938964844,159586100,-0.014369507583160801,-0.03156893449016429,0.038856465848277066,46.85726271556833,-3.8786539846718564,0.5139948338602949,0.7844488993598886,-0.2704540654995937,185.1592284245246,184.45417905166792,168.19472632977053,-0.010905365355306812,-0.007124694429673825,0.08885696588711949,1.0038223551045606,5.1547261511894815,0.7741536829001959,194.9214960406484,174.59850518005473,0.42028726323720805,10.999670271409947,11.028034779987772,157151510.0,1.0154919924091088,193.6300048828125,170.30999755859375,0.057278614874544595,0.0,0.06197447931277626,-0.06612428006285148
2026-01-15,NVDA,186.5,189.6999969482422,186.3300018310547,187.0500030517578,206188600,0.021349807115541353,0.010862569382592113,0.05249832189382064,53.184524424759374,-0.6216120291984247,0.6000804825403065,0.7475752159959722,-0.14749473345566566,185.33930219854682,184.5559760712793,168.38234102352166,0.009230103021421639,0.013513661456918909,0.1108647255689854,1.004244382349147,5.255102680289786,0.7918970884987437,194.8971782372866,175.55582316652198,0.594279968656893,10.442002087968925,11.409652924261641,160031535.0,1.2884248095226982,193.6300048828125,170.30999755859375,0.03517776917241711,0.0,0.039775473509869756,-0.08564557076231702
2026-01-16,NVDA,189.0800018310547,190.44000244140625,186.0800018310547,186.22999572753906,187967200,-0.004383893669287153,0.0074109873020891115,0.08944654889292991,51.79182204291441,-0.698516372769122,0.5952742898870724,0.7171150307741923,-0.12184074088711982,185.42413015368896,184.62162390093656,168.55992962754175,0.00434606635707096,0.008711719638353477,0.10482957686943659,1.0043467619653375,5.191166818151342,0.7855049150989687,193.10189053483967,178.88011019758218,0.5168048834717288,7.646488437212128,11.91407693501853,158291120.0,1.1874778572544056,193.6300048828125,171.82000732421875,0.03973586062956189,0.0,0.04435380956411383,-0.08161948825086325
2026-01-20,NVDA,181.89999389648438,182.3800048828125,177.61000061035156,178.07000732421875,223345300,-0.04381672442960616,-0.03714715597759377,0.02256809433986895,40.44254884638749,-4.520103311410858,-0.06621424410766963,0.5604491757978199,-0.6266634199054896,184.72373750326324,184.36469776067312,168.65455726631467,-0.03601989797833594,-0.03414260166350058,0.055826834510238114,1.001947443013495,5.436083125225354,0.8256800216787538,192.092540194781,180.28246133109792,-0.18733609084378247,6.343110474811143,11.744496379185392,160653585.0,1.390229169177893,193.6300048828125,176.33999633789062,0.08738134957372687,0.0,0.09221091421111027,-0.03953506068039783
2026-01-21,NVDA,179.0500030517578,185.3800048828125,178.39999389648438,183.32000732421875,200381000,0.029482786455111043,-0.013400733367911477,0.01287364915375222,48.29325158995714,-2.928249192783017,-0.1649164944555821,0.4153760417471396,-0.5802925362027217,184.5900489147828,184.32372950826314,168.80048214251272,-0.0068803361721323265,-0.005445431180901698,0.08601589875464682,1.001444846017543,5.569934156180239,0.8497235042404684,191.8768738940141,180.73112781497028,0.2322751201120642,5.9825586288664345,10.939754060325516,154426340.0,1.2975830418567196,193.6300048828125,177.61000061035156,0.05624043828647404,0.0,0.0609316917012234,-0.06704128329640438
2026-01-22,NVDA,184.75,186.1699981689453,183.92999267578125,184.83999633789062,139636600,0.008291451848916997,0.009282499475307349,0.006260514351352331,50.33448741291174,-1.7435673317201776,-0.11911524227625137,0.3084777849424614,-0.4275930272187128,184.6138534312693,184.34397526628774,168.96007929868566,0.0012249509038362843,0.00269073654773024,0.09398620730481869,1.0014639923251667,5.375652491076406,0.8246243662066971,191.84837154827508,180.87462955035775,0.36135046625712963,5.888416848743592,10.288706976179784,154954950.0,0.9011432032342304,193.6300048828125,177.61000061035156,0.047554689023329905,0.0,0.05220736499925621,-0.07471325379897131
2026-01-23,NVDA,187.5,189.60000610351562,186.82000732421875,187.6699981689453,142748100,0.015310549053903832,0.0033145956004927424,-0.008139149570724147,53.9773945917101,0.22964786539538345,0.14388150013957102,0.27555852798188335,-0.13167702784231233,184.90491483485746,184.4744075369802,169.14624764565343,0.01495408240801705,0.01732267730050571,0.10951322173044835,1.0023336966011935,5.33167801068702,0.8233794199459143,191.65121912219016,180.91778112195047,0.6290824102066888,5.761852431740792,10.363007855212132,153348675.0,0.9308727317011379,193.6300048828125,177.61000061035156,0.03175790894664903,0.0,0.03634042409953671,-0.08866627352267935
2026-01-26,NVDA,187.16000366210938,189.1199951171875,185.99000549316406,186.47000122070312,124799600,-0.0063941863907406304,0.001288758517264954,-0.011346160769435842,52.22805102721687,-1.3960125752883787,0.2525671514586918,0.27096025267724505,-0.018393101218553254,185.05397068112848,184.5526661128125,169.3186233031166,0.007651986792624094,0.010389094605214788,0.10129646451756101,1.002716322548321,5.174414554496765,0.804940434658404,191.43878977393453,180.91621053124126,0.5277974687924861,5.651907042510047,10.236330547655198,156312230.0,0.7983994598503265,193.6300048828125,177.61000061035156,0.03839761685653052,0.0,0.0430096220301333,-0.08280153558390174
2026-01-27,NVDA,187.24000549316406,190.0,185.6999969482422,188.52000427246094,143711600,0.01099374182623336,0.05868476732982608,-0.010549490997290412,54.91613822567513,1.8806804542771904,0.4983744761200626,0.31644309736580856,0.18193137875425403,185.38406911839823,184.70824800142617,169.50968182022453,0.016915882626677484,0.020636632701996692,0.11214888877201667,1.0036588572751004,5.111956590015411,0.8007472495680289,191.07193625783876,181.08206459665345,0.7445480710935348,5.368676213743689,10.297133164779657,156510795.0,0.9182216472672061,193.6300048828125,177.61000061035156,0.02710587998378274,0.0,0.03166773331956276,-0.09277532939096696
2026-01-28,NVDA,191.27000427246094,192.35000610351562,189.83999633789062,191.52000427246094,148552700,0.015913430575061005,0.044730507422137133,0.017532690629877834,58.58847923817003,3.6027283566591297,0.9245953205001456,0.43807354199267595,0.48652177850746964,185.96844389497562,184.97537569832951,169.72869000382886,0.029852163416608957,0.035381080046053344,0.12838910303343745,1.0053686507887658,5.020388392946788,0.7926007539759596,191.70526438839894,180.77873677126902,0.9830449231055283,5.866843989600609,10.816346549593606,157938125.0,0.940575304411142,193.6300048828125,177.61000061035156,0.01101712908981463,0.0,0.015507524824811148,-0.10698624183411405
2026-01-29,NVDA,191.33999633789062,193.47999572753906,186.05999755859375,192.50999450683594,171764400,0.005169121826911649,0.04149533824337692,0.02650102057495718,59.75352785929387,4.093215078132194,1.3269659116255355,0.6158520159192479,0.7111138957062876,186.5914487151528,185.27085094572195,169.95536965062496,0.0317192767001785,0.03907330011257289,0.13270910417585566,1.0071279306090992,5.191789091232396,0.8262677903064666,192.58318764097865,180.3978136407596,0.9939933617022015,6.534045411613118,10.357332884094218,161641980.0,1.0626224697321822,193.6300048828125,177.61000061035156,0.005817933655059066,0.0,0.01028523735300307,-0.11157860028288723
2026-01-30,NVDA,191.2100067138672,194.49000549316406,189.47000122070312,191.1300048828125,179489500,-0.00716840508753136,0.018436653421568305,0.02482576344671572,57.33221351895685,2.8631437458262314,1.5170067647318888,0.7960829656817761,0.7209237990501127,187.02369215969182,185.50062168835294,170.16606253850742,0.02195610981529788,0.030346977509957244,0.12319696437449719,1.008210594969847,5.179518747034435,0.8306892677803608,193.14161514941793,180.30238662060162,0.843323120069825,6.876119829458753,10.144463882397114,164611430.0,1.090382970368461,194.49000549316406,177.61000061035156,0.017579660568792753,0.0,0.014754313783221576,-0.10516405373316208
2026-02-02,NVDA,187.1999969482422,190.3000030517578,184.8800048828125,185.61000061035156,165794100,-0.028880888041861397,-0.004612005173602607,-0.017156501924538436,48.8117991721918,1.3486956584770722,1.2082691234681135,0.8785201972390436,0.3297489262290699,186.88905486927848,185.50491105784306,170.3197335640979,-0.006843922774512186,0.0005665055006319133,0.08977390186263562,1.0074614941649864,5.2559816936748325,0.8491861313955754,192.91988257686677,180.20011864383633,0.42531307931485685,6.8180552591211026,9.910099844687084,165489110.0,1.0018429611471111,194.49000549316406,177.61000061035156,0.04784227602829505,0.0,0.044932903994751125,-0.0785518117725902
2026-02-03,NVDA,186.24000549316406,186.27000427246094,176.22999572753906,180.33999633789062,204019600,-0.028392889688762968,-0.04339066279007742,-0.04135657549028959,42.34201537870044,-3.587279660193585,0.5322120081680453,0.809258559424844,-0.2770465512567988,186.2653350091463,185.30236538255082,170.41943767129982,-0.031811279704646526,-0.026779847275103658,0.05821260064080978,1.0051967476216856,5.597697897335336,0.909900512825592,193.0334921195097,179.3085092232637,0.07515398178813333,7.3722453264738945,11.103326326461906,166513605.0,1.225242826254347,194.49000549316406,176.22999572753906,0.07846295576474041,0.0,0.09587450868373523,-0.051624696393750884
2026-02-04,NVDA,179.4600067138672,179.5800018310547,171.91000366210938,174.19000244140625,207014100,-0.03410221815110581,-0.09048664079184443,-0.06969666026972132,36.29596573244405,-6.465120314853973,-0.4941252677344039,0.5485817939929946,-1.0427070617273984,185.1153033360282,184.8665864436824,170.4569557287138,-0.05901889631885206,-0.05775291364255591,0.02190023103917009,1.0013453858651769,5.8000046672243295,0.9498566021750467,194.11332876226095,176.92367227533668,-0.15902992802734994,9.265737076816452,12.747993109013223,168021180.0,1.2320714567056368,194.49000549316406,171.91000366210938,0.11653942687431891,1.0,0.13456571624591923,-0.018141131051263013
2026-02-05,NVDA,174.92999267578125,176.82000732421875,171.02999877929688,171.8800048828125,206312900,-0.013261367048724715,-0.10716321340547785,-0.091110970715083,34.31401333815741,-3.476162288316123,-1.4768779214177528,0.14348985091084515,-1.6203677723285979,183.85479872143623,184.35730873541297,170.47111542178942,-0.0651317992344982,-0.06768000649492913,0.008264681424399178,0.9972742604162282,5.79929065848844,0.957718421071692,194.92950203774873,174.384499427095,-0.1219028584101407,11.126035042898035,14.378540493454603,170659665.0,1.2089142446166175,194.49000549316406,171.02999877929688,0.1315452639518302,1.0,0.14981381934190838,0.015825000834492745
2026-02-06,NVDA,176.69000244140625,187.0,174.60000610351562,185.41000366210938,231346200,0.07871770069195438,-0.029927280252047384,0.001999623807834805,51.142268280262,1.1400808719117435,-1.1506941671640334,-0.11534695270413056,-1.0353472144599027,184.0029134776908,184.39859088940105,170.61976107592196,0.007647108177931961,0.005484926798138862,0.08668540204792577,0.9978542275740678,6.46505526268123,1.0739912649264292,194.95202692940316,174.39897557303826,0.5357369033995628,11.129278771203035,13.811886622655402,173604125.0,1.3326077361353021,194.49000549316406,171.02999877929688,0.04897255623597315,0.0,0.06590799298495684,-0.05808750369310256
2026-02-09,NVDA,184.25999450683594,193.66000366210938,183.9499969482422,190.0399932861328,196387400,0.024971627919608386,0.023867208993124667,0.028021165523523184,55.357148396452395,2.813242291314757,-0.5126798692691636,-0.1948135360171372,-0.31786633325202646,184.57787345944718,184.61982235593956,170.81299721731708,0.02959249515834121,0.029358553491311196,0.112561669088647,0.9997727822724664,6.696837509194514,1.119528880870934,195.47430181903857,174.39469995098094,0.7422006085826278,11.39841498864763,13.364602024876024,176857120.0,1.1104297073253258,194.49000549316406,171.02999877929688,0.023416187982763643,0.0,0.0399390226522047,-0.08103554220451611
2026-02-10,NVDA,191.3800048828125,192.47999572753906,188.1199951171875,188.5399932861328,136764800,-0.007893075420927542,0.04546965240521805,0.01946572292204407,53.739654246395844,0.4635770904650983,-0.12662673138265745,-0.18117617509024125,0.0545494437075838,184.9552182048458,184.77355454928048,170.9893852379023,0.019381854246019136,0.020384079020614277,0.10264150621871505,1.0009831691337403,6.529920587848588,1.0982638178287918,195.77084658461263,174.45815426987957,0.6607254873434614,11.513248430319155,12.94926632693803,176796935.0,0.7735699716739999,194.49000549316406,171.02999877929688,0.0315583558868666,0.0,0.04821264410932946,-0.0737243788663417
2026-02-11,NVDA,192.4499969482422,193.25999450683594,188.77000427246094,190.0500030517578,144192700,0.008008962657240382,0.0910500050982348,0.022819038527929658,55.16004347915729,1.9198808428265361,0.2977362124401566,-0.08539369758416171,0.3831299100243183,185.4404358093136,184.98047409839725,171.17904312659738,0.024857400826991925,0.027405751758771482,0.11024106444621316,1.0024865419615623,6.400640633052483,1.0823831311172634,196.19632273076797,174.45667867304064,0.7172759745886704,11.730456235557654,12.679458068477825,176000125.0,0.8192761226732084,194.49000549316406,171.02999877929688,0.023362285557012308,0.0,0.03988424998336025,-0.08108394324999114
2026-02-12,NVDA,193.02999877929688,193.61000061035156,186.50999450683594,186.94000244140625,189932500,-0.01636411765541823,0.08761925256437841,0.020749170385618187,51.64301801148716,-0.838108314898598,0.3787300802796665,0.007431057988603926,0.37129902229106254,185.58325167903672,185.05731834714268,171.3358685924164,0.007310739250953533,0.01017351872965053,0.09107336354718441,1.0028420023406286,6.450595309514136,1.096247447915862,196.35961621319848,174.6733854957859,0.5656408024733908,11.689650579611744,12.024166657002791,177517445.0,1.069937098294762,194.49000549316406,171.02999877929688,0.04038730583693138,0.0,0.05718413556112412,-0.06579652771542611
2026-02-13,NVDA,187.47999572753906,187.5,181.58999633789062,182.80999755859375,161888000,-0.02209267587929442,-0.014023008749052601,-0.022667764897019715,47.32744246334254,-4.547831307207013,0.10841172306029989,0.02762719100294312,0.08078453205735678,185.31913223899454,184.96918812014079,171.4500390298908,-0.013539533938486734,-0.011673244519755316,0.06625812739956491,1.0018919049297306,6.411981620413796,1.0946876441900053,196.18512925821142,174.42387190145655,0.38536953631193005,11.743512590715277,11.716981810299824,175302415.0,0.923478435821891,194.49000549316406,171.02999877929688,0.06389151627676493,0.0,0.08106781643311757,-0.04469120003312011
2026-02-17,NVDA,181.75,187.14999389648438,179.17999267578125,184.97000122070312,162276900,0.01181556638562431,-0.02667855317062695,-0.006765797861475242,49.69513707057382,-3.91667627722314,0.06769635956030129,0.03564102471441476,0.03205533484588653,185.28588166582392,184.96922000643735,171.58456601686407,-0.0017048273850163494,4.2234825110041344e-06,0.07801071806495344,1.0017119694799737,6.523268734720176,1.1171879429958835,196.11455352086531,174.36844818811906,0.48751502259210405,11.73932689620556,11.78852466044946,174017900.0,0.9325299293923212,194.49000549316406,171.02999877929688,0.05146782834856435,0.0,0.06844355073017311,-0.05584690362157214
2026-02-18,NVDA,188.75,190.3699951171875,186.75999450683594,187.97999572753906,164749100,0.016272879315410993,-0.0029701791584552106,0.05565220416527983,52.87417797834192,-1.6480976690210425,0.2751389116704672,0.08354060210562525,0.19159830956484197,185.54246395741583,185.087289642559,171.7477046209504,0.013137325645748987,0.015628874843682933,0.0945124194958731,1.0024592413435567,6.443034817703333,1.1065495659555675,196.15117343085137,175.32282711846506,0.6076895601427066,11.213891837160308,11.27317294181148,171088090.0,0.9629489697383378,194.49000549316406,171.02999877929688,0.03463139649742661,0.0,0.05133529830089102,-0.07096497840773339
2026-02-19,NVDA,187.05999755859375,188.42999267578125,185.66000366210938,187.89999389648438,126554500,-0.00042558693942440495,-0.01131286040909929,0.024983560927779536,52.77870866168364,1.2337661109867475,0.4281477290894884,0.1524620275023979,0.2756857015870905,185.7669906182795,185.1975917701639,171.90842391722438,0.011482143684977058,0.014591993883344968,0.09302377169695884,1.0030745477987706,6.180674403129657,1.0645262259618178,196.35890954487448,175.5730896616685,0.593043926295901,11.177215150914247,10.971137665752304,167396765.0,0.7560152073428659,194.49000549316406,171.02999877929688,0.035071909583510384,0.0,0.0517829233761895,-0.07056942489386656
2026-02-20,NVDA,186.57000732421875,190.3300018310547,185.94000244140625,189.82000732421875,178422300,0.010218272964884312,0.0154060385428485,0.026942280269388164,54.884127795868544,5.256743472793513,0.6963107201163723,0.2612317660251928,0.43507895409117947,186.15299220932133,185.37886296836214,172.08664862774174,0.019698931891323015,0.0239571237235096,0.10304900954191835,1.004175930462419,6.052769045023856,1.0455841016792853,196.72602628669705,175.70397401847873,0.6714869283757325,11.289129367125351,10.339298013404884,169336050.0,1.0536580958396042,194.49000549316406,171.02999877929688,0.024602244172126593,0.0,0.04114422746414723,-0.07997053708170164
2026-02-23,NVDA,191.39999389648438,193.9499969482422,189.5800018310547,191.5500030517578,171584800,0.009113874516842646,0.04780923149655836,0.020674614593002794,56.75507405012785,9.9661291503748,1.0364801218913726,0.4162814371984288,0.6201986846929438,186.66699324193434,185.62086846182865,172.28031384589116,0.02615893535872572,0.031942176755564565,0.11185079000438633,1.0056358144898982,5.932570907321259,1.0271460020296599,197.16075250298212,175.6572482904749,0.7390774361342979,11.535657702547605,10.077524536333934,170777885.0,1.0047249384778363,194.49000549316406,171.02999877929688,0.01534848548455429,0.0,0.03174106882896702,-0.08827984021248073
2026-02-24,NVDA,191.49000549316406,193.77000427246094,187.39999389648438,192.85000610351562,175123600,0.006786755578419568,0.0426015290631383,0.03421464493509174,58.159230946199266,12.200372716419478,1.3948868183294962,0.6120025134246423,0.782884304904854,187.255851609704,185.9043640556203,172.4849874006934,0.029874390817283804,0.037361371709473325,0.11806835487376591,1.0072698000444913,5.963816583653781,1.0339851464712622,197.84059239140822,175.61540889033006,0.7754535395556802,11.902437462404736,9.431181621798984,173294085.0,1.0105572847451776,194.49000549316406,171.02999877929688,0.008504015233311067,0.0,0.02478609607474488,-0.09442575129654207
2026-02-25,NVDA,194.4499969482422,197.6300048828125,193.7899932861328,195.55999755859375,250637100,0.014052327556699717,0.04032344932085885,0.03734348146925659,61.001935747056706,5.474350734052998,1.8759752940826218,0.8647970695562383,1.0111782245263834,188.0467226524554,186.28301634985456,172.71458949181678,0.03995429859218663,0.04980046700186676,0.13227260148662343,1.009467885678249,5.879258169056859,1.0212394385395611,198.8253252843866,175.33467532596498,0.8609945773500323,12.556473123851989,9.479043940259634,178640360.0,1.4030261694501736,197.6300048828125,171.02999877929688,0.010585024289533054,0.0,-0.006494192515421864,-0.10697483345323348
2026-02-26,NVDA,194.27000427246094,194.2899932861328,184.32000732421875,184.88999938964844,360807900,-0.05456125128938172,-0.016019130413033267,-0.03461781920900808,47.35880730613147,-2.709952682817827,1.3803498836134338,0.9679076323676774,0.4124422512457564,187.74608234171188,186.22838823376807,172.83573784900912,-0.015212476960585235,-0.00718681430265927,0.06974403378987487,1.0081496388511815,6.26216760229387,1.0888294353270629,198.3471889083106,175.14981121375968,0.4198831568008108,12.421721024248827,9.613797401893535,189253120.0,1.9064832326146064,197.6300048828125,171.02999877929688,0.0689058658403418,0.0,0.021580428937939915,-0.05543836894281408
2026-02-27,NVDA,181.25,182.58999633789062,176.3800048828125,177.19000244140625,311636500,-0.04164636796831145,-0.06653674215300198,-0.07958024259818719,40.34614002355236,-6.019938076215768,0.3620641230314732,0.8467389305004366,-0.4846748074689634,186.74074139882563,185.87394173210683,172.8790638648539,-0.05114437741800352,-0.046719508984300606,0.02493615178251057,1.0046633737824697,6.422726666904017,1.1163567036358946,197.97485523512728,173.99014568040008,0.133412362309616,12.896218459098572,10.686647919437759,196246725.0,1.5879831879996977,197.6300048828125,171.02999877929688,0.11535640927690206,0.0,0.06597439065599617,-0.030870823101387803
2026-03-02,NVDA,175.00999450683594,183.4600067138672,174.63999938964844,182.47999572753906,209095300,0.02985491965260345,-0.0473505986933761,-0.04525720156067081,46.236224063398254,-3.9831661155812506,-0.017870431499716233,0.673817058100406,-0.6916874896001223,186.33495609679835,185.74084581035908,172.97459552517913,-0.020688337014213645,-0.017555912748180955,0.0549525794438191,1.0031985979381448,6.593960999569355,1.144262679380125,197.39155792276347,173.70844207723655,0.3703716059793379,12.763737992738836,11.866559232215847,197727015.0,1.0574948496542063,197.6300048828125,171.02999877929688,0.08302284913407078,0.0,0.03507238768697306,-0.058965337345259966
2026-03-03,NVDA,178.49000549316406,180.89999389648438,176.9199981689453,180.0500030517578,178099400,-0.013316488013346284,-0.06637284234716168,-0.029955269329834056,44.083002905024955,-3.685674173353032,-0.509181872217539,0.43721727203681704,-0.946399144254356,185.7363891401278,185.5176755061002,173.0449975901202,-0.03061535822191475,-0.02947251489339933,0.040480831917660186,1.001178936904152,6.520106468071098,1.1302645448110262,197.35349968053293,173.1905005636077,0.2838845647825766,13.041905469258671,12.962191165509788,198342280.0,0.8979396626881571,197.6300048828125,171.02999877929688,0.09763955308571132,0.0,0.04904194213491007,-0.04626493579486425
2026-03-04,NVDA,180.44000244140625,184.6999969482422,180.05999755859375,183.0399932861328,177731200,0.016606443675068805,-0.06402129489038111,0.014971703466065245,47.333080182770054,0.12581135091659573,-0.649792106251823,0.21981539637908903,-0.869607502630912,185.47958953498542,185.42051149747405,173.14445028361288,-0.013152909465504485,-0.012838483682932007,0.05715195021446453,1.0003186165167663,6.386526998672046,1.1061887815257372,197.3242635137542,173.48973642521065,0.4006900084672813,12.85524661553591,13.256754998798598,197027860.0,0.9020612617931292,197.6300048828125,171.02999877929688,0.07970941942656284,0.0,0.031905658931873054,-0.061844364514010805
2026-03-05,NVDA,181.1699981689453,184.05999755859375,177.8800048828125,183.33999633789062,198779700,0.001639002746732121,-0.008383379614228081,0.052528812034216665,47.66178746035061,-0.8812266162379517,-0.7286199139019232,0.030128334322886585,-0.7587482482248098,185.27581875430974,185.33892266768646,173.24589850305844,-0.010448327414956163,-0.010785248457389112,0.05826457031335681,0.9996595215269981,6.37177454703699,1.1030911019558598,196.67533869715703,175.05366063145624,0.3832420259544648,11.633032722629718,13.807715587263095,196616140.0,1.0110039796325978,197.6300048828125,171.02999877929688,0.07794266843218269,0.0,0.03021713022570258,-0.06654301948254611
2026-03-06,NVDA,179.83999633789062,182.75999450683594,176.82000732421875,177.82000732421875,189021900,-0.03010793675101142,0.0035555328976353273,0.03455900786979926,42.41613282220382,-5.404824254835257,-1.2224172353577387,-0.2203807796132385,-1.0020364557445003,184.56574147525345,185.04406324245244,173.291412023667,-0.03654922141625686,-0.03903965245709283,0.026132831671619394,0.9974150926064931,6.382361294653768,1.103505980197454,195.66681181951833,176.6561877532356,0.061219430089478374,10.211898855616063,14.45447857097737,195751590.0,0.9656212754133952,197.6300048828125,174.60000610351562,0.11140477304375611,0.0,0.06219771174808291,-0.060791881521368656
2026-03-09,NVDA,176.8300018310547,182.91000366210938,175.55999755859375,182.64999389648438,177213600,0.027162222322143492,0.0009315989309817141,-0.014885980859235759,47.82700788458701,-2.7940394734085343,-1.2100667237779419,-0.4183179684461792,-0.7917487553317627,184.3832893248945,184.95017817006155,173.384532241307,-0.009400501719849111,-0.012436777819495492,0.053438801808930486,0.9969349105214336,6.451478781001043,1.113875928550599,195.64784165205998,176.39915694413145,0.3247409912521559,10.347447919514316,15.218897616512109,193044960.0,0.9179913321746396,197.6300048828125,174.63999938964844,0.08201484526091943,0.0,0.03410901283609646,-0.10062956604553827
2026-03-10,NVDA,182.39999389648438,186.44000244140625,182.00999450683594,184.77000427246094,179118500,0.011606955635476535,0.026214946629833147,-0.027730947168247533,50.0457942250164,-2.6604166351823193,-1.017482826037451,-0.5381509399644336,-0.47933188607301747,184.4201193199008,184.9431125270184,173.49782052022394,0.0018972168213014138,-0.0009360081172645555,0.06497017494766155,0.9971721401247522,6.307088006255991,1.087030810254931,195.2171687191696,176.30283097565462,0.44765898820377154,10.182137036526532,15.192658149630615,192181515.0,0.9320277238942569,197.6300048828125,174.63999938964844,0.06960004499100514,0.0,0.022243873547196414,-0.11094874452549561
2026-03-11,NVDA,185.91000366210938,187.6199951171875,184.4499969482422,186.02999877929688,145280400,0.006819258958169261,0.016335257882631238,-0.01331279620354453,51.36950700033262,-2.881756295753962,-0.7544903776779677,-0.5814188275071405,-0.1730715501708272,184.5734411731766,184.98573551730385,173.62251881135901,0.007891479927242854,0.005645101548358771,0.07146238893941242,0.9977712100720887,6.083010160733799,1.0470924721068482,195.0070104328394,176.26198981130122,0.5210988648778618,10.097810810604573,14.932136595656553,192607295.0,0.7542829569357692,197.6300048828125,174.63999938964844,0.062355567272123845,0.0,0.015320142569569269,-0.1169703523604903
2026-03-12,NVDA,184.0500030517578,184.94000244140625,181.75,183.13999938964844,155762700,-0.015535125563684415,-0.0010908527993728212,-0.03635887161878926,48.21373061851396,-5.035004618384701,-0.770385244061373,-0.619212110817987,-0.151173133243386,184.43692290807869,184.91335370837618,173.71722011064548,-0.007031799804405829,-0.00959019066586429,0.054242056561815,0.9974234916476078,5.954223633488305,1.0238140564970237,194.49289267930922,176.08510719862048,0.38325588911437025,9.934634806573712,15.108717499294901,193185795.0,0.80628443721755,197.6300048828125,174.63999938964844,0.07911982931885386,0.0,0.031342172721927526,-0.10303590247939076
2026-03-13,NVDA,184.9199981689453,186.08999633789062,179.94000244140625,180.25,160988400,-0.015780274103308733,0.013665462690880759,-0.035786896084497144,45.221917381372045,-7.8287981947875425,-1.0046004297860236,-0.6962897746115944,-0.30831065517442924,184.03816834540453,184.7304770923614,173.7822228956142,-0.02058360164884297,-0.02425413046554977,0.03721771419779083,0.9962523306502817,5.96820722370231,1.0241597296830198,194.37772763295985,175.5312720008292,0.2503774763423424,10.189779459698837,15.541925312304517,191738590.0,0.8396244073767309,197.6300048828125,174.63999938964844,0.09642166370492318,0.0,0.047877974384535366,-0.08865462262157593
2026-03-16,NVDA,182.97000122070312,188.8800048828125,181.41000366210938,183.22000122070312,217307400,0.01647712189016981,0.003120762897708129,0.0022427857753126723,48.74212212992933,-0.9032387768176994,-0.939730743676165,-0.7449779684245086,-0.19475277525165646,183.96024766686153,184.67124274445325,173.8761311376549,-0.004023947866709425,-0.007858513876783388,0.05373865879066962,0.996149941555456,6.158335627924466,1.053645604435753,194.3812458256365,175.56875417436348,0.4067109869426515,10.170288769440756,15.334669767712152,194509560.0,1.1172067840778623,197.6300048828125,174.63999938964844,0.07864863860988243,0.0,0.01189822432734991,-0.10342755606368216
2026-03-17,NVDA,185.05999755859375,185.39999389648438,181.67999267578125,181.92999267578125,182497800,-0.00704076266961684,-0.015370522979973655,-0.016435143671186925,47.319715190654875,2.675088983049388,-0.9811043978154999,-0.7922032543027069,-0.18890114351279297,183.7668900486634,184.56374274176025,173.95626906340743,-0.009995801596227281,-0.01427013793095919,0.0458375179883131,0.9956825068604467,5.984168884551513,1.0217042075321785,194.32244444790962,175.32355469759818,0.34772758119062047,10.279505145047,15.142218190590668,195520605.0,0.9333942067128935,197.6300048828125,174.63999938964844,0.08629699796124474,0.0,0.018303753999424976,-0.09707024192977518
2026-03-18,NVDA,182.47999572753906,183.3800048828125,180.3300018310547,180.39999389648438,156683100,-0.00840982158463277,-0.030263962370347897,-0.04032344932085885,45.61931415339095,-1.1398519726843586,-1.1243901616826122,-0.858640635778688,-0.2657495259039242,183.4462332722654,184.40045847331808,174.02038572841317,-0.016605625100297772,-0.021694439427939572,0.036660119682917894,0.9948252558103496,5.774585610780535,0.985071136627259,194.01396079547672,174.8740381669256,0.28871358765660204,10.377091519587164,15.200734117987565,195117305.0,0.8030200089120747,197.6300048828125,174.63999938964844,0.0955100419582875,0.0,0.026940137332489532,-0.08941236236005093
2026-03-19,NVDA,178.00999450683594,179.97999572753906,175.7899932861328,178.55999755859375,170968500,-0.010199536586162128,-0.025008200536848713,-0.04970727323725255,43.590636669147905,-0.8275509402439389,-1.3706178593397738,-0.9610360804909052,-0.4095817788488686,182.98087749001095,184.1714207903877,174.06555599538015,-0.024160338457544662,-0.030468479896131665,0.02582039587046652,0.9935356783627535,5.6914009678927515,0.9702791267319746,193.73647303566068,174.2175262929526,0.22247467155282893,10.609449430267524,15.981527441858796,197338005.0,0.8663739151513161,197.6300048828125,174.63999938964844,0.10679887760393196,0.0,0.06406811490716031,-0.0800290853579543
2026-03-20,NVDA,178.0,178.25999450683594,171.72000122070312,172.6999969482422,241323500,-0.03281810422532416,-0.041886286001430295,-0.09019075816773636,37.821989081844116,-5.649036668028542,-2.015376157084006,-1.1719040958095253,-0.8434720612744808,182.00174600984252,183.7215610318722,174.05196834316985,-0.05110802102468429,-0.05999058587205189,-0.007767630597903007,0.9906390136662713,5.773443494321171,0.9832138914864852,193.65296872779862,172.58902956321703,0.005268121226429997,11.502743684706639,17.258526045949875,200483065.0,1.2037101487848862,197.6300048828125,171.72000122070312,0.14435442023801331,0.0,0.10017373107969763,-0.0488129289215199
2026-03-23,NVDA,177.25999450683594,178.3699951171875,174.75999450683594,175.63999938964844,182836300,0.01702375502813336,-0.04137103908172102,-0.08305927125362877,41.97114281899666,-4.199845697635611,-2.2630313106222673,-1.3901295387720738,-0.8729017718501935,181.39586537934787,183.40463704590263,174.06776964711491,-0.03173096573983274,-0.04233610328135168,0.009032285216963901,0.989047323454243,5.76605454250861,0.9810225144664472,192.5907096867924,172.0602882380123,0.174361308683648,11.260312773373352,18.415285068098065,201045640.0,0.9094268346232228,197.6300048828125,171.72000122070312,0.12519930294682036,0.0,0.11882256427756227,-0.06473465700693691
2026-03-24,NVDA,174.8300018310547,176.22000122070312,173.97999572753906,175.1999969482422,147667800,-0.002505138026276832,-0.036992227771550756,-0.09152195279578823,41.524541881456024,-1.4734058418969158,-2.4663735053228777,-1.6053783320822346,-0.8609951732406431,180.80578267162355,183.08288645383755,174.07903559040972,-0.03100446036929285,-0.04305639734155548,0.006439381709753795,0.9875624432937421,5.514193896126857,0.9374424068066849,190.94356841714446,171.94242859213287,0.17144068124909606,10.472236449799311,19.59711139552661,199672850.0,0.7395487168135277,197.6300048828125,171.72000122070312,0.12802516167392677,0.0,0.14383560152507768,-0.06238580403063707
2026-03-25,NVDA,177.10000610351562,181.22000122070312,176.85000610351562,178.67999267578125,162602100,0.019862989658425256,-0.009534375160179187,-0.08631624613185485,46.38383288327344,-2.1735567223468375,-2.319973873272403,-1.7482974403202682,-0.5716764329521347,180.60332648154335,182.9102239527373,174.12481625792586,-0.01064949269336211,-0.02312736371723595,0.026160409043062077,0.9873878156106187,5.550323208722149,0.9424649426045022,187.60473810709226,173.5932584139038,0.3630404763281574,7.758337437164592,19.39069842340096,195271100.0,0.8326992575962342,194.2899932861328,171.72000122070312,0.08736289036387059,0.0,0.12155810449418666,-0.08064690504810772
2026-03-26,NVDA,176.07000732421875,176.50999450683594,171.13999938964844,171.24000549316406,186152200,-0.04163861365338872,-0.040994579779984885,-0.07382764855614254,38.93457695681574,-7.3226164780218355,-2.772338109187814,-1.9531055740937775,-0.8192325350940364,179.71158162550722,182.4525683268717,174.09611167320188,-0.04713984516588721,-0.06145467250216934,-0.016405341581660543,0.9849769903131489,5.692442499965767,0.9648718177574984,187.73012630508816,172.1028708262595,-0.05521541093792358,8.685837932269639,20.047515282587003,186538315.0,0.9979301035285968,188.8800048828125,171.13999938964844,0.10301330777726778,0.0,0.1778789446271893,-0.04070311257366416
2026-03-27,NVDA,170.0,170.97000122070312,167.00999450683594,167.52000427246094,196212700,-0.02172390271764868,-0.02999416773199881,-0.054574174816341636,35.83561199507784,-9.95000517566842,-3.3919131707823453,-2.240867093431491,-1.1510460773508542,178.55047902045519,181.8669775796399,174.03067776871688,-0.061777906217381294,-0.0788871817089296,-0.037411067863037675,0.9817641520009679,5.587983106134507,0.9457767935864984,188.88633392756756,169.97966338688556,-0.13009477840808137,10.536897160594014,21.167417490662416,180767125.0,1.0854446017216903,188.8800048828125,167.00999450683594,0.12750716371527018,1.0,0.20684093250217628,-0.01940066808208813
2026-03-30,NVDA,168.77999877929688,169.4499969482422,164.27000427246094,165.1699981689453,185627000,-0.014028211816980884,-0.059610574226181545,-0.09485969949516715,33.99482070042413,-9.812166255646956,-4.026145820793204,-2.5979228389038336,-1.4282229818893701,177.27614751078758,181.21219407333814,173.94251180255,-0.06828978129223796,-0.08852713243955494,-0.05043340781213229,0.9782793504450447,5.558840932537846,0.9398780748772924,189.75673404964178,167.37826350895196,-0.09867811725521872,12.532219297280307,22.513410778408943,179593710.0,1.0335941052723951,188.8800048828125,164.27000427246094,0.14354911289406866,1.0,0.2275231715666408,0.010837370979994515
2026-03-31,NVDA,166.97000122070312,174.6199951171875,166.9600067138672,174.39999389648438,226181300,0.05588179348466227,-0.004566227543908896,-0.03138022249102246,45.77621628313467,-3.245495757845007,-3.7408737840374044,-2.826513027930548,-0.9143607561068565,177.00222811894918,180.94504896836347,173.94706386318617,-0.014701703193905735,-0.03617150681488608,0.0026038383358654464,0.9782098439725497,5.836780647945298,0.9847217569036062,189.59489732668192,166.9750993163845,0.32824760754803256,12.687437655019684,22.57004889269332,181997805.0,1.2427693839494383,188.8800048828125,164.27000427246094,0.08302758883651506,1.0,0.16255738013582072,-0.017373846819601035
2026-04-01,NVDA,176.0,177.3699951171875,174.75,175.75,168132000,0.0077408609562046315,-0.01639798967922379,-0.039827324920936324,47.25902719998693,-4.0770664615949395,-3.367046216679995,-2.9346196656804375,-0.4324265509995575,176.88296829809687,180.74132155783943,173.96500352623906,-0.00640518592037362,-0.027615829710762162,0.010260664142668791,0.9786526222864382,5.632010688856572,0.9495473263239449,189.06256414621498,166.77843316823817,0.4025989095391848,12.524768728817692,22.059191357995502,181517845.0,0.9262560383525928,188.8800048828125,164.27000427246094,0.07470842038584595,1.0,0.15977241440144915,-0.02492179165184922
2026-04-02,NVDA,172.17999267578125,177.49000549316406,171.3699951171875,177.38999938964844,143143200,0.009331433227018238,0.03591446916141261,-0.032453349335060055,49.08070260891863,-2.495461698953381,-2.9049643112664683,-2.9286885947976438,0.023724283531175505,176.93125697348273,180.60989715908684,173.999083087069,0.0025927720404679885,-0.017827914306391524,0.019488127422387598,0.9796321229153637,5.666867809365143,0.9551119919664267,188.48456838315425,166.76142923647464,0.48927413673536113,12.229913520342679,22.056469998132346,178736020.0,0.8008637542673267,188.8800048828125,164.27000427246094,0.06477256628162825,1.0,0.18918765248359395,-0.02102709138267648
2026-04-06,NVDA,177.16000366210938,177.7899932861328,175.75999450683594,177.63999938964844,107564300,0.0014093240930164175,0.06041066654181759,-0.0010123041680124567,49.36780093179725,-1.5299304879243258,-2.489886302053378,-2.840928136248791,0.3510418341954127,176.9987562512128,180.49343057989316,174.03531110998026,0.0036228680473072167,-0.015809058429867167,0.020712395988364718,0.9806382187016249,5.407091450074552,0.9112318859194005,188.47519838826958,166.7527984379023,0.5011969661097259,12.230117076609233,21.98939007703131,174663140.0,0.6158385793362011,188.8800048828125,164.27000427246094,0.06327406851938429,1.0,0.22061474091453953,-0.022404839795169395
2026-04-07,NVDA,175.72999572753906,178.22999572753906,173.66000366210938,178.10000610351562,132534900,0.0025895446715138437,0.07828303007756143,-0.024910966027994585,49.92724743532998,-0.257611705514938,-2.099612268634303,-2.6926649627258934,0.5930526940915906,177.10363718952735,180.3995707965058,174.07575583628412,0.005625908817005312,-0.012747062993759085,0.02311781010456297,0.9817298145864366,5.3472986368856334,0.9011078393705175,188.00410852864331,166.76888951823167,0.5336001752432267,11.971158530845068,22.225066417053313,172429205.0,0.7686337126010643,188.8800048828125,164.27000427246094,0.06052778444617932,1.0,0.21746206850227923,0.012352593334351156
2026-04-08,NVDA,184.5,185.25999450683594,180.3000030517578,182.0800018310547,147732700,0.02234697131467711,0.04403674428525961,-0.01455865334851425,54.60115087790848,5.431386826036637,-1.452422272520721,-2.444616424684859,0.9921941521641382,177.5775766791966,180.46547005276264,174.15540007503805,0.02535469419087714,0.008946485872449715,0.04550304930310595,0.9839975294291884,5.476776477345253,0.9219874269656926,187.55558246448928,166.9484153382451,0.7342875612213003,11.62591522463515,21.010946202069302,170859915.0,0.8646422421549256,188.8800048828125,164.27000427246094,0.03734623782609167,1.0,0.19085017382767408,-0.008018490219600688
2026-04-09,NVDA,181.83999633789062,184.0800018310547,180.6199951171875,183.91000366210938,116428500,0.010050537196021558,0.0464296083192568,-0.011395985223343619,56.606793786632146,4.70849709701624,-0.7828297104385342,-2.112259081835594,1.32942937139706,178.18066496328353,180.6005498021488,174.2524608072477,0.03215465999078192,0.018324716417453427,0.05542270571171143,0.986600899933487,5.332721494239677,0.8970697186323566,187.12467839462175,167.16731989639385,0.8389228347630363,11.266050937924328,19.88354885958415,169417320.0,0.6872290271148191,188.8800048828125,164.27000427246094,0.02702409396845147,1.0,0.1790005845980403,0.0021205991076209646
2026-04-10,NVDA,184.30999755859375,190.0,184.3000030517578,188.6300048828125,160459500,0.025664733438725884,0.06336324218861211,0.029977096819158167,61.34962579291475,7.6655297765432175,0.12722529695190588,-1.6643622060780943,1.7915875030300001,179.17584019371486,180.91543039354738,174.39552094730308,0.05276472921168542,0.04264188230093737,0.08162184360119291,0.990384511724349,5.386812554500459,0.90505316340757,188.3045936738504,166.53640516648161,1.0149489338008966,12.269263460823383,19.106359875206063,169652160.0,0.9458146598310331,190.0,164.27000427246094,0.007262869542089077,1.0,0.14949899919560306,-0.015320995148379849
2026-04-13,NVDA,186.02999877929688,189.66000366210938,185.74000549316406,189.30999755859375,133648200,0.0036049019677633076,0.06569465328215585,0.05026350934032586,61.99411209633652,5.949185873373565,0.8930259259161346,-1.1528845796792486,2.0459105055953835,180.14099803798902,181.24462910590216,174.54392369965424,0.05089901588460764,0.04449990321080856,0.0845980401148085,0.9939108205668855,5.282040098389378,0.8871810032899918,189.88655430737407,165.86044428881735,0.9760029089879714,13.507414040520842,18.384684389712127,168285150.0,0.7941770263151562,190.0,164.27000427246094,0.0036448283255229677,1.0,0.14537005243974588,0.0077122536194386545
2026-04-14,NVDA,190.83999633789062,196.50999450683594,190.77000427246094,196.50999450683594,161307000,0.03803284053190947,0.1033688252240712,0.07253571224532385,68.0660273205988,14.75705921691334,2.057193970965386,-0.5108688695503216,2.568062840515708,181.69995008264112,181.84327088633097,174.76249156838244,0.08150824707138775,0.0806558502221012,0.12444033466954685,0.9992118443372017,5.419037016236007,0.9094595035731388,192.90093827202432,164.1750596527804,1.125637801462889,16.089504075428337,18.7129391101747,165485130.0,0.9747522330254084,196.50999450683594,164.27000427246094,0.0,1.0,0.10340444706242095,-0.009007119551928454
2026-04-15,NVDA,196.5399932861328,200.39999389648438,195.74000549316406,198.8699951171875,185338400,0.012009570384825752,0.09221217661076042,0.09311275283562037,69.7707980667425,18.714177438616666,3.134109793171973,0.2181268629941373,2.9159829301778357,183.33519246688363,182.51098556205085,175.0023672255845,0.08473442791465084,0.0896330130745733,0.13638460021993085,1.0045159303824567,5.364819258170599,0.900031515167771,196.23140160970206,162.53859655924327,1.078313263129438,18.78239831781742,19.490161101824636,165627160.0,1.1190097083111248,200.39999389648438,164.27000427246094,0.007693462145434708,0.0,0.0903102889064987,-0.020767283780490725
2026-04-16,NVDA,197.42999267578125,199.85000610351562,195.80999755859375,198.35000610351562,134012900,-0.0026147182905368327,0.07851667747196767,0.09950117968036731,68.8980543541795,20.08839880268807,3.900650304714162,0.9546315513381423,2.94601875337602,184.76517471799144,183.13212362250044,175.23468204029027,0.07352484799291178,0.0830978322098448,0.1319106685622342,1.0089173382757046,5.270189921509976,0.8851286380538832,199.05235595459666,161.51264343505179,0.9812904840250078,20.8227157838896,20.21186723692815,164493650.0,0.8146995339941694,200.39999389648438,164.27000427246094,0.010335204083124074,0.0,0.09316861688370534,-0.01820015376489357
2026-04-17,NVDA,199.89999389648438,201.6999969482422,199.27000427246094,201.67999267578125,160324400,0.0167884369538549,0.06918299027281538,0.12948026116320244,71.36805405813975,15.642201682351548,4.722404331718963,1.7081861074143063,3.0142182243046562,186.37610976159047,183.8594910363546,175.4978194595489,0.08211290027336227,0.0969245674453809,0.14918802579348864,1.0136877281180836,5.133032844596875,0.8640288354657097,202.36549877506093,160.51150012630626,0.9836214908632135,23.067870807722873,21.109439609117395,163961445.0,0.9778176814677377,201.6999969482422,164.27000427246094,9.918818518154188e-05,0.0,0.07992865411241327,-0.034410885733092235
2026-04-20,NVDA,199.97999572753906,202.1699981689453,197.83999633789062,202.05999755859375,119381400,0.0018841972263623497,0.06734985032184437,0.17000579692627715,71.64479506189042,14.970126633623757,5.342725918095596,2.4350940695505643,2.9076318485450314,187.86981336130506,184.57323639016792,175.76211973914138,0.07553200774197032,0.09474158610656101,0.14962198827871673,1.0178605362056259,5.0756734864867195,0.8564601102628224,205.24695954830733,160.566039414095,0.9286728657301461,24.428284539338943,21.598831992995375,157864340.0,0.756227783931444,202.1699981689453,164.27000427246094,0.000544395781850209,1.0,0.10016829524752828,-0.03622682447725469
2026-04-21,NVDA,202.1300048828125,202.75,199.0,199.8800048828125,107945300,-0.010788838474320439,0.017149307771515465,0.13800959677407443,67.60769672919477,12.678282637435121,5.5939445439056215,3.0668641644215757,2.5270803794840457,189.01364112525815,185.17350182125202,176.00209869579484,0.057489838790805714,0.0794201271613721,0.13566830375294853,1.0207380606092982,4.980982523166239,0.8447127816389431,207.36242261226377,160.87457689945498,0.8390457201291726,25.248872750131866,22.13353420199864,154119790.0,0.7003986963646914,202.75,164.27000427246094,0.014358590389619678,1.0,0.11942162564575792,-0.02571542557576964
2026-04-22,NVDA,200.99000549316406,202.5,199.0,202.5,107501000,0.013107839969903834,0.018253155186499948,0.15582193794114518,69.80953121966469,13.994596203427042,5.936022057305564,3.640695742998374,2.2953263143071903,190.29805625618593,185.85297233806565,176.26575940528943,0.06412017013661622,0.08957095198700074,0.14883344719486782,1.0239172065003819,4.875198057225794,0.8319130651567137,209.65983172010542,161.30716809678913,0.8519247713862685,26.06844471189225,22.6300433960731,152111450.0,0.7067252333732931,202.75,164.27000427246094,0.0012345679012345618,1.0,0.12513578438464507,-0.03832096052758488
2026-04-23,NVDA,202.4600067138672,203.8300018310547,197.22000122070312,199.63999938964844,113561800,-0.014123459804205263,0.006503621106316304,0.11730472113853052,64.64392952417322,12.094324844443461,5.908236333276847,4.094203861054069,1.8140324722227774,191.1877651260395,186.3936400655787,176.49833890762136,0.04420907508405054,0.0710665842429453,0.1311154576595716,1.0257204326219127,4.999112525306207,0.8575381880526352,211.24840851423386,161.8145919740474,0.765172710969048,26.501591675124743,22.606096844435378,149659435.0,0.7588014748284998,203.8300018310547,164.27000427246094,0.020987790293609296,1.0,0.18483266885041716,-0.0245441490255707
2026-04-24,NVDA,199.9600067138672,210.9499969482422,199.80999755859375,208.27000427246094,214134400,0.04322783464835034,0.032675584272128244,0.21624619009239132,71.49752372120919,14.38378854241609,6.507570000734802,4.576877088990216,1.9306929117445861,192.8146450447463,187.2515367011427,176.81447488140088,0.08015656292149306,0.11224723674692205,0.17790132517238091,1.0297092800497623,5.449890027683888,0.9379230135811746,213.77906081207485,162.98693955413611,0.891537183264366,26.962157524070403,23.60917251579963,151058545.0,1.4175590000552434,210.9499969482422,164.27000427246094,0.012867876414287886,0.0,0.13573720859336416,-0.06496374178586367
2026-04-27,NVDA,209.64999389648438,216.8300018310547,207.3800048828125,216.61000061035156,187172400,0.04004415502378422,0.07200833033534293,0.2930396077237962,76.28234430162942,17.780434069437902,7.5682719266861795,5.175156056529409,2.3931158701567705,195.08086938432774,188.40284901130775,177.21045026178845,0.11036003322093715,0.14971722427271095,0.22233198036774324,1.0354454319988449,5.73561195058091,0.9895307964268786,217.16545869444087,164.50954130555914,0.98945117449978,27.592018019981257,25.179126471431296,150606530.0,1.2427907342397437,216.8300018310547,164.27000427246094,0.0010156558796141307,0.0,0.09200864512083297,-0.10096484490819191
2026-04-28,NVDA,209.49000549316406,214.72999572753906,208.1999969482422,213.1699981689453,180275400,-0.01588108781548958,0.06648985872261015,0.29060967810209015,70.98875551747055,13.00959160838618,8.038641936858596,5.747853232595247,2.290788704263349,196.8036435542913,189.37410976258766,177.56825670862585,0.0831608313701723,0.12565544696785466,0.20049609158881723,1.0392320460332027,5.9266399299758,1.0242029038308185,218.49824769004152,167.9767523099585,0.8945349997855219,26.144767646074403,26.63694085880356,150338950.0,1.1991263741033178,216.8300018310547,166.9600067138672,0.01716941264506024,0.0,0.1096307891257094,-0.08645678488571727
2026-04-29,NVDA,212.6999969482422,212.72000122070312,207.5800018310547,209.25,123711800,-0.01838907070702589,0.03333333333333344,0.19982802364202468,65.41775022310489,10.53298964585036,8.002850587341499,6.198852703544498,1.8039978837970008,197.989010834835,190.15355643856464,177.8834979354057,0.056876839364377686,0.10042643387322077,0.17633171389503566,1.0412059313694764,5.902593959112573,1.0222403664526045,219.60254787068556,170.35745273966603,0.7897750457554812,25.256485308207427,27.814223651927023,145215475.0,0.8519188468033452,216.8300018310547,171.3699951171875,0.03622462045904254,0.0,0.13041812801019265,-0.06934286502669504
2026-04-30,NVDA,209.92999267578125,210.3000030517578,198.6999969482422,199.57000732421875,225239200,-0.04626041900014932,-0.0003505913927253079,0.13553346983908243,54.12250324501748,1.5571792290067794,7.111415207317464,6.381365204299092,0.7300500030183716,198.13958192906205,190.5228290223158,178.09928409847848,0.00721928138350881,0.04748605901103444,0.12055479804100784,1.0399781640123194,6.309551969427076,1.0932248104140425,219.2112040486595,173.1307972941139,0.573762514097095,23.489917774205882,26.787367990745246,148070835.0,1.52115843744651,216.8300018310547,171.3699951171875,0.08648591408224732,1.0,0.1852482066699187,-0.024202042660688646
2026-05-01,NVDA,201.27999877929688,203.0,197.1199951171875,198.4499969482422,128647000,-0.005612117727474941,-0.04715036790114102,0.11872144783277272,52.98260743984433,-0.2111923262721566,6.242609848732798,6.353614133185833,-0.11100428445303567,198.16914526422207,190.83369835274428,178.3017787537,0.001417232151078087,0.03991065865851225,0.11300065728662265,1.0384389495922133,6.278870034668892,1.0875386387524164,218.59943737927307,175.84856371935973,0.528677692266097,21.676303868110296,25.524179182987382,147346025.0,0.8730944726876751,216.8300018310547,173.66000366210938,0.09261781388490574,1.0,0.19193750024508638,-0.018694842590729437
2026-05-04,NVDA,199.5,201.72999572753906,194.74000549316406,198.47999572753906,125368100,0.00015116543088034007,-0.08369883584195925,0.11731589962561673,53.011153638458374,0.06553547770278265,5.493174101765817,6.181526126901831,-0.6883520251360142,198.19875007025226,191.13355315175585,178.50255703204667,0.0014190082287961604,0.038436174364164424,0.1119168208436685,1.0369647129035777,6.3296643346479,1.0952859244593038,217.6612350822695,178.87076565015235,0.5055166994486266,19.564862034069634,23.89626431380173,148236215.0,0.84573192859788,216.8300018310547,173.66000366210938,0.0924526728059047,1.0,0.1917573477321117,-0.012343797868705066
2026-05-05,NVDA,199.3000030517578,200.24000549316406,196.02999877929688,196.5,113406600,-0.009975794891980305,-0.07820048933778057,0.10331270783780822,50.81807935143635,-2.5684216897550938,4.685460690956489,5.882313039712764,-1.1968523487562743,198.03696434927588,191.34400204776543,178.68163606655366,-0.007760997318486159,0.02694622197223327,0.09972129383687431,1.0349786888007007,6.178260218877848,1.0681786836219103,216.276342903564,182.0956572185063,0.42141760742355894,17.16018478938478,22.384629078129333,147279800.0,0.7700078354261752,216.8300018310547,180.3000030517578,0.1034605691147816,1.0,0.203765869140625,0.01073791659211991
2026-05-06,NVDA,199.88999938964844,208.27000427246094,198.61000061035156,207.8300018310547,188362800,0.05765904239722497,-0.006786132229129382,0.14142135182913984,60.80931775001737,2.855589598227002,4.9030590400537335,5.686462239780958,-0.7834031997272248,198.96963458563576,191.99051184318853,178.9716695567477,0.04453125354464787,0.0825014206993898,0.16124525376434795,1.0363513940113172,6.577670508419497,1.1348251692983533,216.02566748896558,184.92133263310475,0.7365104993921249,15.515434631704917,22.272936253257836,149311305.0,1.2615441275528334,216.8300018310547,180.6199951171875,0.04330462358998616,1.0,0.1381417081370981,-0.006399469851979542
2026-05-07,NVDA,208.33999633789062,214.1999969482422,206.5,211.5,168307900,0.017658654364679505,0.05977848493235727,0.15001900814803215,63.40279424076646,5.813485507967732,5.310430147096497,5.611255821244066,-0.30082567414756944,200.16300272033712,192.7555898101223,179.29533453628258,0.056638824985567396,0.09724444416030763,0.17961797805285468,1.0384290433159973,6.657836682692547,1.1455783782605022,216.12551508431446,187.5804846715449,0.8379572549957682,14.141494270598967,22.89787565691319,151905275.0,1.1079792982830912,216.8300018310547,184.3000030517578,0.025200954283946395,1.0,0.11839240324412677,-0.012860525866208629
2026-05-08,NVDA,213.02999877929688,217.8000030517578,212.88999938964844,215.1999969482422,136421400,0.01749407540540049,0.08440413332114383,0.14085771816597492,65.85600060840667,6.2716034312307105,5.864234273589773,5.661851511713208,0.20238276187656457,201.59509740870902,193.6357626390682,179.65259485878966,0.06748626189034178,0.11136493597708516,0.19786745700719363,1.0411046733370002,6.632277137625779,1.1397288621153392,217.22799343391847,189.13500552848387,0.92781129253667,13.826548173513123,23.86094219648943,150703370.0,0.9052312499713842,217.8000030517578,185.74000549316406,0.01208181292001106,0.0,0.09916355316223872,-0.02983270566908692
2026-05-11,NVDA,214.0399932861328,222.3000030517578,213.88999938964844,219.44000244140625,160685800,0.019702628035742187,0.10560261570460616,0.15915696620030273,68.46474894465095,9.91785369279282,6.56953157131025,5.843387523632617,0.7261440476776331,203.2946121737278,194.6476936117089,180.04848946160178,0.07941868254669299,0.1273701648844293,0.21878280177521361,1.0444234319018806,6.7592576036603225,1.160207990239003,218.92210984873768,190.45388960194592,1.0181919553867067,13.908104180504724,25.185455727420788,152055250.0,1.0567593029507367,222.3000030517578,190.77000427246094,0.013033177991853205,0.0,0.07792558628544727,-0.04857821520010124
2026-05-12,NVDA,218.5500030517578,223.75,214.9199981689453,220.77999877929688,159176600,0.006106436032548013,0.12356233475469147,0.12350519032565876,69.26400681575208,6.006623253567631,7.154142762332555,6.1055385713726045,1.0486041909599502,204.95988708854392,195.67248989279076,180.45377811152912,0.07718637981059431,0.12831394387766223,0.2234711907380736,1.0474639904712242,6.907167905617063,1.1843229768184034,221.23558265593314,190.56741722199652,0.9851447300420477,14.894580876306174,26.5462226043613,151948730.0,1.0475678210670138,223.75,194.74000549316406,0.013452311065877298,0.0,0.07138325298475269,-0.054352749643756554
2026-05-13,NVDA,224.92999267578125,227.83999633789062,221.57000732421875,225.8300018310547,150405400,0.02287346263103318,0.08660924717997265,0.13556598469256542,72.1307490084402,4.256498404839814,7.933492027093337,6.471129262516752,1.4623627645765849,206.94751706402116,196.85513741978153,180.90528282515623,0.09124286695931687,0.14718876424081273,0.24833281982880318,1.051268053130446,6.918084309401112,1.1845780600007054,224.4949721055934,190.004028443723,1.0387066743823874,16.642232486042737,28.160749937580302,150202080.0,1.0013536430387648,227.83999633789062,194.74000549316406,0.008900475979890495,0.0,0.047425016021964875,-0.07549928226327103
2026-05-14,NVDA,229.85000610351562,236.5399932861328,229.3000030517578,235.74000549316406,180782900,0.04388258239276421,0.11460995505042115,0.1885051587552522,76.71955346217969,10.587797306416057,9.244224740027533,7.025748358018909,2.2184763820086246,209.68965881917762,198.38003420697302,181.45090195618118,0.12423286308291626,0.18832525881718826,0.29919445399115696,1.0570098934472612,7.1889348198066125,1.2275822875675804,229.85369957518242,188.38430091309885,1.141943363248323,19.8305264532009,30.26995499036743,152540580.0,1.18514627386365,236.5399932861328,194.74000549316406,0.00339351732556036,0.0,-0.014677214869105108,-0.1332400226105034
2026-05-15,NVDA,229.75999450683594,231.5,224.24000549316406,225.32000732421875,180977600,-0.04420122985552177,0.047026071187215246,0.11721546760684864,64.66334071040674,7.679812341323178,9.334579863578313,7.48751465913079,1.8470652044475226,211.17826343870536,199.43650374098266,181.88741046730593,0.0669659066953071,0.12978317959711155,0.2387883622364262,1.058874676789216,7.496868046963283,1.2752648544873733,231.88261381676165,188.71938813636336,0.8479583861239737,20.52449844744615,31.15644574429836,153573240.0,1.1784448905291052,236.5399932861328,194.74000549316406,0.04979578198650281,0.0,0.030889362812167916,-0.09315642113823032
2026-05-18,NVDA,229.8699951171875,230.0,218.3699951171875,222.32000732421875,146280900,-0.013314396868819633,0.013124338547077397,0.10026729689408209,61.659063149668135,11.399508525868146,9.059677696974745,7.801947266699582,1.2577304302751635,212.23938190399235,200.33389603836446,182.28972486389213,0.04749648877504919,0.10974733542667081,0.21959703153984836,1.059428215100189,7.792092106666799,1.3191575520788463,233.15363992515765,189.47436300452986,0.7519731697796798,20.670318397190872,30.89654044661179,154918215.0,0.9442459687519638,236.5399932861328,194.74000549316406,0.06396179153222313,0.0,0.04480024796217753,-0.10336456562281142
2026-05-19,NVDA,219.6199951171875,224.47999572753906,217.91000366210938,220.61000061035156,140948200,-0.00769164563481417,-0.000769988993048476,0.10371220342771581,59.94933320815869,11.166542707425151,8.604643524347466,7.962486518229159,0.6421570061183068,213.03658368555037,201.12903739412866,182.67102113997632,0.03554984216222597,0.0968580343675005,0.20769019209293918,1.0592035165369327,7.704799246578434,1.2988674822097592,233.8867113473277,190.8142911551137,0.6917584227278667,20.283644228961478,30.574237716618804,156568360.0,0.9002342491164882,236.5399932861328,194.74000549316406,0.07220884199133493,0.0,0.05289877220732725,-0.09641450620377223
2026-05-20,NVDA,223.17999267578125,226.1300048828125,220.5,223.47000122070312,184201600,0.01296405694410474,-0.01045034136835854,0.10355556158371915,61.854474505935904,12.590692276852314,8.378224850615169,8.045634184706362,0.3325906659088069,214.03024249842207,202.00515362262178,183.07698114077957,0.044104789174130875,0.10625891079086547,0.22063407331838497,1.0595286241967077,7.556599649166581,1.268539997829933,234.95667086918854,191.84133175532315,0.7335827599975564,20.204096012041273,30.449515006344892,160403390.0,1.1483647571288862,236.5399932861328,194.74000549316406,0.05848656192793172,0.0,0.03942362514193944,-0.107978720861872
2026-05-21,NVDA,222.2899932861328,227.39999389648438,217.92999267578125,219.50999450683594,203381800,-0.017720529342800773,-0.0688470798682439,0.09952912832065341,57.7577021967596,11.709920868618799,7.789454985466676,7.994398344858426,-0.20494335939174935,214.55212364208052,202.69161797102234,183.43949868671046,0.02310800182535691,0.08297519504836132,0.19663429129692914,1.0585150278525715,7.69327118999062,1.2845386322451409,235.13838669514763,193.64661544108282,0.6233375506527543,19.353182152990676,29.848323497721463,164894390.0,1.233406424560593,236.5399932861328,194.74000549316406,0.07758188331040414,0.0,0.058175047114145215,-0.09188646837817302
2026-05-22,NVDA,220.89999389648438,221.00999450683594,214.8000030517578,215.3300018310547,169275700,-0.01904237975665879,-0.044336965952558205,0.03389829266704103,53.71362488473149,3.608718632498863,6.905952627120286,7.776709201310799,-0.870756574190513,214.62620727912568,203.1872408674942,183.75681712595767,0.0032791640911480372,0.0597614343878962,0.17182048099720154,1.0562976610282837,7.58732263749687,1.2599771589125752,235.30206006784786,194.188941824242,0.5142168949955691,19.145042882148942,28.726063348997396,162651455.0,1.040726626146689,236.5399932861328,194.74000549316406,0.09849993625931945,0.0,0.07871637395675568,-0.07425814032969556
2026-05-26,NVDA,216.5399932861328,218.17999267578125,212.0,214.86000061035156,187202600,-0.00218270197699566,-0.0335552647899473,-0.00807903603281912,53.262044031127076,1.5886527708518026,6.097556635002235,7.440878688049086,-1.343322053046851,214.648473310671,203.64499615152783,184.06630153873772,0.0009854591389262483,0.05507134803586743,0.16729677737960624,1.05403264193614,7.486799068802897,1.2370446422063186,235.19696022257997,194.11904166950987,0.5049174756516854,19.136448849812588,27.20558309720672,162652965.0,1.150932600583088,236.5399932861328,194.74000549316406,0.10090287915012064,0.0,0.08107604076822314,-0.07223310168655567
2026-05-27,NVDA,214.1199951171875,214.14999389648438,208.77999877929688,212.60000610351562,167601200,-0.010518451551782437,-0.03630839256912677,-0.0026738850228724687,51.03998948547358,-1.2081742014856474,5.214425664734819,6.995588083386233,-1.7811624186514141,214.45338119570383,203.9961730123901,184.35021899709372,-0.00864232161719501,0.042176443626728774,0.15323978056607088,1.0512617860859454,7.386313551820883,1.215508899991533,235.17821997326382,194.08078271228305,0.4506174746038318,19.148084025665334,25.273798427581607,162019255.0,1.034452355678342,236.5399932861328,194.74000549316406,0.11260576902787396,0.0,0.09256816609026342,-0.06237069324997413
2026-05-28,NVDA,211.27999877929688,215.52000427246094,211.22000122070312,214.25,143996000,0.007761024690098095,-0.04125833968917059,0.0238948626045401,52.59495612707405,-2.3651122783741574,4.594713726327626,6.515413211974511,-1.9206994856468853,214.43401155801774,204.39828387464934,184.64772925582912,-0.0008581267340976667,0.04819862446297418,0.1603175455418508,1.0490988842622668,7.165862801816378,1.1746624618288597,235.28148248847387,194.477520197073,0.48457254375744535,18.9892297945679,23.694703897194955,163033465.0,0.8832297099248918,236.5399932861328,194.74000549316406,0.10403730821998931,0.0,0.08415401997338098,-0.06959161569245916
2026-05-29,NVDA,214.5800018310547,217.86000061035156,211.1300048828125,211.13999938964844,289410600,-0.014515755474219683,-0.03813036001386649,0.05797460360179896,49.40962936595044,-4.366337278262729,3.8087318030879374,5.974076930197198,-2.1653451271092603,214.12029611341114,204.66266487523757,184.9113339337776,-0.013918796012612207,0.0316488330607804,0.14184455272635688,1.0462108281641789,7.134729439367999,1.1643667584196995,234.71476186412843,196.20124002796143,0.38788349258826865,17.875187585079086,22.591341575945698,166242035.0,1.7408990451783148,236.5399932861328,194.74000549316406,0.12029929890077257,1.0,0.10012313844254406,-0.05588710375044328
2026-06-01,NVDA,215.72999572753906,224.8699951171875,215.6999969482422,224.36000061035156,212850700,0.06261249056985307,0.041935627652953444,0.13056187483271664,60.39105792096145,-0.6509326523421123,4.204116640912474,5.620084872340253,-1.4159682314277786,215.0955060655007,205.4351094138695,185.30385798031068,0.04307153930975017,0.09212101695020346,0.21076810302670845,1.047024078207432,7.605819888523075,1.2335394940035085,234.7007638108334,198.80623844746736,0.7119125243807899,16.56006716218099,22.51562886027097,170452220.0,1.2487411428258313,236.5399932861328,194.74000549316406,0.05428771903479498,0.0,0.03530040179800168,-0.11151722323228841
2026-06-02,NVDA,227.17999267578125,232.27999877929688,221.35000610351562,222.82000732421875,193362900,-0.006863938678656645,0.037047410831495986,0.12263206429171913,58.790145659010754,-5.480613331588288,4.343132458081669,5.364694389488537,-1.0215619314068674,215.83117285204528,206.11687011623613,185.67715299865802,0.03238102438967127,0.08103721543298754,0.2000399819025068,1.0471300710627418,7.8432608018986585,1.2635651874228464,233.9941147744102,201.94688864355857,0.6513237244132583,14.702551895594738,23.238374196037814,173851960.0,1.1122273226025177,236.5399932861328,196.02999877929688,0.06157429993236854,0.0,0.0,-0.1177632377283922
2026-06-03,NVDA,221.72000122070312,222.82000732421875,214.50999450683594,214.75,160907000,-0.03621760640406191,0.010112859053435397,0.09287531806615767,51.13960622687743,-4.691109080699298,3.7587923293382914,5.043513977458488,-1.2847216481201968,215.72820400899337,206.45542422932493,185.9664350583729,-0.0045344280016005175,0.04017610969359489,0.15477827992235316,1.0449141978917806,7.876600231576098,1.2603654198849357,231.66202311889285,206.10398029907591,0.3382895850780962,11.67657726742874,22.741265073099637,176226980.0,0.9130667733170029,236.5399932861328,198.61000061035156,0.10146679062227107,0.0,0.031897583718349824,-0.10533175840366706
2026-06-04,NVDA,213.91000366210938,221.60000610351562,210.97000122070312,218.66000366210938,169022200,0.018207234747889878,0.020583447664454413,0.052109905863631845,54.246321527093926,-1.6462772317076417,3.570049872977279,4.748821156562246,-1.1787712835849673,216.00742302357585,206.93403518747334,186.29174419870859,0.012280043904991158,0.056665248246924455,0.1737503698976318,1.0438467641530373,8.073271992378698,1.2813417505334923,231.15935089048168,207.68965271059255,0.46742616234056095,10.69602436706167,21.74554581981437,175259950.0,0.9644085827937301,236.5399932861328,206.5,0.0817707368726332,0.0,-0.017332884301870286,-0.12549163990598253
2026-06-05,NVDA,214.52999877929688,214.8699951171875,204.3300018310547,205.10000610351562,219655500,-0.062014073591381225,-0.028606580011333205,-0.030260018423094004,43.83641840933691,-7.030503813936425,2.299781193114569,4.2590131638727105,-1.9592319707581414,214.96862141214154,206.86211247829854,186.47889108333354,-0.045907236338951975,-0.008518265397525452,0.09985642295492095,1.0391879829356978,8.52018126656984,1.3396434950282814,231.97989621938865,206.22910799203714,-0.043847274831076005,11.75274263188227,20.457105234176026,177827330.0,1.2352178936724743,236.5399932861328,204.3300018310547,0.15329101046807878,0.0,0.04334470563185446,-0.07459776985104416
2026-06-08,NVDA,210.17999267578125,210.47000122070312,206.0,208.63999938964844,138372800,0.017259839984335112,-0.07006597066294462,-0.030483260462924155,46.71141976486083,-6.636238309413307,1.5607407380633447,3.7193586787108375,-2.158617940647493,214.36589550523746,206.9318335336456,186.6993996236949,-0.026710853898161704,0.008254727302385268,0.11751831987770811,1.0359251732546124,8.295167970185387,1.2936759955428838,232.34844273814315,205.20456171742325,0.12656398212189326,12.407128162447059,19.260696118940423,177924900.0,0.7777034018285243,236.5399932861328,204.3300018310547,0.1337231306465796,0.0,0.025642283930053838,-0.09029906246647239
2026-06-09,NVDA,210.6199951171875,211.39999389648438,199.33999633789062,208.19000244140625,180962500,-0.0021568105327770537,-0.06565839871607582,-0.05126686053060869,46.38635840243004,-5.156936972670355,0.9280370268322145,3.161094348335113,-2.2330573215028986,213.777715213444,206.9811734908127,186.9132364676522,-0.02613795720689938,0.00584028455441725,0.11383231265933458,1.0328365213512134,8.564084369357413,1.323330764544372,232.5408544031721,203.8871500523943,0.15016740370936185,13.131010869260146,18.96108455226833,178938735.0,1.0113098206489501,236.5399932861328,199.33999633789062,0.13617364192454606,0.0,0.027859181438792607,-0.08833276898022126
2026-06-10,NVDA,204.42999267578125,207.22000122070312,199.9199981689453,200.4199981689453,161746600,-0.03732169739825886,-0.06672876289198926,-0.09221850132676412,41.0716352083704,-6.924257435249355,-0.19807633021849824,2.4892602126243912,-2.6873365428428895,212.5055516853965,206.72387249779828,187.04763210647104,-0.056871707212351706,-0.030494176858650322,0.07149176876434553,1.0279681253922852,8.543078648150523,1.308021648507934,233.41703315820092,200.9749712363303,-0.01710659047262531,14.936767525032762,18.6828738117871,179067235.0,0.9032730080408066,236.5399932861328,199.33999633789062,0.1802215120605866,0.0,0.06770785075439341,-0.052988699801480424
2026-06-11,NVDA,201.49000549316406,205.66000366210938,199.5399932861328,204.8699951171875,158643200,0.022203357892913722,-0.06306598515488582,-0.09281320703148888,44.961044884439225,-4.649541778267482,-0.7231160832592138,1.8467849534476701,-2.569901036706884,211.77835582175754,206.65117142404887,187.2249690518513,-0.03262071177086863,-0.008619241277884559,0.09424504730696136,1.024810817003242,8.37000234299524,1.2716576463415215,232.7071542189105,199.58884950423402,0.15946304191751476,15.322049905363658,18.471524442254882,179479125.0,0.8839089225557568,236.5399932861328,199.33999633789062,0.15458582966641665,0.0,0.044516086266121274,-0.07355880521600791
2026-06-12,NVDA,204.86000061035156,207.07000732421875,203.44000244140625,205.19000244140625,112001800,0.0015620019126554308,0.0004387924681250599,-0.12959193323105145,45.240943112209145,-3.4854202490010375,-1.1007037262080246,1.2572872175165313,-2.357990943724556,211.15089359505743,206.59387067963152,187.40372560299116,-0.028230480355356066,-0.00679530439894931,0.0949088753768677,1.0220578805190768,8.03143109583933,1.211386294836098,229.18479808496238,200.05620533300635,0.17624597082724364,13.57213897088596,18.027119076792648,176040070.0,0.6362290130877589,232.27999877929688,199.33999633789062,0.13202395835843062,0.0,0.04288709462962616,-0.07500365128190484
2026-06-15,NVDA,208.9199981689453,212.7100067138672,208.33999633789062,212.4499969482422,149936700,0.03538181402824003,0.018261107983797098,-0.057118808617192984,51.29274472031057,-0.8401414477282673,-0.8048460074464572,0.8448605725239338,-1.649706579970391,211.27461772393218,206.82352269016528,187.65294223329218,0.005563277013454796,0.02720422795672859,0.1321431703645867,1.0215212224212713,7.99490060845516,1.1974668350144662,227.70684792486335,200.24715445550774,0.44439106745137336,12.833011639858006,16.782614896522762,174488025.0,0.8592950719684058,232.27999877929688,199.33999633789062,0.09333961927938106,0.0,0.007248804740143429,-0.10661329358363063
2026-06-16,NVDA,211.17999267578125,211.49000549316406,207.2899932861328,207.41000366210938,125694100,-0.023723197733726886,-0.003746571738075688,-0.06706550544668466,47.378163617010294,-1.7665983415371427,-0.9659273616416044,0.4827029856908262,-1.4486303473324307,210.9065592418538,206.84652194396702,187.84952990920084,-0.01657869528720916,0.002724153700273459,0.10412841470704348,1.0196282599278397,7.792407969430462,1.1588572287056482,226.6847366885788,199.77826532558137,0.2836395093792713,12.618431721354353,15.70198748978595,173458685.0,0.7246342263000553,232.27999877929688,199.33999633789062,0.11990740406958851,0.0,0.031724611710504266,-0.08490429728278646
2026-06-17,NVDA,208.52999877929688,209.2100067138672,203.0800018310547,204.64999389648438,128363500,-0.013307023368657411,0.02110565695132549,-0.07234489220666052,45.337586116344355,-8.784991380035592,-1.3012947017971612,0.12590344819322874,-1.42719814999039,210.31069587562817,206.76038358916378,188.01669870509423,-0.026915901521676996,-0.010206934500918577,0.0884671165164937,1.0171711438372928,7.6736648918148935,1.1333561042309563,225.9346981641141,198.93230317865934,0.21174754020541336,12.710987156034662,15.319162168874545,172829450.0,0.7427177486244387,232.27999877929688,199.33999633789062,0.1350110222665734,0.0,0.04563895370260325,-0.07256286971715208
2026-06-18,NVDA,207.3300018310547,211.38999938964844,206.5,210.69000244140625,241272000,0.029513846689763534,0.028408295323527843,-0.05718887863912936,50.374782799366514,-5.44385803971476,-1.0673932786569367,-0.11275589717680436,-0.9546373814801323,210.34682031046418,206.91448628925173,188.24230371739586,0.0016315061498697369,0.018246746372685585,0.11924895881911074,1.0165881765108185,7.606974934768405,1.116481079878547,224.32031960346643,199.26868186137733,0.4559111343383363,11.828275831268622,14.593615076195253,175682970.0,1.37333743845519,232.27999877929688,199.33999633789062,0.10247280880778759,0.0,0.015662836458865945,-0.09915040650995309
2026-06-22,NVDA,211.44000244140625,213.99000549316406,207.72000122070312,208.64999389648438,122041400,-0.00968251232276296,0.016862378351333973,-0.0494738320901984,48.74107521651944,-2.8405150656650178,-1.0347088763196837,-0.29714649300538026,-0.7375623833143035,210.18521779484706,206.98254541110398,188.44536531121764,-0.007304147810533221,0.008055985986975541,0.10721743435769125,1.0154731519867097,7.511477030317871,1.0954587242689604,223.32579397601745,199.17720742779113,0.39227084573978954,11.431202366842468,13.609769640445247,171615950.0,0.711130870994217,232.27999877929688,199.33999633789062,0.11325188389191004,0.0,0.018691633210439075,-0.09034263789184886
2026-06-23,NVDA,202.1699981689453,203.77000427246094,200.0,200.0399932861328,153496200,-0.04126528091164561,-0.05841376248705121,-0.07100733021364214,42.479339011285845,-8.515508124087322,-1.6841475399715762,-0.5745467023986195,-1.1096008375729567,209.21900593687428,206.71028846502668,188.5607347438039,-0.04387274764851395,-0.03226881075163504,0.06087830829639928,1.0121363938412338,7.592799663615478,1.10023934570257,223.34248392448407,197.63151662483236,0.09367506998980472,12.21499060089328,13.687273275889577,170826975.0,0.8985477849736554,232.27999877929688,199.33999633789062,0.16116779931625225,0.0,0.06883625642180774,-0.05118971494729028
2026-06-24,NVDA,200.1199951171875,201.6699981689453,196.5800018310547,199.0,151810700,-0.00519892681982459,-0.04054772437982346,-0.07381551040350998,41.78111983079402,-2.974161834220962,-2.2567368686214593,-0.9109847356431875,-1.3457521329782718,208.2457672762196,206.40792421149624,188.6646080299352,-0.04439834430803032,-0.03588972777956751,0.05478182727533524,1.0089039365699894,7.4140279974922745,1.067737056234286,223.30699669430328,196.08100379397797,0.10721358140026371,12.98367758191788,14.17598315835092,169057380.0,0.8979832764473222,232.27999877929688,196.5800018310547,0.16723617477033523,0.0,0.0744220982843907,-0.046231140443428076
2026-06-25,NVDA,200.0800018310547,200.8000030517578,192.1300048828125,195.74000549316406,149550000,-0.016381881943899224,-0.04353769200612412,-0.07930385760263048,39.584714171938515,-6.1828958657121245,-2.9396854842785274,-1.3167248853702556,-1.6229605989082718,207.05474234450003,205.98957445783617,188.73500999474345,-0.05464611301928223,-0.04975770735800046,0.03711550654335767,1.0051709795967412,7.503740152596063,1.0742068368586408,223.674120534171,194.0278798930751,0.057751862059555764,14.194923946149304,15.126230841097183,168154820.0,0.8893589847736746,232.27999877929688,192.1300048828125,0.1866761635878708,0.0,0.09231629487238753,-0.03034638946923753
2026-06-26,NVDA,193.1199951171875,195.5500030517578,191.22000122070312,192.52999877929688,179304100,-0.016399339040476746,-0.08619300133692742,-0.10137690184692238,37.49457744074207,-7.521976789695644,-3.697327408372132,-1.7928453899706311,-1.904482018401501,205.67143343352828,205.46174796063858,188.77277107717683,-0.06389528402095068,-0.06293993558265183,0.019903440950093082,1.0010205572325261,7.290616161157841,1.037973644885403,223.96538562122302,191.56461468395278,0.02979509645659763,15.594912961025335,16.106486926804187,169920225.0,1.0552251799337014,232.27999877929688,191.22000122070312,0.20646133201074007,1.0,0.11052822372731015,-0.014179586271480433
2026-06-29,NVDA,193.85000610351562,196.17999267578125,189.8000030517578,194.97000122070312,148835700,0.012673362368860186,-0.06556430901487675,-0.07658424844031742,40.08432049278505,-2.719287994229038,-4.054142653764984,-2.2451048427295017,-1.8090378110354823,204.65224941325923,205.05030691201367,188.83443505870446,-0.047310734283718806,-0.04916015900252183,0.03249177598403185,0.9980587324898458,7.225571408505383,1.0230171919220414,223.99475357269168,189.91824691558955,0.14824742324520826,16.465540641102386,17.173138944598445,162891480.0,0.9137107723497877,232.27999877929688,189.8000030517578,0.1913627600399879,0.0,0.09663023141987895,-0.01964405707070383
2026-06-30,NVDA,197.24000549316406,200.6300048828125,195.11000061035156,200.08999633789062,166476700,0.026260425117358155,0.0002499652741254632,-0.10817438138008795,45.213808962193966,-2.333186358774828,-3.8790650429009474,-2.5718968827637907,-1.3071681601371568,204.21774912036696,204.8557849287147,188.94643069332324,-0.020212507484074743,-0.023264115252993482,0.05897738106868143,0.9968854391465158,7.113745140905668,1.0015670193006998,221.01602054361837,190.4699795174168,0.3149349800264474,14.846697589551393,17.282870392318205,160572780.0,1.0367678756013317,232.27999877929688,189.8000030517578,0.16087762022368698,0.0,0.07146785603219011,-0.04472985712453304
2026-07-01,NVDA,196.1999969482422,199.85000610351562,193.4499969482422,197.5800018310547,146147600,-0.012544327816355838,-0.007135669190679983,-0.11327531040082084,43.258596738356886,-3.7087579900607794,-3.897917587152193,-2.837101023641471,-1.060816563510722,203.58558271186104,204.57046010135548,189.0323368737982,-0.0294990480210288,-0.03417139633374877,0.04521800395962438,0.9951856324270499,7.079906158673009,0.9912086883390091,217.96790633667732,190.99409317504146,0.24415934879315448,13.191354303745245,17.596258681365352,158212015.0,0.9237452667548669,222.82000732421875,189.8000030517578,0.12774574986969572,0.0,0.08507944833894436,-0.03259440419943371
2026-07-02,NVDA,197.13999938964844,200.05999755859375,192.35000610351562,194.8300018310547,142068700,-0.013918412665829716,-0.004649042794377389,-0.09275901359229477,41.15855680536165,-8.293713989311161,-4.087640605159265,-3.08720893994503,-1.000431665214235,202.75171786606995,204.1884813456574,189.0900250823281,-0.03907101808255953,-0.04583255359424665,0.030355788181991153,0.9929635429475758,7.124912251273375,0.9915572277283856,216.73137538320628,190.2386243116179,0.17330693618907356,13.019510573975756,18.02900655687579,157270100.0,0.9033420847319357,221.60000610351562,189.8000030517578,0.13740185813719902,1.0,0.10039520286795998,-0.018939600712040268
2026-07-06,NVDA,194.4199981689453,197.5500030517578,193.99000549316406,195.5500030517578,108999000,0.0036955356666652506,0.015685889428186606,-0.10568919886264594,41.95310336957064,-5.718143002240447,-4.132265201602678,-3.29622019227656,-0.836045009326118,202.0658402647069,203.8497174909947,189.15430347008365,-0.03224610950773913,-0.040714868489349215,0.033812075455558775,0.9912490571571796,6.870275487510544,0.9508400113521083,214.01977056771017,190.63922906607888,0.2100367942862358,11.555676024895213,18.430843869849763,154268940.0,0.7065518178837554,214.8699951171875,189.8000030517578,0.0987982191967341,0.0,0.09634362589554187,-0.02255179541440428
2026-07-07,NVDA,192.3699951171875,198.41000366210938,191.13999938964844,196.92999267578125,124154600,0.007056965494693257,0.010052784750508525,-0.03983429149003004,43.52709859496223,-3.772294869751151,-4.010051508562384,-3.438986455533725,-0.5710650530286592,201.57671192290448,203.57835573353535,189.23167351193138,-0.023051865479879453,-0.0326575142715866,0.04068198003525261,0.9901676983124286,6.898827543578429,0.9497971984216595,213.76543807227117,190.07656021874445,0.2893101353053955,11.731755465639361,19.189745209351205,149493895.0,0.8304994662156605,213.99000549316406,189.8000030517578,0.08662983523017616,0.0,0.08866098290377099,-0.021276531450013497
2026-07-08,NVDA,195.17999267578125,205.16000366210938,195.05999755859375,204.1199951171875,147419100,0.03651044893523969,0.0201409308463949,-0.021664130970493023,50.98462253732491,-3.1183289420891698,-3.29503999864869,-3.410197164156718,0.11515716550802813,201.81892936997906,203.59959649367858,189.37981601546628,0.011401634893177255,0.002555990446302675,0.07783394984667925,0.991254073414847,7.127483155002515,0.9767654649342666,213.1851927032768,190.2048051604927,0.6055245992169613,11.393632794308854,18.48540778061957,149946210.0,0.983146556355109,213.99000549316406,189.8000030517578,0.048353961454437794,0.0,0.05031356318897037,-0.0691260089549329
2026-07-09,NVDA,204.4600067138672,204.58999633789062,198.9600067138672,202.77999877929688,132037400,-0.006564748040099211,0.02631843759515995,-0.025985895569754724,49.66820908114471,-2.8133214900067176,-2.8041897771104516,-3.288995686747465,0.4848059096370134,201.91045978991409,203.56745540684008,189.5131511673452,0.00430655742296626,-0.0038682834933974623,0.07000489164066838,0.991860213541426,7.020519331361152,0.9587305258731518,212.53891741661496,190.3100800809436,0.5609793490342553,11.035816136445058,17.831380168225913,147499955.0,0.8951690866617552,213.99000549316406,189.8000030517578,0.055281619397127814,0.0,0.05725417043220193,-0.06297467378111411
2026-07-10,NVDA,202.0,211.0,201.9199981689453,210.9600067138672,148421000,0.04033932332484791,0.08279014900795167,0.052589605035507025,56.971866709515616,5.4589151140965235,-1.7351276910721936,-2.978222087612411,1.2430943965402173,202.77232140171915,203.8573593796647,189.7265527150718,0.040378712713591176,0.034841260358790656,0.11191609026219612,0.9946774647663038,7.167625224196405,0.9755130701961107,213.8006663480311,190.10233200401967,0.8801325193185261,11.734666214760518,17.01656030451272,146833675.0,1.010810360770443,213.99000549316406,189.8000030517578,0.01436290615693125,0.0,0.01625897121075406,-0.09930798037680441
2026-07-13,NVDA,208.5399932861328,210.57000732421875,203.0,203.52999877929688,121411000,-0.03521998340020871,0.04080795501407852,-0.00654071542845569,49.890228266639745,2.276381296129083,-1.470477086351849,-2.6766730873602986,1.2061960010084496,202.84448115196466,203.84452170906206,189.8639004371039,0.0033795231866261414,-0.0015429550283136482,0.07197839247340265,0.9950941013831821,7.224223902030032,0.9796917289803276,213.68194040607287,190.08705831218887,0.569739675477867,11.687317336786334,16.259941859636182,144972065.0,0.8374785859606815,213.99000549316406,189.8000030517578,0.05139294834472888,0.0,0.05335823060721329,-0.06642757506779977
2026-07-14,NVDA,208.1999969482422,212.5500030517578,203.8000030517578,211.8000030517578,124379600,0.040632851776453593,0.07550911963145213,0.032214048110063676,56.38820825598559,8.20475994068296,-0.5866567322994172,-2.2586698163481227,1.6720130840487055,203.697387999564,204.15650136955995,190.08217011486164,0.03977770717517063,0.0374394233390673,0.11425497154084754,0.9977511694855807,7.352493928489382,0.9942741757252891,214.71383400515145,189.7161647741454,0.8834358945041385,12.361926319243018,15.885447721665368,145590955.0,0.8543085660781605,213.99000549316406,189.8000030517578,0.010339954720732777,0.0,0.012228500002701627,-0.10288011440489463
2026-07-15,NVDA,211.9600067138672,213.80999755859375,206.0399932861328,212.5,124797200,0.0033049902651376417,0.041054306698378396,0.00023536386197253734,56.89769343261383,10.372410194421368,0.16832087124586792,-1.7732716788293246,1.9415925500751925,204.53573199960553,204.4836973942831,190.30523309879337,0.038938272166595275,0.039202648953769265,0.11662720220460004,1.0002544682338226,7.382316095915923,0.9953365608612972,214.72453972961668,189.710459354856,0.9110684983701719,12.369889070622245,15.744546950911694,144333980.0,0.8646418535676769,213.99000549316406,189.8000030517578,0.007011790556066144,0.0,0.04574118221507353,-0.10583531996783088
2026-07-16,NVDA,210.1699981689453,211.0800018310547,205.85000610351562,207.39999389648438,122986100,-0.02400002872242646,0.022783288021496872,-4.826076586594841e-05,52.12027224426861,6.375335999362633,0.3510712603955426,-1.3484030909843512,1.6994743513798938,204.8085188469273,204.5980619629969,190.47533022115846,0.012653160445410486,0.013694811703515636,0.08885488559423847,1.0010286357647291,7.3300073673850985,0.9856252323150623,214.7232088309489,189.71078927696126,0.7072168520659168,12.369098379960564,15.570938520069983,144198580.0,0.8528939744066828,213.99000549316406,189.8000030517578,0.031774405933535387,0.0,0.07825463579535447,-0.08384763694027869
2026-07-17,NVDA,202.63999938964844,206.64999389648438,197.97000122070312,202.80999755859375,144281900,-0.022131130535045007,-0.038632958361285996,-0.008990942549557679,48.197862364537116,1.3593889102331118,0.12409739861104185,-1.0539029930652726,1.1780003916763144,204.61818348613366,204.5279417902752,190.59806322949117,-0.008836878017062623,-0.008399557618601786,0.06407166013223665,1.0004412194004768,7.480006317984824,1.002285981554719,214.5852505902832,189.66474788383786,0.5274873396256188,12.329253086214019,15.046802757335627,144994500.0,0.9950853308228933,213.99000549316406,189.8000030517578,0.05512552669569579,0.0,0.10822936350512317,-0.06311327452217817
2026-07-20,NVDA,205.8699951171875,207.74000549316406,202.27999877929688,203.27999877929688,88701500,0.0023174460152899368,-0.0012283201567308,-0.03517017217829366,48.624221959319094,2.8849058079856182,-0.01765236607695897,-0.8466528676676099,0.829000501590651,204.49073732357778,204.47900284866822,190.7242516429221,-0.005920750055123873,-0.005863702642655686,0.0658319381422025,1.000057387187658,7.335720631976421,0.9809595492408582,213.5994866458939,189.90951146201624,0.564394315042592,11.741981118122311,14.347146972862731,137365975.0,0.6457312300225729,213.99000549316406,189.8000030517578,0.05268598375728591,0.0,0.10566703982943304,-0.0652794389617658
2026-07-21,NVDA,207.5399932861328,208.64999389648438,204.00999450683594,207.2899932861328,108685600,0.019726458731385677,-0.02129371907762856,-0.006518095615312025,52.23628972773265,6.395314550108515,0.1913768942264653,-0.6390469152887949,0.8304238095152602,204.7573331295354,204.58923776778448,190.8890848931033,0.012369081575189152,0.013200867982184693,0.08591852384966815,1.0008216236767093,7.195311666634355,0.9608024282680312,213.38709749064458,189.98590055623043,0.7394533184947786,11.602758264793296,13.515777739634158,136698185.0,0.7950771255668099,213.80999755859375,189.8000030517578,0.031453540854048924,0.0,0.08427807316578183,-0.08336147107421835
2026-07-22,NVDA,205.80999755859375,214.38999938964844,204.9499969482422,212.05999755859375,137645600,0.02301126164771805,-0.00207059972426471,0.060088005778263565,56.18270443252177,8.442850549312496,0.733478485780438,-0.36454183507494836,1.0980203208553863,205.45282497992193,204.88220873997307,191.09974074052113,0.032159073886267965,0.03503373407951865,0.1096822880912892,1.0027850941448608,7.355646721975205,0.9803184120123827,214.795052859048,189.7799456150731,0.8906638586923099,12.366116214951932,13.39148247496035,135905655.0,1.0128025945645898,214.38999938964844,189.8000030517578,0.010987465141372926,0.0,0.06149207156016695,-0.10398002124688903
2026-07-23,NVDA,209.4600067138672,210.8699951171875,205.9600067138672,208.75999450683594,110505300,-0.01556164807012217,0.006557380185027162,0.04904519852681366,52.9247589627024,6.007211837219328,0.8865951190710462,-0.11431444424574946,1.0009095633167957,205.76779350629468,205.03427877004611,191.27546465859393,0.014541639143589824,0.018171184638683464,0.09141020715568467,1.003577522454527,7.2659570164574445,0.9670589727203103,215.49176537341603,190.05923255138865,0.7353086728055007,12.542211930023637,13.27606544347753,133840385.0,0.8256498963298708,214.38999938964844,189.8000030517578,0.026968792062447178,0.0,0.08847481177768625,-0.08981605907920266
2026-07-24,NVDA,207.4499969482422,211.91000366210938,204.80999755859375,206.83999633789062,114836800,-0.009197155678610791,0.01987080926882112,0.05670782943302921,51.06921392601011,1.3325501106060398,0.8432923981256408,0.0772069242285286,0.7660854738971122,205.86990806168475,205.10509122368708,191.43033562057698,0.004712142174344388,0.008458615550949199,0.08049748576869321,1.0037289022590012,7.254103379818743,0.9645905154678825,215.73516406160863,190.92583294766874,0.641458784887595,12.201480494267269,12.915584830748061,132104725.0,0.869286091016048,214.38999938964844,189.8000030517578,0.036501659183092464,0.0,0.09983566776678869,-0.08136725067216427
2026-07-27,NVDA,208.1999969482422,208.75,195.44000244140625,196.50999450683594,154353700,-0.049941993879074276,-0.03330383861233288,0.020672080988799246,42.446586041706034,-3.0920230349173288,-0.02429013498550603,0.05690751238572167,-0.0811976473712277,204.97848772312773,204.76802860734,191.480879490092,-0.04131405841831786,-0.040328727861806496,0.026264319602752453,1.0010277928503688,7.686667249731244,1.0200243466091456,215.34859385767174,191.71040272435948,0.2030439535499229,11.614135214696649,13.088705248272765,130857205.0,1.1795582826333484,214.38999938964844,189.8000030517578,0.09098776338416936,1.0,0.15983921703797474,-0.033077198013833777
2026-07-28,NVDA,195.0,198.6999969482422,192.74000549316406,197.00999450683594,134111500,0.002544399847217882,-0.04959235424889452,0.01046311367574737,42.94869772014464,-6.612633562318836,-0.6638571893035419,-0.08724542795213105,-0.5766117613514108,204.21958360729042,204.4637919759477,191.53589555991036,-0.035303123104580995,-0.03645534202940219,0.028580015933427537,0.9988056155747762,7.563333264398878,1.0026615672853407,215.18559645701097,192.07739945363355,0.21345650863550528,11.348046464033516,13.632242680561372,130120995.0,1.0306676489831637,214.38999938964844,191.13999938964844,0.08821889938283996,1.0,0.15689561201950517,-0.03553119230079015
2026-07-29,NVDA,195.85000610351562,197.07000732421875,190.00999450683594,190.00999450683594,147680800,-0.03553119230079016,-0.10398002124688899,-0.05037734027458651,37.95613089009109,-6.642757506779977,-1.7157817225806014,-0.41295268687782516,-1.3028290357027763,202.86628940724714,203.8969763889237,191.5207124648549,-0.06337324420915771,-0.06810783626138199,-0.007888013461187334,0.9949450600007351,7.527381803897731,0.997814800819326,216.05350855213564,190.2014871754034,-0.007407260955609967,12.72699247940832,14.502206947612354,129181200.0,1.1432065966255152,214.38999938964844,190.00999450683594,0.12830906577356518,1.0,0.19951583999832964,0.00794700178558594
2026-07-30,NVDA,193.4499969482422,197.25,191.52000427246094,195.0399932861328,129010200,0.026472285272951313,-0.06572141014428823,-0.01285559531016589,43.07670267874256,-7.913130086938354,-2.11913258850808,-0.7541886672038762,-1.3649439213042038,202.1209278719029,203.549643718226,191.55573018446964,-0.03503315891295379,-0.04180626542325504,0.01818929195335365,0.992980995592889,7.506854924559612,0.9958468672738157,216.18927446450195,189.81172040854491,0.19820916171744737,12.993837152642977,15.269074589935732,128324330.0,1.005344816528557,214.38999938964844,190.00999450683594,0.09921045308450231,1.0,0.16858083477564517,-0.00046142504608578483
2026-07-31,NVDA,198.44000244140625,202.0,194.9499969482422,200.75,139961200,0.029276081370092744,-0.029443030582644636,0.030385454567098957,48.293654790220764,-5.529411764705882,-1.955499454000261,-0.9944508245631533,-0.9610486294371078,201.99036331267405,203.43985376849167,191.64721545626597,-0.0061407053897616064,-0.01322186247515018,0.047497609198560185,0.9928750909471844,7.474222647930911,0.9921248642941389,215.99511631575228,190.59787837418912,0.39973329576901345,12.492708075765309,14.955360567544544,128218955.0,1.0915796342280282,214.38999938964844,190.00999450683594,0.06794520243909524,1.0,0.13534245663235522,-0.019427117790706726
2026-08-03,NVDA,197.69000244140625,208.74000549316406,196.85000610351562,206.63999938964844,128406900,0.029339972053043173,0.05154956575229108,0.05671181879222642,53.071447208032424,-0.36643902083008695,-1.3351544605079084,-1.0625915517521043,-0.27256290875580413,202.4331857961954,203.56534967520372,191.79639738595137,0.020781244818664897,0.01510399348096532,0.07739249644938458,0.9944383271474457,7.789635272339305,1.0333532952701203,216.10902351176946,191.59297081196098,0.6137622871811252,12.02645708931305,14.291045460949647,129189350.0,0.9939433862001783,214.38999938964844,190.00999450683594,0.03750483944488531,1.0,0.10298102420708238,0.002951996768066775
2026-08-04,NVDA,211.3000030517578,213.05999755859375,209.0500030517578,211.94000244140625,134922000,0.025648485614655492,0.07578299756793427,0.07622002906554193,56.928201693809335,4.501752868556075,-0.41112147902174456,-0.9322975372060325,0.5211760581842879,203.3385969052631,203.8937674307411,191.9968312671002,0.04230089942122774,0.03946287869440773,0.10387239749056909,0.9972771579412423,7.691804050668305,1.020379224935932,216.91054094061042,192.29245435968255,0.7980940361524708,12.032212307176257,14.303020552680026,129727720.0,1.0400398619508613,214.38999938964844,190.00999450683594,0.011559860904123144,0.0,0.0753986767172797,-0.022128915671324793
2026-08-05,NVDA,216.86000061035156,222.22000122070312,216.39999389648438,219.22000122070312,158187400,0.0343493379986608,0.1537287908969247,0.07397612416581989,61.596853751384046,7.841402271313703,0.8982617735283611,-0.5661856750591538,1.464447448587515,204.85111160197167,204.49479620681805,192.26770858007137,0.07014308834530673,0.07200772482734721,0.14018106753171775,1.0017424179087289,7.876675102713203,1.0441022905982287,219.2102413221484,191.50275458849612,1.000352247702888,13.492383737319269,15.387397144559037,130266135.0,1.214340165999398,222.22000122070312,190.00999450683594,0.013684882689968102,0.0,0.039686145879925125,-0.054602687501365994
2026-08-06,NVDA,221.52999877929688,223.6300048828125,217.0,218.99000549316406,113940600,-0.0010491548501886383,0.12279539085040603,0.07993888357554413,61.37052927828509,5.644272558242179,1.8955480042579325,-0.07383893919573659,1.969386943453669,206.1976729249424,205.06323578667477,192.5336020816942,0.0620391704075056,0.06791451257980298,0.13741187577347655,1.00553213321693,7.787627229863153,1.0314758051517543,221.17184411006053,191.16215247197073,0.9272955336159745,14.556011333942756,16.5368323143938,129361295.0,0.8807935944054982,223.6300048828125,190.00999450683594,0.021188178790165185,0.0,0.052422464220164694,-0.05360977760937376
2026-08-07,NVDA,221.5399932861328,224.75999450683594,220.66000366210938,223.9600067138672,105669400,0.022695105237842794,0.11561647180008561,0.06162305454242989,64.41338317780958,5.611623734922178,3.0517632624154487,0.5512815011265005,2.500481761288948,207.88932376198287,205.80428562695684,192.84630262529794,0.07730403207373905,0.08821838200113832,0.16133938615884844,1.010131169662834,7.643510214420919,1.0116981346048786,223.6151839624546,190.01881261957666,1.0102636903221895,16.244492290524366,17.720833419178284,127223715.0,0.8305794245986293,224.75999450683594,190.00999450683594,0.0035720118279457644,0.0,0.02906766526022278,-0.07461156551587357
2026-08-10,NVDA,223.39999389648438,224.13999938964844,216.77000427246094,217.5500030517578,115846600,-0.028621197847608748,0.05279715299232568,0.06888421538126122,58.061044392828315,4.210580942812796,3.411512665277513,1.1233277339567032,2.28818493132081,208.80938845624715,206.2649019965569,193.09211058974034,0.041859298856871494,0.05471168844512989,0.1266643799548218,1.0123360127440961,7.62397342176139,1.007889954311419,224.87000247348777,190.1659945357896,0.7890733705780879,16.723372520828566,18.048232050128657,126945495.0,0.9125696031986011,224.75999450683594,190.00999450683594,0.033141766738393225,0.0,0.05938863703840761,-0.04734545119407475
2026-08-11,NVDA,222.1699981689453,222.1999969482422,216.1999969482422,217.5,101273100,-0.00022984624709898593,0.026233827944448063,0.026912166506670276,58.01298197132357,5.153743884570254,3.650501125895005,1.6287624123443636,2.0217387135506413,209.63706574612837,206.70549407512328,193.33497516098674,0.03750736648543654,0.052221669158699774,0.1249904463426306,1.0141823597099875,7.507975320207004,0.9915764452526122,225.60828128339517,189.9977154207064,0.7723068677240346,17.136694920233484,18.24172449831412,125790170.0,0.8050955015006339,224.75999450683594,190.00999450683594,0.03337928508890071,0.0,0.05963218952047414,-0.047126436781609195
2026-08-12,NVDA,221.0399932861328,225.10000610351562,220.1999969482422,224.08999633789062,108783600,0.030298833737428144,0.022215103959809523,0.05454115923713232,62.4273267088089,14.034910489041447,4.321839358451058,2.167377801565703,2.154461556885355,211.01353532629622,207.38723926189846,193.64099527219972,0.061969773604209036,0.08053898173985069,0.15724460113876618,1.017485627743071,7.514548947586191,0.9926839414339825,227.46981636444056,189.29517997345008,0.9114642509771854,18.31950222616131,18.788305419487262,124989490.0,0.87034197835354,225.10000610351562,190.00999450683594,0.004507161328621149,0.0,0.028470725989894294,-0.0751483627698342
2026-08-13,NVDA,225.05999755859375,227.22999572753906,223.7100067138672,225.3000030517578,98867200,0.005399646274448999,0.028814089229248996,0.08630670049203348,63.19252593062573,14.359681911437368,4.895089627702902,2.712920166793143,2.182169460909759,212.37415130014972,208.089700586991,193.9560102749814,0.06086358284412798,0.0827061715030535,0.16160361688373703,1.0205894414815913,7.229223238020883,0.956543766145163,229.72667816969826,188.82831908371972,0.8917639920801107,19.542645221944994,19.55401143907767,123783545.0,0.7987103617043768,227.22999572753906,190.00999450683594,0.008566323345046149,0.0,0.022947173097719032,-0.08011541414675975
2026-08-14,NVDA,226.77000427246094,227.49000549316406,224.5,225.16000366210938,75680900,-0.0006213909798140627,0.005358085873677032,0.1102016980058318,63.032573623411494,18.499031720149254,5.277264791871829,3.2257890918088803,2.051475700062949,213.59185152509826,208.75912423699563,194.26649777137072,0.05416008173725548,0.07856365313400349,0.15902642115418475,1.0231497775523106,6.92642197053111,0.91878851147416,231.73179333685172,189.05820452691782,0.8459986643257782,20.28260606315526,20.297102054123634,120353495.0,0.6288217886817495,227.49000549316406,190.00999450683594,0.010348204801733964,0.0,0.0426363061315853,-0.07954345074974488
2025-06-24,AAPL,202.58999633789062,203.44000244140625,200.1999969482422,200.3000030517578,54064000,-0.005955319842392948,0.009474876021376533,0.025759198388086713,48.47981108151222,-0.16448279072087985,-1.2705829778369662,-1.5088238798681146,0.23824090203114845,200.50779879645265,204.1944966153907,217.68470520820247,-0.001036347443551457,-0.01907247074816283,-0.07986184486327208,0.981945165613924,4.420496181609395,0.6150805151411367,204.69458620344983,195.88141477311268,0.5013618892553526,4.400249345368447,17.566324902460412,53441400.0,1.0116501438959309,206.24000549316406,195.07000732421875,0.029655528461830904,0.0,0.07953066616611541,-0.005192254263985884
2025-06-25,AAPL,201.4499969482422,203.6699981689453,200.6199951171875,201.55999755859375,39525700,0.0062905366332437485,0.030259651336200788,0.006742873979600494,50.59707487620272,-1.157316904444227,-1.037631502580325,-1.4145854044105568,0.3769539018302317,200.60800820237085,204.09118292688888,217.52426035596758,0.004745520205068464,-0.012402227925749517,-0.07339072327495352,0.982933242511673,4.345460391293545,0.6166738217864571,204.79646294591402,195.91453711512116,0.6356122029189069,4.433083109492868,16.579049470404804,52603260.0,0.7513925942992887,206.24000549316406,195.07000732421875,0.023218932284466837,0.0,0.07278228987217925,-0.011411009523797987
2025-06-26,AAPL,201.42999267578125,202.63999938964844,199.4600067138672,201.0,50799100,-0.002778316954637594,0.022484475164182616,0.0028939319247263118,49.62103952507298,-0.2233789799251293,-0.8879669724798305,-1.3092617180244117,0.42129474554458124,200.64534075452602,203.96996006701087,217.3598398549132,0.0017675927292419842,-0.014560771919723518,-0.07526615710534772,0.9837004463235979,4.262212697328382,0.617730278569018,204.83433513416307,195.93466510997754,0.569159853821212,4.441296616636527,16.004576093865982,52876230.0,0.9607171313083402,206.24000549316406,195.07000732421875,0.026069679070467845,0.0,0.0757711230225824,-0.008656743747084888
2025-06-27,AAPL,201.88999938964844,203.22000122070312,200.0,201.0800018310547,73188600,0.00039801905997349785,0.00039801905997349785,0.00565143735963658,49.770113150772666,-0.7845247704424447,-0.7542072433143687,-1.1982508230824032,0.44404357976803444,200.68673704752877,203.8566283714832,217.19785141686486,0.0019595952842303807,-0.013620486920683853,-0.07420814469695344,0.9844503887399776,4.187769020426577,0.6192389582664058,204.89602544451537,195.9859752879065,0.5717169324091601,4.445223352672341,15.268738651457308,53965820.0,1.3562028706318185,206.24000549316406,195.07000732421875,0.02566144626577401,0.0,0.0753431159664164,-0.009051160272755026
2025-06-30,AAPL,202.00999450683594,207.38999938964844,199.25999450683594,205.1699981689453,91912800,0.020340144721736175,0.01821339041660197,0.021508548340313238,56.80688978031277,3.2146088282972474,-0.3145472662354507,-1.0215101117130128,0.706962845477562,201.1137142971875,203.9081330694229,217.0781712850448,0.020169106248834858,0.006188400043331286,-0.0548566124617976,0.9862956973310869,4.469357296311286,0.6737876301895303,205.56615998305818,195.74783995590667,0.9596507535894807,4.8930862260697445,15.040329356215091,55020465.0,1.6705202327897446,207.38999938964844,195.07000732421875,0.010820301411101418,0.0,0.05390650512891509,0.0047277927053661455
2025-07-01,AAPL,206.6699981689453,210.19000244140625,206.13999938964844,207.82000732421875,78788900,0.012916163079025322,0.0375437052315859,0.03034214411786529,60.65308554364031,4.327314512066125,0.24489700473120024,-0.7682286884241701,1.0131256931553705,201.75240887119048,204.0615399029443,216.98605025060874,0.030074478351840232,0.018418303728679246,-0.04224254469724482,0.9886841438477183,4.508689223179118,0.692205385118766,206.77415124369372,195.15184973286875,1.089987002965886,5.783304131898001,15.509116960625631,57188745.0,1.3776994057134844,210.19000244140625,195.07000732421875,0.011404075804357343,0.0,0.04046765521569798,-0.0028871431160117276
2025-07-02,AAPL,208.91000366210938,213.33999633789062,208.13999938964844,212.44000244140625,67941800,0.022230752354752248,0.05397898895910469,0.045112402106579186,66.28903308979997,8.139478616218497,1.0489638132159769,-0.40479018809614076,1.4537540013121175,202.77027492549675,204.39010706131535,216.94081594404952,0.047688091952641336,0.03938495603251463,-0.020746734463301907,0.9920748016667282,4.58092492250003,0.7157657092595171,209.05094637348915,193.79205441996785,1.2221036808072425,7.575602367903489,16.594518259190206,58266755.0,1.1660474313354159,213.33999633789062,195.07000732421875,0.004236461523919446,0.0,0.017840299579068884,-0.024571649221962658
2025-07-03,AAPL,212.14999389648438,214.64999389648438,211.80999755859375,213.5500030517578,34955800,0.005225007520218483,0.06243782612814841,0.052904029878998005,67.49376206476094,7.62524192240442,1.7555237396271082,0.027272597448509073,1.728251142178599,203.7969156994264,204.74931866878367,216.9070765122854,0.047856893804594625,0.042982728539432545,-0.015477012158879217,0.9953484437674787,4.456572880742216,0.7088919443178896,211.23625803868057,192.67974232753036,1.1246863931296627,9.188304347599958,17.847025201269105,57834345.0,0.6044124818911669,214.64999389648438,195.07000732421875,0.005150975551426024,0.0,0.012549719679150292,-0.02964177822802697
2025-07-07,AAPL,212.67999267578125,216.22999572753906,208.8000030517578,209.9499969482422,50229000,-0.016857907057220234,0.044111771615359174,0.04645363025771476,60.004076193504744,7.3144538965639105,2.001910388932288,0.4222001557452648,1.579710233187023,204.38292343740886,204.95326683660556,216.8378518400064,0.027238447406483953,0.02437985102047742,-0.03176500243530537,0.9972172026921026,4.6689600089592895,0.7554674893308739,212.3052514514655,192.5427481212884,0.8808220566052043,9.76292502422289,17.966044678899422,57589490.0,0.8721903944626007,216.22999572753906,195.07000732421875,0.029911878402384635,0.0,0.027768525438425826,-0.013003075814342941
2025-07-08,AAPL,210.10000610351562,211.42999267578125,208.4499969482422,210.00999450683594,42848900,0.00028577070476720756,0.02359017585946055,0.02986463511462545,60.08357609999801,6.831820404256223,2.176920698458815,0.7731442642879749,1.4037764341708403,204.9188349678305,205.15156988249697,216.7699129610694,0.02484476129197526,0.023682122574648898,-0.03118476342908099,0.9988655465088531,4.54831970314356,0.7484205701244387,213.13667498911585,192.3203242174271,0.8497968968445542,10.26809294816723,17.961639028467488,57401550.0,0.7464763582168077,216.22999572753906,195.07000732421875,0.029617643842663074,0.0,0.02747490321120465,-0.013285050040996962
2025-07-09,AAPL,209.52999877929688,211.3300018310547,207.22000122070312,211.13999938964844,48749400,0.005380719548448543,0.015975324552126358,0.048101278670636294,61.6304982911768,5.044775815745491,2.3793716643981497,1.09438974431001,1.2849819200881398,205.51132681752745,205.38641025532644,216.71389392055775,0.027388624555563477,0.028013485055653816,-0.025720060814155957,1.000608202665623,4.5170111965155595,0.7550525749334226,214.22276381513103,192.20323563555257,0.8599986157586411,10.835688764665433,17.54927146535568,56195890.0,0.8674904872936438,216.22999572753906,195.07000732421875,0.02410721015726283,0.0,0.0219759373072913,-0.017050327336943824
2025-07-10,AAPL,210.50999450683594,213.47999572753906,210.02999877929688,212.41000366210938,44443600,0.0060149866256142825,-0.00014121059570759709,0.04805844762994882,63.34961336851651,5.414393876977357,2.6121826290836907,1.397948321264746,1.2142343078189446,206.16834365986858,205.66184529088656,216.67106914186675,0.0302745799449119,0.03281191200865789,-0.01966605646352997,1.0024627726560784,4.440795893067461,0.7535116465585397,215.4100057381402,191.98999426185978,0.8719043293779254,11.497305584821023,17.690884585571478,55684440.0,0.79813319483863,216.22999572753906,195.07000732421875,0.017984049713149628,0.0,0.015865519792317834,-0.024716350028181455
2025-07-11,AAPL,210.57000732421875,212.1300048828125,209.86000061035156,211.16000366210938,39765800,-0.005884845244805148,-0.011191755352347954,0.062279932381717584,60.47749648875108,5.4218674213126805,2.6651008193178995,1.6513788208753768,1.0137219984425228,206.64373985055818,205.87745934466002,216.61623266943138,0.0218553139563641,0.025658682277625168,-0.025188458593721815,1.0037220223541534,4.305739261545344,0.7412162278186335,216.23036614833836,192.4076343399429,0.7871628440008666,11.659577317787239,17.762014144633103,54623235.0,0.728001554649775,216.22999572753906,195.07000732421875,0.024010191217568276,0.0,0.021879120274028076,-0.04574731717454866
2025-07-14,AAPL,209.92999267578125,210.91000366210938,207.5399932861328,208.6199951171875,38840100,-0.012028833590031152,-0.0063348504424249885,0.04728914815893748,55.01891257263105,3.502677934167666,2.4735676562960407,1.8158165879595096,0.6577510683365311,206.8319546378562,205.98500976711207,216.53666811667273,0.008644894752660375,0.012792121878453888,-0.036560426778247036,1.0041116820670626,4.256758626861859,0.7434213059168703,216.5989859887876,192.98101431638815,0.6621644321419629,11.532775845891807,17.03002921918224,54370010.0,0.7143662471277824,216.22999572753906,195.07000732421875,0.036477810317638935,0.0,0.03432079297138995,-0.034129015836607636
2025-07-15,AAPL,209.22000122070312,211.88999938964844,208.9199981689453,209.11000061035156,42296300,0.0023487944810314243,-0.004285481262917168,0.06444389849211785,55.84685153043236,4.03482617430426,2.3344060134253652,1.9195344730526809,0.41487154037268437,207.04891139714147,206.1075584276313,216.4627709275551,0.00995460057868501,0.014567356023357481,-0.033967828674171,1.0045672898980058,4.186276172976078,0.7415493457772364,216.72214807583887,194.12385259554785,0.6631539103413263,11.000859418547034,16.62160001904046,53912460.0,0.7845366358723012,216.22999572753906,195.07000732421875,0.034049041635529534,0.0,0.03189707880769394,-0.036392332208595696
2025-07-16,AAPL,210.3000030517578,212.39999389648438,208.63999938964844,210.16000366210938,47490500,0.005021295245053015,-0.00464144989282933,0.05916745086938269,57.6458811548251,4.515616544843485,2.282534245921312,1.992134427626407,0.2903998182949048,207.34520589856697,206.2664778485912,216.40005682541138,0.013575417629474314,0.018876192845917426,-0.028835727932993886,1.0052297787853177,4.155827482537497,0.7474641085820812,217.00872301785142,195.0112782028517,0.6886584140412519,10.677852895406662,16.384851913792193,54135950.0,0.8772451577925574,216.22999572753906,195.07000732421875,0.028882717737238234,0.0,0.026741506562891027,-0.04120671636470248
2025-07-17,AAPL,210.57000732421875,211.8000030517578,209.58999633789062,210.02000427246094,48068100,-0.0006661562010320532,-0.011251821234607773,0.07350237644487212,57.310582566710664,2.3638963526830725,2.2047141434784407,2.0346503707968138,0.17006377268162698,207.59994860084257,206.41367496325276,216.33657371543177,0.011657303809219428,0.017471368163229424,-0.029197880573257073,1.0057470690243755,4.0168402847753315,0.7338635229453597,216.75958857423677,196.69841313474763,0.6640483842980909,9.704093454023589,16.16501438749023,54596545.0,0.8804238436699612,216.22999572753906,195.07000732421875,0.02956857122534773,0.0,0.051566525143980205,-0.04056758451165374
2025-07-18,AAPL,210.8699951171875,211.7899932861328,209.6999969482422,211.17999267578125,48974600,0.005523228167424676,9.466287803183704e-05,0.07426997003120461,59.41688629311056,1.6167766495747482,2.2111537176871536,2.0699510401748817,0.1412026775122719,207.94090517940813,206.60058938335195,216.28526445135566,0.015576961606368248,0.022165489973177663,-0.023604343959930763,1.0064874732451425,3.8792085742835667,0.7195485732971296,216.5057082001186,198.41229259333846,0.7056544966367964,8.72144162084059,15.960879541638407,54775540.0,0.8940961604394955,216.22999572753906,196.86000061035156,0.023913264641082347,0.0,0.09385362255717024,-0.04583764092956795
2025-07-21,AAPL,212.10000610351562,215.77999877929688,211.6300048828125,212.47999572753906,51377400,0.006155900638530998,0.018502543862985332,0.05711440660467204,61.69775558832929,0.01882568521615564,2.294704582319241,2.114901748603754,0.17980283371548733,208.37319951732536,206.83115433802595,216.24740108096944,0.019708850369081266,0.027311366160443756,-0.017421737022493652,1.0074555749796679,3.9306941120858565,0.7399092132374798,216.82068250885504,199.24531785735587,0.7530243686326177,8.448354172669612,16.887221459038955,52503735.0,0.9785475261902796,216.22999572753906,198.9600067138672,0.01764872023439124,0.0,0.08716116643850534,-0.051675432738706374
2025-07-22,AAPL,213.13999938964844,214.9499969482422,212.22999572753906,214.39999389648438,46404100,0.00903613614246912,0.025297658030186687,0.06401982082622526,64.84069787518217,0.39802895461469573,2.4871764289717078,2.1893566846773447,0.2978197442943631,208.94717993438812,207.12797157561258,216.2290189199298,0.026096614291748182,0.03510883762127267,-0.008458739870261,1.0087830163397822,3.844216048415661,0.7342635238714301,217.34581192848475,200.01018782737464,0.8300714173992885,8.307355883826244,17.747396096625174,52033225.0,0.8918167190290435,216.22999572753906,199.25999450683594,0.00853545654454744,0.0,0.07742540380635628,-0.06016788369272385
2025-07-23,AAPL,215.0,215.14999389648438,212.41000366210938,214.14999389648438,46989300,-0.0011660448093142595,0.018985488032204456,0.06914623381781837,64.10310766339437,2.0004748793959686,2.5896865489533525,2.2694226575325462,0.32026389142080625,209.44268602601633,207.4033449999605,216.20833210377614,0.02247539868679536,0.032529122886253994,-0.009520161352078668,1.0098327296797225,3.7653427759841853,0.729209505032495,217.44286715359513,201.29813168673692,0.7960404328785479,7.711084184051571,18.5987582966654,51679490.0,0.9092446539236358,216.22999572753906,199.25999450683594,0.009712826945305014,0.0,0.09736169366221921,-0.0590707179875014
2025-07-24,AAPL,213.89999389648438,215.69000244140625,213.52999877929688,213.75999450683594,46022600,-0.0018211505989440546,0.017807780965107822,0.06052786810882771,62.901026479880606,1.785629302455858,2.609377585674025,2.337413643160842,0.271963942513183,209.85385826228486,207.65262537277914,216.1839705356474,0.018613602232030416,0.029411470830637387,-0.011212561332856807,1.0106005541011247,3.650675696421699,0.7183911027773084,217.4187428186855,202.54225571647075,0.7540583145260911,7.084699366895802,19.536323119555444,52004335.0,0.8849762236167428,216.22999572753906,199.25999450683594,0.01155502097762322,0.0,0.09992515512376887,-0.05735401769222945
2025-07-25,AAPL,214.6999969482422,215.24000549316406,213.39999389648438,213.8800048828125,40268800,0.0005614258002459849,0.012785359885756353,0.0640796262826493,63.130147884386865,1.2977197599150871,2.6046420166792643,2.3908593178645265,0.21378269881473777,210.2373007975732,207.8968363339569,216.16104550427593,0.017326630771133517,0.028779507443992287,-0.0105525054995087,1.0112578166406325,3.521342546440127,0.7039768635061527,216.99473320110815,204.25426582232933,0.7555247993897225,6.048900962762863,20.336071424947562,51477820.0,0.7822553480314435,216.22999572753906,199.25999450683594,0.010987426552632355,0.0,0.09930797526403955,-0.05788294651290876
2025-07-28,AAPL,214.02999877929688,214.85000610351562,213.05999755859375,214.0500030517578,37858000,0.0007948296477664485,0.0073889653416219225,0.06450169635268055,63.47427017293964,0.772091408772471,2.5848103904405093,2.429649532379723,0.1551608580607864,210.60041529797172,208.13813698955695,216.14004010673847,0.016379776596856962,0.028403569608665465,-0.009669828200034121,1.0118300199282426,3.3976758320459663,0.6897640879122858,216.0714363646794,206.47456278082842,0.7893654328923181,4.542404189488594,20.884772460656936,49711290.0,0.7615573846504486,216.22999572753906,199.25999450683594,0.010184501960759665,0.0,0.09843490663410508,-0.05863117436500662
2025-07-29,AAPL,214.17999267578125,214.80999755859375,210.82000732421875,211.27000427246094,51411700,-0.012987613826964783,-0.014598832617199853,0.029731472232566114,54.513762615425335,0.05209348761310949,2.318049978481156,2.4073296216000095,-0.08927964311885361,210.6641856764945,208.26095531437673,216.0915820387357,0.0028757550507268457,0.014448454601305056,-0.02231265892352277,1.0115395147327977,3.4399840036408973,0.7084145642407886,215.47717562016823,207.67882413569117,0.46050503672707754,3.685804520780197,20.219984680011827,47686235.0,1.0781245363572947,216.22999572753906,206.13999938964844,0.023477026339629024,0.0,0.11288867497711037,-0.04624416185395258
2025-07-30,AAPL,211.89999389648438,212.38999938964844,207.72000122070312,209.0500030517578,45512500,-0.010507886476113892,-0.023815040812897648,0.005918562622414747,48.61212193117947,0.20612019204044435,1.9055390172776754,2.3069715007355427,-0.4014324834578673,210.51045399794813,208.2918983629015,216.02151657617873,-0.006937664702412113,0.0036396263840060227,-0.032272310809198575,1.0106511854396771,3.5278421583054986,0.7359485539101103,215.33302028261127,207.945979046002,0.1494541549713297,3.490388726266253,19.229069016994448,46022415.0,0.9889202902542163,216.22999572753906,207.22000122070312,0.0343458147379388,1.0,0.12470696811697787,-0.03611577585047219
2025-07-31,AAPL,208.49000549316406,209.83999633789062,207.16000366210938,207.57000732421875,80698400,-0.007079625476841711,-0.02895765036342768,-0.022924096503579627,45.106255896630984,-0.7364512847964567,1.4425687871603827,2.134090958020511,-0.6915221708601282,210.23041145759294,208.26358891040414,215.93742195675625,-0.012654706400129091,-0.003330306511157678,-0.03874925687597182,1.0094439097946877,3.467281480982338,0.733104862664683,215.46894953683764,207.3230502800569,0.03031673193801038,3.8533838200858246,18.511661840041388,46660245.0,1.7294894186689334,216.22999572753906,207.16000366210938,0.04172080790937008,1.0,0.13272624570435368,-0.02924318114388059
2025-08-01,AAPL,210.8699951171875,213.5800018310547,201.5,202.3800048828125,104434500,-0.025003624118486445,-0.0537684670724643,-0.05230624214150936,35.4508737748679,-3.7019407326454874,0.6493860042821211,1.837149967272833,-1.187763962990712,209.48275368856625,208.0328601250084,215.8025222843787,-0.0339061267846098,-0.027172895853083166,-0.06219814884220083,1.006969541074836,4.082475791701791,0.8719432856361341,216.37563302807357,205.29936697192645,-0.26356915537377823,5.253461104474829,19.454503998000998,50134180.0,2.083099793394447,216.22999572753906,201.5,0.0684355692784289,1.0,0.16177482678356978,-0.0034589000402316912
2025-08-04,AAPL,204.50999450683594,207.8800048828125,201.67999267578125,203.35000610351562,75109300,0.004792969647692269,-0.04998830551595412,-0.03143601305387789,38.11707498969764,-3.1758870742104457,0.09792510647881159,1.4893049951140287,-1.391379888635217,208.89868248999,207.84921879083223,215.6786166507383,-0.026561567169004163,-0.021646522000375347,-0.05716195114134606,1.0050491587375794,4.233728392796752,0.9128917773710572,216.93325327605177,204.0817476394756,-0.05693819515414503,6.105010799439286,20.330000287534922,51378195.0,1.461890593859905,215.77999877929688,201.5,0.06112609934938326,1.0,0.1562330369318962,-0.005851991176240622
2025-08-05,AAPL,203.39999389648438,205.33999633789062,202.16000366210938,202.9199981689453,44155100,-0.002114619727876521,-0.03952291349768311,-0.033760280573979284,37.37996829648916,-3.9113527764523015,-0.36954973537245905,1.1175340490167314,-1.4870837843891904,208.32928398322383,207.65591602134646,215.55166522305876,-0.025965076588628257,-0.022806563584320334,-0.058601574898722295,1.003242710223614,4.158461555867073,0.9046561252482636,217.38156582099637,202.92443546074193,-0.0003069275634962115,6.879335682177698,21.142961127816424,51443505.0,0.8583221535935391,215.77999877929688,201.5,0.06337473253693131,1.0,0.15868321130888935,0.013157885832042781
2025-08-06,AAPL,205.6300048828125,215.3800048828125,205.58999633789062,213.25,108483100,0.05090677076812433,0.02009087245601382,0.009993372248039423,58.261304064800456,0.3623890662386431,0.09245216976117376,0.9125176731656198,-0.8200655034044461,208.79792360386918,207.87529186364662,215.5287630815358,0.021322417001508435,0.025855444811011152,-0.010572895463951232,1.0044383905944279,4.751429067152796,1.0407946066074731,217.6022790747472,202.91472226802622,0.7036757622782018,6.985475859392805,20.70416253922387,54430190.0,1.993068552580838,215.77999877929688,201.5,0.011864003654381538,1.0,0.1025556629176436,0.015615483381264655
2025-08-07,AAPL,218.8800048828125,220.85000610351562,216.5800018310547,220.02999877929688,90224800,0.03179366367782821,0.060027899096308124,0.035873993624655265,66.22261992937204,2.625935188006933,0.9942204918496031,0.9288582369024165,0.06536225494718662,209.867645049148,208.35194703680938,215.5735514964389,0.04842267957868853,0.0560496405652705,0.02067251409981786,1.0072747004954545,4.954898855464427,1.0916395556794891,219.0965140853032,202.182486769189,1.055189972000597,8.029845912949368,21.342464690140087,56719250.0,1.5907262525509418,220.85000610351562,201.5,0.0037267978401493438,0.0,0.06858154079720187,-0.0035449656120721067
2025-08-08,AAPL,220.8300018310547,231.0,219.25,229.35000610351562,113854000,0.04235789381413979,0.13326415935368718,0.08614321900899968,73.66017487896657,7.097834527316689,2.4328803542001367,1.2296626603619607,1.203217693838176,211.72310800670684,209.17540033354297,215.7106306467581,0.08325448394726158,0.09644827134454108,0.06322996421577824,1.0121797671671735,5.440263222931255,1.2016503564056,223.30377566129633,199.7942254373365,1.2571818850050676,11.113051899519261,23.222047498486578,60423660.0,1.8842618934371071,231.0,201.5,0.007194217800629375,0.0,0.02515800680235268,-0.02428605701324797
2025-08-11,AAPL,227.9199981689453,229.55999755859375,224.75999450683594,227.17999267578125,61806100,-0.009461579986856261,0.11718704626020493,0.0889655737369186,69.80603015754264,6.27806816701436,3.359203900505065,1.6555709083905819,1.7036329921144833,213.1951922609044,209.88146277833664,215.82475365202203,0.0655962278819235,0.08242047519801274,0.05261323750688682,1.0157885762691987,5.394530353561723,1.1945856222645863,225.96328128027238,198.99071957421978,1.0451092265083535,12.69434416516447,24.96737439195118,61571960.0,1.0038027049975347,231.0,201.5,0.01681489324489255,0.0,0.03495027157931897,-0.014966079787389812
2025-08-12,AAPL,228.00999450683594,230.8000030517578,227.07000732421875,229.64999389648438,55626200,0.010872441677679756,0.1317267690160555,0.09822578177122354,71.62588609715763,7.373288130562951,4.2437115751818055,2.173199041748827,2.0705125334329786,214.76231622619773,210.65669929277382,215.96231823156893,0.06932164791241208,0.0901623098979316,0.06337992561386825,1.0194896100964577,5.2756350231315325,1.171566972499157,228.81333911681003,198.19466106629545,1.02732498046761,14.341032504020987,26.71893045308474,62238455.0,0.8937593325541259,231.0,201.5,0.005878537510974808,0.0,0.04006101655364377,-0.025560615167416128
2025-08-13,AAPL,231.07000732421875,235.0,230.42999267578125,233.3300018310547,69878500,0.01602441991019199,0.09416179053249563,0.11024932320708136,74.12787387469453,9.00724060005499,5.181902419635776,2.774939717326217,2.406962702309559,216.5306672361841,211.5458484119221,216.13513100370312,0.07758408916990218,0.10297603844588046,0.0795561126388883,1.0235637752368203,5.280947243158968,1.174592301324825,232.1377676606024,197.18723233939758,1.0341120431917659,16.281621299111315,28.753941656777027,63357855.0,1.1029177045214047,235.0,201.5,0.007157237199845766,0.0,0.02815751088103435,-0.040929168888759554
2025-08-14,AAPL,234.05999755859375,235.1199951171875,230.85000610351562,232.77999877929688,51916300,-0.0023571895917441354,0.05794664396098548,0.10837060300841239,73.09052465910973,10.181281806145998,5.814024320197234,3.38275663790042,2.431267682296814,218.07822262124245,212.37856019103484,216.30075157858468,0.0674151503132358,0.09606166728840622,0.0761867311160267,1.0268372778545996,5.208735941052747,1.159687747808653,234.8147839716053,196.78621547907832,0.9464932477616591,17.62209473144293,30.654703447080596,63550265.0,0.8169328640879783,235.1199951171875,201.5,0.010052394321512175,0.0,0.036687037501958314,-0.0386631155906701
2025-08-15,AAPL,234.0,234.27999877929688,229.33999633789062,231.58999633789062,56038700,-0.005112133549474374,0.009766689229404157,0.09664743048572921,70.78251889539888,10.78210617416362,6.148090864397346,3.9358234831998056,2.212267381197541,219.36505821330417,213.1319498438527,216.4528833672345,0.05572873922655098,0.08660384568132927,0.06993260027390989,1.0292453026119126,5.189540691077997,1.1561918162002423,236.89509133195534,196.7469084849392,0.8678621392584646,18.516740935596047,31.920983653567326,63903470.0,0.8769273405653871,235.1199951171875,201.5,0.015242449307467406,0.0,0.04201395198492082,-0.033723380465877015
2025-08-18,AAPL,231.6999969482422,233.1199951171875,230.11000061035156,230.88999938964844,37476200,-0.0030225698834628334,0.016330692990037754,0.08664346777245013,69.39437948609678,11.234759956916362,6.283919985897796,4.405442783739404,1.8784772021583924,220.4626716586703,213.82834394368783,216.59653626297992,0.0472974751350293,0.07979136503275616,0.06599118976359848,1.031026418633858,5.033858820774992,1.1227770245753312,238.60770123003613,196.87529895306932,0.8150669163695068,19.16603048083153,33.09681527387643,63208410.0,0.5928989512629728,235.1199951171875,201.5,0.018320393861669736,0.0,0.045173060600899824,-0.03079388725863684
2025-08-19,AAPL,231.27999877929688,232.8699951171875,229.35000610351562,230.55999755859375,39402600,-0.001429259958971918,0.003962567760918745,0.07537315355480678,68.71025752328954,13.92429686524555,6.292402257121438,4.782834678415811,1.509567578705627,221.4243217443773,214.48448722270376,216.73547617636913,0.04125868261555779,0.07494952452761011,0.06378522624037243,1.0323558808915945,4.92572526312477,1.1003588699613585,240.076611913246,197.02238863607042,0.7789621172959977,19.699987061543478,33.91774196584806,62858335.0,0.6268476567188743,235.1199951171875,201.5,0.019777921612073524,0.0,0.04666902272537753,-0.029406657057123836
2025-08-20,AAPL,229.97999572753906,230.47000122070312,225.77000427246094,226.00999450683594,42263900,-0.019734572779050663,-0.03137190788486299,0.05538174619834191,59.9365879559154,11.143342868544204,5.864376416975574,4.999143026127763,0.8652333908478109,221.86105248365905,214.9364679005129,216.82775994085142,0.01870063256588244,0.05151999897685379,0.04234805805533987,1.0322168901851978,4.916030121911058,1.1001921185990338,240.80515487285976,197.47984573749181,0.6585099873194898,19.770381863414684,33.49454419242486,62622065.0,0.6749042849353498,235.1199951171875,201.5,0.040307954655854746,0.0,0.06774042382855659,-0.009866801388164335
2025-08-21,AAPL,226.27000427246094,226.52000427246094,223.77999877929688,224.89999389648438,30621200,-0.004911289931109564,-0.033851726626580536,0.05211451944200052,57.99114892879445,10.831852910445601,5.373650978805017,5.0740446166632145,0.2996063621418026,222.1504754753567,215.32719441015885,216.9080806767284,0.012376828882514224,0.04445699259003509,0.03684470027498328,1.031687967160338,4.760599791286273,1.0675667519809229,241.35279286058483,198.04620768873156,0.6200855158906918,19.711735856346223,32.51376126373314,61851995.0,0.4950721476324248,235.1199951171875,201.5,0.045442425513835635,0.0,0.07301028845421881,-0.0009337103636151213
2025-08-22,AAPL,226.1699981689453,229.08999633789062,225.41000366210938,227.75999450683594,42477800,0.012716766064777785,-0.016537855225260634,0.06489615348395206,61.462046869625766,6.804217822666326,5.156089490707416,5.0904535914720555,0.06563589923536028,222.68471538311664,215.81475519826384,217.01605991881902,0.02279132231858635,0.05534950238966858,0.04950755530275471,1.0318326713970067,4.719842837723414,1.0610698792626934,242.1457306028867,198.64126890883207,0.6693273394067366,19.73944864174607,32.073460033617025,61962445.0,0.6855410563608327,235.1199951171875,201.5,0.032314720705398634,0.0,0.05953641176864283,-0.013479066295540965
2025-08-25,AAPL,226.47999572753906,229.3000030517578,226.22999572753906,227.16000366210938,30983100,-0.0026343118159346535,-0.016154860485076084,0.06124737408754699,60.335785490228815,3.2404694461523484,4.879013961242947,5.048165665426234,-0.16915170418328707,223.11093331444928,216.25966690272838,217.11699468243387,0.01814823813207474,0.050403928367668355,0.046256208521884085,1.031680740610784,4.601997443901652,1.0367310955469111,242.7872138482083,199.3107857245456,0.6405590141478623,19.66823110065124,31.70233615906317,61618700.0,0.502819760884277,235.1199951171875,201.5,0.035041342343514977,0.0,0.06233493323574587,-0.010873398401494766
2025-08-26,AAPL,226.8699951171875,229.49000549316406,224.69000244140625,229.30999755859375,54575100,0.009464667467088184,-0.005421582291968652,0.0853883320931248,62.95538299718065,-0.017444318228540794,4.7778401796300045,4.994100568266989,-0.21626038863698405,223.7013203853202,216.77144457550742,217.23831809413696,0.025072168387798115,0.057842272572570116,0.05556883136623096,1.0319685825011786,4.616140701605664,1.0418880368224748,243.487447700259,200.41455120110817,0.6708498546889051,19.406489092526666,30.871973163240774,61776870.0,0.8834228733181205,235.1199951171875,201.5,0.025336869828840074,0.0,0.05237455799351347,-0.01465265643070363
2025-08-27,AAPL,228.61000061035156,230.89999389648438,228.25999450683594,230.49000549316406,31259500,0.00514590705653295,0.019822180855779026,0.1025592065459,64.34713707870458,1.4570001426607493,4.738256337766472,4.942931722166885,-0.20467538440041277,224.34786182416246,217.30942735659198,217.37017568019692,0.02737776780692303,0.060653503609594754,0.06035708335751387,1.0323889973536207,4.474987750751576,1.0116788775306487,244.01151189215017,202.03448725335767,0.6778831631032184,18.82183663532822,30.38747905870397,61064220.0,0.5119118855526198,235.1199951171875,201.5,0.020087593881205124,0.0,0.04698686091781922,-0.01969720350870712
2025-08-28,AAPL,230.82000732421875,233.41000366210938,229.33999633789062,232.55999755859375,38074700,0.008980832210059075,0.03405959924407598,0.12039306909760472,66.70990398239213,1.267147284759376,4.81837370519807,4.918020118773122,-0.09964641357505233,225.1299699893464,217.90748893314108,217.52131818644963,0.03300328059209055,0.06724187726264112,0.06913657703772078,1.0331447124261999,4.446060577427803,1.006386123692656,244.38976841935087,204.15522974959444,0.705979706692913,17.940023335006412,30.413570898045396,58933035.0,0.6460671845595598,235.1199951171875,201.5,0.01100790155430211,0.0,0.05908155158843366,-0.028422775540691024
2025-08-29,AAPL,232.50999450683594,233.3800048828125,231.3699951171875,232.13999938964844,39418400,-0.00180597769760249,0.01923079113299253,0.14705007307450346,65.75768597312478,-0.5100083281479958,4.792729353324631,4.8929619656834245,-0.1002326123587931,225.79759183699423,218.46562659810218,217.66677770090934,0.028088906976620167,0.06259278864359795,0.06649256189489028,1.033561184672677,4.272056948013317,0.9682684161138166,243.43452507713693,208.086472542492,0.6804767199998182,15.657323898997443,30.43779903457672,55682230.0,0.7079170500175729,235.1199951171875,201.67999267578125,0.012837062700845055,1.0,0.10553982649782657,-0.02666495415560113
2025-09-02,AAPL,229.25,230.85000610351562,226.97000122070312,229.72000122070312,44075600,-0.010424735828844955,0.011269578787301171,0.12967786735036446,60.40726931851176,-1.3145448812786495,4.524971339339004,4.819363840414541,-0.2943925010755368,226.1711546354427,218.9069746225179,217.7867102732456,0.015690977883455918,0.04939553258561587,0.05479347629837188,1.0331838673731162,4.336195606651317,0.9839884913736922,241.50491043542232,212.65308669592534,0.591536766579295,12.705632806969028,29.045926300848627,54130545.0,0.8142463742051738,235.1199951171875,202.16000366210938,0.02350685124407742,1.0,0.12023330563476549,-0.016411301812761667
2025-09-03,AAPL,237.2100067138672,238.85000610351562,234.36000061035156,238.47000122070312,66427800,0.038089848308826335,0.039945941126133366,0.17519221058813494,69.93317621802223,2.9707694596508167,4.961628492605655,4.847816770852764,0.11381172175289134,227.34247335784843,219.67415213617224,217.99251416327007,0.0489461018810126,0.08556240641766345,0.09393665253154479,1.0349077082902394,4.678610554948544,1.0608852364950823,239.0882353434637,218.62476209305973,0.9697884071195794,8.941617723338474,29.20819436242629,55244180.0,1.2024397864173204,238.85000610351562,205.58999633789062,0.0015935123112646998,0.0,0.07912942936467462,-0.052501380502253274
2025-09-04,AAPL,238.4499969482422,239.89999389648438,236.74000549316406,239.77999877929688,47549400,0.005493343195739575,0.040305406155271895,0.12440796613972749,71.05596251957434,3.850318079236396,5.3516972527723965,4.948592867236691,0.4031043855357055,228.52699958846256,220.46261671041242,218.20930505497185,0.04924144285401272,0.08762203024315283,0.09885322589195168,1.0365793665991094,4.570137544117956,1.0355859627725208,238.71540958751288,221.65058772694024,1.0623850164087367,7.413589170408041,29.512496305290945,52197495.0,0.9109517611908388,239.89999389648438,216.5800018310547,0.0005004383926865719,0.0,0.07323378783881251,-0.057677879312128845
2025-09-05,AAPL,240.0,241.32000732421875,238.49000549316406,239.69000244140625,54870400,-0.00037532879451496193,0.030658776047742586,0.08935146921411175,70.86019037304511,3.959925823859462,5.589139482327454,5.076702190254844,0.5124372920726099,229.59014271731434,221.2166318371181,218.42304333742396,0.04399082471292091,0.08350805475553046,0.09736591331679505,1.0378520855808013,4.445842136042009,1.0069627248185389,239.3144233340339,223.01757434663017,1.023046118158341,7.049846893210312,30.002347176887948,50429775.0,1.0880556179360308,241.32000732421875,219.25,0.006800470884099383,0.0,0.07472152980801772,-0.05732406589016117
2025-09-08,AAPL,239.3000030517578,240.14999389648438,236.33999633789062,237.8800048828125,48999500,-0.007551410322323426,0.02472648189995663,0.03719205821798366,66.86977527975183,5.25198471947113,5.567088552292432,5.174779462662362,0.3923090896300705,230.37965339974275,221.87009744675316,218.61664494484077,0.032556483927230755,0.07215892371391552,0.08811479081490792,1.0383537757044108,4.400424666224276,0.9960522616893042,240.1962899460716,222.98870761252215,0.8653916036337619,7.430112125500206,29.810433160937777,47187050.0,1.038409902716953,241.32000732421875,223.77999877929688,0.014461082776170673,0.0,0.0828989440723185,-0.05015136913439793
2025-09-09,AAPL,237.0,238.77999877929688,233.36000061035156,234.35000610351562,66313900,-0.014839409394815983,0.020154992417766193,0.031560936961412045,59.79719593531556,4.201873038458527,5.2047742338049545,5.180778416890881,0.023995816914073487,230.75778222867348,222.3595056293713,218.77319580214103,0.01556707574560738,0.05392393925416446,0.07120072568424801,1.0377689119947018,4.473251344990064,1.0112299345344036,240.3853256728452,223.51667322852197,0.6422168522797074,7.2725069020061595,28.812190393050145,47412440.0,1.398660351587052,241.32000732421875,223.77999877929688,0.029741843563786168,0.0,0.09921057987824483,-0.03584386147429003
2025-09-10,AAPL,232.19000244140625,232.4199981689453,225.9499969482422,226.7899932861328,83440800,-0.03225949486019408,-0.04897894022217286,-0.012453736931692272,48.070855989733815,-0.42588744472155826,4.258518127235163,4.996326358959737,-0.737808231724574,230.37989756747913,222.53325024336198,218.852964931335,-0.01558254135560942,0.01912857084555072,0.036266487672616206,1.0352605613567187,4.753734045724591,1.0732563553756305,240.4869587126703,223.12904012766177,0.21090968600537705,7.488058491694345,27.232422424867707,48803170.0,1.709741395897029,241.32000732421875,223.77999877929688,0.06406814439891921,1.0,0.14109976721246156,-0.0006173084959344096
2025-09-11,AAPL,226.8800048828125,230.4499969482422,226.64999389648438,230.02999877929688,50208600,0.014286368839370622,-0.04066227395794719,-0.014143072154721104,52.38080023467873,1.2634244897515026,3.7270812383262353,4.742477334833037,-1.0153960965068016,230.34657387336654,222.8272403820261,218.96417919847892,-0.0013743425341489948,0.03232440694827962,0.05053712265323249,1.0337451268455682,4.685610403298392,1.0570315619492974,240.32541789302843,222.9605806421278,0.4071111082139519,7.496379042667269,25.765495025841155,47819675.0,1.0499569476371389,241.32000732421875,223.77999877929688,0.04908059211770056,1.0,0.1250272134862675,-0.0043907077867916715
2025-09-12,AAPL,229.22000122070312,234.50999450683594,229.02000427246094,234.07000732421875,55824200,0.017562963814985233,-0.023446931703216767,0.005541749942807428,57.15580387868234,2.0757968759773386,3.5905193290799104,4.512085733682412,-0.9215664046025012,230.70118658297153,223.26813320328856,219.11448594599872,0.014602528886584686,0.04838072485290544,0.06825437083108135,1.0332920478755203,4.743066105518149,1.0692108683921389,240.4417582214867,222.9732411681617,0.635243742910899,7.539038260018481,24.285185791522913,48015070.0,1.1626391464179893,241.32000732421875,223.77999877929688,0.030973639394806077,1.0,0.1075318585148434,0.004101300572646228
2025-09-15,AAPL,237.0,238.19000244140625,235.02999877929688,236.6999969482422,42699500,0.011235910376080627,-0.0049605175313142125,0.022064858979901958,59.96987455297885,2.6942562831698584,3.6524085231357333,4.340150291573076,-0.687741768437343,231.27250185585444,223.79487295799262,219.28946615497628,0.02346796549021,0.05766496711777602,0.07939519895115005,1.033412869557849,4.698561034923102,1.0580239506034268,240.96346611911815,222.96253333156545,0.763152875398542,7.760260390177265,23.56829621196338,47348110.0,0.9018205795331641,241.32000732421875,223.77999877929688,0.019518421780912714,0.0,0.09522599736687577,-0.0016053638737753243
2025-09-16,AAPL,237.17999267578125,241.22000122070312,236.32000732421875,238.14999389648438,63421100,0.0061258849469238985,0.016215010428846544,0.03144352083688129,61.472369560706305,2.403679221093137,3.774943591009219,4.2271089514603055,-0.4521653604510867,231.92750109781917,224.35781887714916,219.47713309767786,0.026829473733003904,0.061474010972121684,0.08507884413861058,1.0337393288032182,4.712949096463193,1.0610536554129346,241.70186386596683,222.95013503540034,0.8105843998931617,8.07130018805621,23.387543300707282,48645355.0,1.303744211549078,241.32000732421875,223.77999877929688,0.013310995208810536,0.0,0.08855761863700791,-0.006298551494618129
2025-09-17,AAPL,238.97000122070312,240.10000610351562,237.72999572753906,238.99000549316406,46508000,0.0035272375318422533,0.05379431442391258,0.03656318539137704,62.353923090259485,2.9508081853734507,3.8949370212320105,4.160674565414647,-0.2657375441826364,232.6001205640425,224.9316301169929,219.67129103196132,0.027471546074982322,0.06250066017331123,0.08794373798436801,1.0340925393332188,4.545596330714148,1.0233891027943762,242.51756770624888,222.97743198857535,0.8194709461565186,8.395422391425873,23.219701311683764,49000625.0,0.9491307508832796,241.32000732421875,223.77999877929688,0.009749369335536183,0.0,0.08473151293261992,-0.009791252951565875
2025-09-18,AAPL,239.97000122070312,241.1999969482422,236.64999389648438,237.8800048828125,44249600,-0.0046445482440198305,0.034126010282021335,0.052519847194711256,60.38763552154294,3.552152019305304,3.856015164071067,4.099742685145931,-0.24372752107486395,233.10296668963966,225.43940951957404,219.85247226430812,0.020493253522307655,0.055183764851718324,0.08199831656580818,1.0339938664069255,4.545911096502982,1.0233268035594651,242.84020983057377,223.84179090184813,0.7389148556850996,8.141912008137904,23.245790319902543,49099910.0,0.9012155012096763,241.32000732421875,223.77999877929688,0.014461082776170673,0.0,0.08979310960618624,0.009794862044847035
2025-09-19,AAPL,241.22999572753906,246.3000030517578,240.2100067138672,245.5,163741300,0.03203293660995743,0.04883151329998969,0.09159629463128072,67.87658803412022,2.947959384120033,4.389440497135723,4.15768224754389,0.23175824959183355,234.2836365287216,226.22609934233586,220.10767154526027,0.04787514671304547,0.08519751131145083,0.11536321417819478,1.0356171865660455,4.822631601677434,1.0837560790884586,244.43626342541822,224.30573791735523,1.0528419674963636,8.589170780683803,24.027200531502107,55755915.0,2.9367520916839047,246.3000030517578,224.69000244140625,0.0032586682352660256,0.0,0.055967373663441955,-0.006109979633401222
2025-09-22,AAPL,248.3000030517578,256.6400146484375,248.1199951171875,256.0799865722656,105517400,0.04309566831880085,0.08187574936159026,0.12434138017411867,74.95615157197753,6.7978930169116865,5.6013317467872525,4.446412147392563,1.15491959939469,236.3594793900115,227.39684001801936,220.46560502811604,0.08343438237868883,0.12613696193831556,0.16154166786972285,1.0394140893570945,5.273873247874582,1.1800258659955614,249.15877009279365,222.41523045652275,1.258799567058247,11.342245164117823,25.845672777171096,58907895.0,1.7912267956612606,256.6400146484375,224.69000244140625,0.0021869263727637427,0.0,0.012339908730890314,-0.047172708550797506
2025-09-23,AAPL,255.8800048828125,257.3399963378906,253.5800018310547,254.42999267578125,60275200,-0.006443275472520216,0.0683602737624811,0.12004749328246533,72.28074766307896,6.149605775893087,6.355362907942407,4.828202299502532,1.5271606084398748,238.0804806553229,228.4569636516571,220.80355913406297,0.06867220687498535,0.11368893558318828,0.1522911753487702,1.0421239819082002,5.165739052086108,1.1511484079119603,252.18362728031917,222.11737217036443,1.0747138407243249,12.678132723640164,27.59438740718726,60372500.0,0.9983883390616589,257.3399963378906,224.69000244140625,0.011437345226109272,0.0,0.018904994289423667,-0.04099356591607552
2025-09-24,AAPL,255.22000122070312,255.74000549316406,251.0399932861328,252.30999755859375,42303700,-0.008332331793480807,0.05573451508126226,0.10030090377600298,68.87896998611076,6.066080536230835,6.704585854964165,5.203479010594859,1.501106844369306,239.4356727413487,229.39237674604678,221.11705603380955,0.05376945160194462,0.09990576468858973,0.14106981200045715,1.0437821698251966,5.132472848867904,1.138932318527398,254.24955311888638,222.35144633179723,0.9391952765962376,13.385665084149622,28.561637495062314,59758930.0,0.7079059146474008,257.3399963378906,225.9499969482422,0.01993578862497806,0.0,0.02746618343639714,-0.03293566501130787
2025-09-25,AAPL,253.2100067138672,257.1700134277344,251.7100067138672,256.8699951171875,55202100,0.018072995928489766,0.07983012377913012,0.11445177229086334,71.93820709580139,9.609553414615439,7.265548529185708,5.615892914313029,1.6496556148726782,241.0960843961905,230.46993040766014,221.47280667145512,0.0654258270535653,0.11454884662320261,0.15982634156184397,1.046106465905264,5.155868124939281,1.1390683438929985,257.0601910912096,222.1788073218763,0.994547350091388,14.556988844746266,29.61009953957708,60956060.0,0.905604791385795,257.3399963378906,225.9499969482422,0.0018297241002737683,0.0,0.009226438129164431,-0.05010314696862916
2025-09-26,AAPL,254.10000610351562,257.6000061035156,253.77999877929688,255.4600067138672,46076300,-0.005489112898051984,0.04057029211351204,0.09846925264738937,69.65804322092511,12.641657161461461,7.509773218647837,5.994668975179991,1.515104243467846,242.464076997874,231.44993340006044,221.8109877664045,0.05359940275238003,0.10373765488324987,0.15170131690184468,1.0475875859457457,5.060449496316386,1.1128562067554546,259.18054299986596,222.3484563287473,0.898986546181317,15.297972384829553,30.63006550839563,61356140.0,0.7509647771192908,257.6000061035156,225.9499969482422,0.008377042720606267,0.0,0.014796772180240544,-0.044860277196748004
2025-09-29,AAPL,254.55999755859375,255.0,253.00999450683594,254.42999267578125,40127700,-0.004031997224675621,-0.006443275472520216,0.09601961464951558,67.96334077566115,10.607309492661015,7.533369525374553,6.302409085218903,1.2309604401556502,243.60368801481755,232.35111219518677,222.13555497943315,0.04444228553840749,0.09502377790232826,0.14538166886133108,1.048429188538495,4.873989689938877,1.0671821224816662,260.76430983657303,222.9936888206535,0.8322951280541032,15.61550242921459,31.355261444090495,61391605.0,0.6536349717522453,257.6000061035156,225.9499969482422,0.01245927571036758,0.0,0.03910707264654327,-0.04099356591607552
2025-09-30,AAPL,254.86000061035156,255.9199981689453,253.11000061035156,254.6300048828125,37704300,0.0007861188255666729,0.0007861188255666729,0.10843637266994932,68.12550815451932,8.783695866730742,7.481961685047565,6.538319605184635,0.9436420798629301,244.65381343081708,233.22479426136817,222.45888283916827,0.04077676661605127,0.09177930969661846,0.14461603705392576,1.0490043059342984,4.726561680557082,1.0313078025593212,261.9234157487948,224.32558327464267,0.8060151241166256,15.464435937004328,32.142993697438335,61073040.0,0.6173640611307378,257.6000061035156,225.9499969482422,0.011663987604563676,0.0,0.04186467995794679,-0.04174686674378658
2025-10-01,AAPL,255.0399932861328,258.7900085449219,254.92999267578125,255.4499969482422,48713900,0.003220327729275496,0.012445005826292155,0.0712039067413941,68.82229234343315,7.921419620508045,7.421832838899206,6.71502225192755,0.7068105869716561,245.6820213848576,234.096370837324,222.78715263129837,0.03975860955687577,0.09121724542136089,0.14661008918678112,1.0494909447168812,4.68609325066796,1.0187351478237703,263.3788273211636,224.5681712750278,0.795704809434396,15.907734306304944,33.21707978039592,60187345.0,0.8093711393981575,258.7900085449219,225.9499969482422,0.013075011299986073,0.0,0.038520304224835884,-0.04482285020563974
2025-10-02,AAPL,256.5799865722656,258.17999267578125,254.14999389648438,257.1300048828125,42630200,0.00657666061710982,0.0010122231890352662,0.07235802065161101,70.25688257540392,7.969771771053702,7.424161779416522,6.856850157425345,0.5673116219911769,246.77230552751996,234.99965060381373,223.128872554199,0.041972697597289374,0.09417186035015972,0.15238338247935312,1.050096478413718,4.639229359855739,1.0047296041355898,264.9571167008837,224.72488250565928,0.8054517236082233,16.43198412864463,33.96437881796384,59941385.0,0.7111981146248122,258.7900085449219,225.9499969482422,0.006455892469126341,0.0,0.03173493371895012,-0.05106368231430838
2025-10-03,AAPL,254.6699981689453,259.239990234375,253.9499969482422,258.0199890136719,49155600,0.0034612223931820285,0.010021068787773313,0.07647372183054024,71.01768583079306,7.962669184110352,7.412376500751719,6.9679554260906205,0.4444210746610988,247.84351347858205,235.9024089728278,223.47604784235298,0.04106008421305407,0.09375733014829693,0.1545755865330459,1.0506188324135708,4.685712497446959,1.0102673332580674,266.51150772611606,225.00349013765344,0.7954246141881646,16.889827479879738,34.79363392731311,59655645.0,0.8239890793235074,259.239990234375,225.9499969482422,0.0047283205668165315,0.0,0.028176187275416008,-0.05433683284487307
2025-10-06,AAPL,257.989990234375,259.07000732421875,255.0500030517578,256.69000244140625,44664100,-0.005154587353288997,0.008882638960356015,0.07907347054183966,68.20978209018682,7.907347054183966,7.212575698303681,7.016879480533233,0.19569621777044777,248.68603623694625,236.71760871669363,223.80653495279134,0.0321850246422113,0.08437223505673262,0.14692809347837427,1.050559937577671,4.638161909947958,0.9952222968107748,267.6427753674193,225.75322225220964,0.738532113343644,16.980094413941043,35.56365652885172,59438875.0,0.7514290941744776,259.239990234375,225.9499969482422,0.009934114179420825,0.0,0.04842414023747809,-0.04943707320390459
2025-10-07,AAPL,256.80999755859375,257.3999938964844,255.42999267578125,256.4800109863281,31955800,-0.0008180741481198517,0.007265467808348136,0.09443142439278351,67.75427884420498,4.472509566732434,6.9570905581081774,7.004921696048222,-0.04783113794004468,249.4283195464112,237.4926048841303,224.13164416705538,0.028271414620202332,0.07994946247467992,0.14432753098960852,1.050257205558477,4.447579003573327,0.9500478901065132,268.35758304532214,227.25141506258805,0.7110513423683039,16.58814433945525,36.278677515994715,57720970.0,0.5536254848108062,259.239990234375,225.9499969482422,0.010760991616590295,0.0,0.05228479057895941,-0.04865880556669729
2025-10-08,AAPL,256.5199890136719,258.5199890136719,256.1099853515625,258.05999755859375,36496900,0.006160271773966164,0.010217266163758731,0.13788088186505076,69.40954272901787,0.7732002070256931,6.803679869325379,6.964673330703654,-0.16099346137827553,250.25038411900002,238.29916930273671,224.4692397231901,0.031207198610652458,0.08292445296253918,0.14964526042332923,1.0501521463596852,4.302037907754473,0.9155868527509479,267.95197863871255,230.78401989644368,0.7338572949697868,14.904863034324912,37.10787798959145,55373775.0,0.6591008108080043,259.239990234375,226.64999389648438,0.004572551681565146,0.0,0.051732179453673144,-0.05448344451526766
2025-10-09,AAPL,257.80999755859375,258.0,253.13999938964844,254.0399932861328,38322000,-0.015577789314472068,-0.012017312402292202,0.10437766654023428,60.85063987878566,-0.15328357539412094,6.285267394905247,6.828792143543973,-0.5435247486387258,250.61129927777455,238.91645651777188,224.76347607705023,0.013681322503172241,0.06330052349171646,0.13025478035873717,1.0489495069969434,4.346177926410961,0.921770237602937,266.9750020922856,234.1619958935543,0.605796289196663,13.09542353911713,36.734345802027356,54779445.0,0.6995689715366776,259.239990234375,229.02000427246094,0.02046920597413674,0.0,0.0791214843863794,-0.03952130983889796
2025-10-10,AAPL,254.94000244140625,256.3800048828125,244.0,245.27000427246094,61999100,-0.034522080166306646,-0.04941471701456179,0.04784891954452197,47.18182487064264,-2.790215748188068,5.107876533287083,6.484609021492595,-1.376732488205512,250.1026045153637,239.16561525324988,224.967521133721,-0.019322470680651738,0.025523689986736424,0.09024628549234906,1.0457297728627575,4.920022709011071,1.037084883009045,265.9303132029429,236.3266844777212,0.3021021469276912,11.788239431974526,34.32064061323227,55088190.0,1.1254517529074743,259.239990234375,235.02999877929688,0.05695758029341121,1.0,0.13067233046628363,-0.002323999324375397
2025-10-13,AAPL,249.3800048828125,249.69000244140625,245.55999755859375,247.66000366210938,38142900,0.009744360696440912,-0.03517861503530162,0.046303366519534706,50.448500001673885,-3.5854679916493963,4.317865108307075,6.051260238855491,-1.7333951305484163,249.86997586267282,239.49872852418554,225.1933169797746,-0.008844488790353995,0.03407648628539439,0.09976622301074982,1.043303976611462,4.8843066704349445,1.026087825499365,265.0429590418154,238.31003931023542,0.34975470116078317,10.621937216665847,32.079342937922554,54860360.0,0.6952725064144676,259.239990234375,236.32000732421875,0.04675759670933596,1.0,0.11976097562598556,-0.011951896430986172
2025-10-14,AAPL,246.60000610351562,248.85000610351562,244.6999969482422,247.77000427246094,35478000,0.0004441597703503941,-0.033959787666772545,0.04039475382123281,50.59993701817854,-3.010256885344712,3.65847882564924,5.572703956214241,-1.9142251305650007,249.66997856836693,239.82309227901987,225.41796063442823,-0.007609942960706089,0.03313655877723097,0.0991582195807461,1.0410589580668477,4.831856847923409,1.0125246912667152,264.1656500444101,240.14934934523833,0.31731177181194337,9.524325363408856,30.192294906764463,53463205.0,0.66359658011524,259.239990234375,236.64999389648438,0.04629287550603186,1.0,0.1192638436542265,-0.010655040336300577
2025-10-15,AAPL,249.49000549316406,251.82000732421875,247.47000122070312,249.33999633789062,33893600,0.0063364896410271765,-0.03379059638533555,0.04330721204583021,52.816365274951266,-2.000548867828165,3.2254151071265937,5.103246186396712,-1.877831079270118,249.63855168927395,240.19630420289715,225.65599084043282,-0.0011959505026889433,0.03806758045398413,0.10495624516437178,1.0393105444220314,4.797438937608567,1.0026273392170744,263.16478169603056,242.18521677809053,0.34103565006164177,8.302984063040176,28.343316781201874,52832485.0,0.6415295438024541,259.239990234375,236.64999389648438,0.039704796831184906,1.0,0.11221629661216201,-0.016884541256561972
2025-10-16,AAPL,248.25,249.0399932861328,245.1300048828125,247.4499969482422,39777000,-0.007580008893106838,-0.0259407829950149,0.04023033407176935,49.91308174502776,-2.819780778732162,2.6985941215641844,4.6223157734302065,-1.923721651866022,249.4301179044138,240.48076274193028,225.8728466226001,-0.007938580043210453,0.02898042291137795,0.09552786290285793,1.0372144327073947,4.7554784031421065,0.9938410932696745,261.5678583970883,244.73913928357575,0.1610852047848232,6.6476344157213,26.563320982319166,52608855.0,0.756089445398498,259.239990234375,240.2100067138672,0.0476459625440966,1.0,0.12071129821926939,-0.0007273900909317777
2025-10-17,AAPL,248.02000427246094,253.3800048828125,247.27000427246094,252.2899932861328,49147000,0.019559492412937862,0.028621473850808377,0.027657813792801633,56.50653590725261,-1.2370341357841694,2.641186001749446,4.226089819094055,-1.5849038173446086,249.70248698838705,240.9438698220951,226.13570380333178,0.010362356935059637,0.047090318057957874,0.11565749699369486,1.03635127622362,4.852229989371353,1.0144964318041805,261.1594400605857,245.82655694869163,0.42154083418449434,6.048641659668369,25.37391890777285,46879140.0,1.0483767406995947,259.239990234375,244.0,0.027547652040086554,0.0,0.09921128346021371,0.012445992600615081
2025-10-20,AAPL,255.88999938964844,264.3800048828125,255.6300048828125,262.239990234375,90483000,0.03943873008454002,0.058870977778703315,0.02405499837985592,66.32176780410155,1.9873158536637472,3.3598410946119373,4.052840074197631,-0.6929989795856937,250.8965349165764,241.77901179904728,226.49495043448644,0.04521168585118275,0.08462677667130848,0.15781826363598175,1.0377101513058795,5.3692143898933775,1.1229203122620357,262.30736930576836,245.29462806971992,0.9960394935502462,6.703181360203992,25.944599952741225,46127420.0,1.9615881399826827,264.3800048828125,244.0,0.008160519860166521,0.0,0.05750464327109721,-0.025968570058698393
2025-10-21,AAPL,261.8800048828125,265.2900085449219,261.8299865722656,262.7699890136719,46695900,0.002021044840732289,0.060539954322784695,0.03277913995194037,66.75217195462585,1.8409426409782184,3.926880274039405,4.027648114165986,-0.10076784012658102,252.02734006868076,242.6021873760914,226.8558960919908,0.042624934826767456,0.08313116157652563,0.15831236278345462,1.0388502378916191,5.232843502947868,1.0951402828212786,263.5813428061126,244.85465420316473,0.9566739315399829,7.366389757256384,26.582405135689065,45448455.0,1.0274474676861953,265.2900085449219,244.0,0.009590210589531493,0.0,0.05537168976244787,-0.027933160729053903
2025-10-22,AAPL,262.6499938964844,262.8500061035156,255.42999267578125,258.45001220703125,45015300,-0.016440145325788524,0.036536520425689334,0.024335201568901788,60.0191750488212,0.6856557516402499,3.9817774326162407,4.018473977856037,-0.036696545239796485,252.63902312947604,243.22367070279492,227.17026540656832,0.023001154000572132,0.06260221902021192,0.137692962344703,1.0387106748264856,5.389069926146904,1.1273004311626948,264.019687919821,245.03031055430006,0.7066951903908845,7.46071208032283,25.763094472725545,45584035.0,0.9875233730405831,265.2900085449219,244.0,0.02646545178884117,0.0,0.07301216570294336,-0.0017024663208519654
2025-10-23,AAPL,259.94000244140625,260.6199951171875,258.010009765625,259.5799865722656,32754900,0.004372119604812541,0.04901996271416653,0.010550050634920538,61.123760013605484,1.2086616707540405,4.069552051148207,4.028689592514471,0.040862458633736054,253.30006726688455,243.86509485453888,227.4927501942867,0.02479241072906757,0.06444092266300074,0.14104729205908828,1.0386893106533857,5.190563885105162,1.0861871158786371,264.3603158648896,244.96068175473923,0.7535866261455515,7.617841872146193,25.002305999973704,44461675.0,0.7366996407580236,265.2900085449219,244.0,0.021997157978381317,0.0,0.06834124997927914,-0.0015409273332904613
2025-10-24,AAPL,261.19000244140625,264.1300048828125,259.17999267578125,262.82000732421875,38253700,0.012481781799657865,0.04173773957868954,0.028810774355749746,64.17967185039356,1.844536081011245,4.350407871508281,4.093033248313233,0.257374623195048,254.2067282247259,244.60842475531064,227.84426519060446,0.03388297060288045,0.07445198417481183,0.1535072304951585,1.0392394639678324,5.173381622385596,1.0827517340943094,265.3596376001049,244.69736008055912,0.8770885603736681,8.10194845419296,24.812772169037736,44070545.0,0.8680105952853544,265.2900085449219,244.0,0.00939807150091159,0.0,0.05517083782024471,0.00696288913046154
2025-10-27,AAPL,264.8800048828125,269.1199951171875,264.6499938964844,268.80999755859375,44888200,0.02279122619072771,0.02505341507352421,0.05651851313432554,69.02700408760478,5.8140468677406405,4.998708286538147,4.274168255958216,0.7245400305799308,255.59751578033237,245.5575060417139,228.25188441814666,0.05169252814497814,0.09469265220884654,0.17769015683632372,1.0408865927189856,5.253853491712965,1.0992979845898383,267.6881390224271,243.8068591465182,1.0469764829186718,9.33783515436097,25.27712603535756,44308570.0,1.0130816679482095,269.1199951171875,244.0,0.0011532218347875146,0.0,0.03165808505232412,-0.01145785722346233
2025-10-28,AAPL,268.989990234375,269.8900146484375,268.1499938964844,269.0,41534800,0.0007068280314419528,0.02370898978879965,0.05643480674557955,69.16952258263326,9.675050073052688,5.464827515445364,4.512300107855646,0.9525274075897183,256.87394284887216,246.47681953027416,228.65733830453328,0.047206256176252064,0.09138052216289363,0.17643283174116578,1.0421829660834288,5.002865438872976,1.0469179037464278,269.7094844833285,243.22251319733556,0.973213831220345,10.327673612003013,25.800669312265068,44500095.0,0.9333642995593605,269.8900146484375,244.0,0.003308604641031586,0.0,0.030929395257318772,-0.013680270170190521
2025-10-29,AAPL,269.2799987792969,271.4100036621094,267.1099853515625,269.70001220703125,51086700,0.0026022758625696696,0.04352872690517873,0.05578397114514866,69.72228964626572,8.899300742558244,5.823584836484059,4.774557053581329,1.04902778290273,258.09547326393493,247.38753296857834,229.06572311948352,0.04496219478917081,0.09019241580490968,0.17739139900190218,1.0432840740471574,4.952662072563968,1.0362953340906276,271.6069663484438,242.75003285809913,0.933916951291772,11.22058552128577,26.472042462643362,44618735.0,1.1449607435083042,271.4100036621094,244.0,0.006340346227961861,0.0,0.028253595744512323,-0.016240284332839607
2025-10-30,AAPL,271.989990234375,274.1400146484375,268.4800109863281,271.3999938964844,69886500,0.006303231785351748,0.04553512572483376,0.055497175524791276,71.07843729935568,9.537066318180573,6.1739079454424655,5.054427231953557,1.1194807134889082,259.36257046703486,248.32919810300604,229.48695964462783,0.046411567435399995,0.09290408042919128,0.18263797784745947,1.0444304272244747,5.003186471817211,1.046485375964654,273.59531196527524,242.18868614263494,0.9301001616286868,12.178208683422374,27.416082197855115,45981550.0,1.5198813437128587,274.1400146484375,244.0,0.010095876247507197,0.0,0.02181287236871622,-0.022402309170959724
2025-10-31,AAPL,276.989990234375,277.32000732421875,269.1600036621094,270.3699951171875,86167100,-0.0037951319176879883,0.02872683807384191,0.047864532320638364,69.06012459467573,8.43426609776567,6.295854547611896,5.3027126950852255,0.9931418525266702,260.4108966241923,249.19354308395435,229.89375601748915,0.03824378557924746,0.08497993877031809,0.17606497801801518,1.0450146235789814,5.228673413980937,1.091511807837371,275.12893408923276,241.890064629029,0.8568260879708005,12.857890925712981,28.637100574615268,47832125.0,1.801448294425556,277.32000732421875,244.0,0.02570556027867979,0.0,0.02341242447077053,-0.018678062966195324
2025-11-03,AAPL,270.4200134277344,270.8500061035156,266.25,269.04998779296875,50194600,-0.0048822256465500535,0.0008927876066910923,0.04815140922515626,66.4557268553371,8.729032576728834,6.214349397549256,5.485040035578032,0.7293093619712243,261.2336672116948,249.97222719019024,230.28337026401135,0.029920801038787366,0.07631952084126213,0.16834310477787753,1.0450507648313079,5.183768606090558,1.0800457237705305,276.3390117457598,241.91598550765815,0.7882515063500403,13.284204270304176,29.01704184162399,48108650.0,1.0433591464320866,277.32000732421875,244.0,0.030737855069570438,0.0,0.02954845778751235,-0.013863522163101463
2025-11-04,AAPL,268.3299865722656,271.489990234375,267.6199951171875,270.0400085449219,49274800,0.003679690752169673,0.0038662027692262235,0.052869607679939534,67.4472885945753,7.035560557749912,6.158649304094183,5.619761889281262,0.5388874148129208,262.07236638628785,250.75919900802285,230.67895870461743,0.030402450546387988,0.07688973969119305,0.1706312966788869,1.0451156624483475,5.089927642597482,1.0583419812615353,277.60471716420886,242.00627984506843,0.7874988570012419,13.701956857739422,29.450055940288998,48974600.0,1.0061297080527458,277.32000732421875,244.0,0.026958963668103277,0.0,0.038290608838321596,-0.017478895983362927
2025-11-05,AAPL,268.6099853515625,271.70001220703125,266.92999267578125,270.1400146484375,43683100,0.00037033809935982376,0.0016314513218060878,0.04681088585649906,67.55163107048503,3.0125170486018984,6.052803286948688,5.706370168814748,0.3464331181339402,262.8407138398259,251.51923099392147,231.0716060274415,0.02777081488623453,0.07403324024541874,0.16907489973630146,1.0450123944843686,5.067077063215519,1.051618640156633,278.74263893851116,242.07635977975053,0.7653804943548997,14.080238719784239,29.66534371162095,49333910.0,0.8854578929584134,277.32000732421875,244.0,0.026578782432973975,0.0,0.03790623261682061,-0.01784262627841917
2025-11-06,AAPL,267.8900146484375,273.3999938964844,267.8900146484375,269.7699890136719,51204000,-0.001369754996301431,-0.006005913483676073,0.06191936759273142,66.6997321868102,2.66392673922736,5.871379966047698,5.739372128261339,0.13200783778635916,263.50064480876364,252.234946994696,231.45666456461794,0.0237925194052493,0.06951868576460395,0.16553130807930347,1.044663508955813,5.098712933560615,1.0554518185081712,279.7173195890647,242.67467870195094,0.7314627052183731,14.181932728026943,30.10094278651128,49978010.0,1.0245305885528455,277.32000732421875,244.0,0.027986872587833382,0.0,0.039329859885203586,-0.016495466029127506
2025-11-07,AAPL,269.79998779296875,272.2900085449219,266.7699890136719,268.4700012207031,48227400,-0.004818874767062664,-0.007027384439093787,0.09458962182130604,63.662165895521554,3.8769543588356914,5.558626144637174,5.703222931536506,-0.1445967868993323,263.97391684799595,252.87161578787277,231.82495647164367,0.017032305412568984,0.06168499926031778,0.15807204412671436,1.0439048923127678,5.128806261967,1.0586887386378763,279.604525628191,245.10747235764882,0.6772325937474806,13.148947766760678,30.1805224825173,49289425.0,0.9784532889154215,277.32000732421875,244.6999969482422,0.032964599632270275,0.0,0.055685969155046054,-0.011733131754615803
2025-11-10,AAPL,268.9599914550781,273.7300109863281,267.4599914550781,269.42999267578125,41312400,0.003575786682732396,0.0014123950940481134,0.0879027242661814,64.93222141674386,3.7945938104028056,5.326825447417093,5.627943434712623,-0.3011179872955303,264.49354311730883,253.5209639011241,232.19913593636147,0.018663780976622833,0.06275232047816674,0.16034020363289997,1.0432807569336282,5.210321495487214,1.071365153210555,279.5561764581212,247.3328204290858,0.6857501815386465,12.231553977937226,30.472235400653386,49447900.0,0.835473296135933,277.32000732421875,244.6999969482422,0.029284099257397538,0.0,0.06669636532383882,-0.015254372056893657
2025-11-11,AAPL,269.80999755859375,275.9100036621094,269.79998779296875,275.25,46208300,0.021601185771556786,0.01929340575550831,0.11090929189846821,71.44769135980617,4.729469724292117,5.548784739590644,5.6121116956882275,-0.06332695609758332,265.51796758232706,254.3730829638251,232.62750274296485,0.036653008857697615,0.08207203684024915,0.18322209005583268,1.043813144412319,5.301013601975852,1.0857057427231473,280.0096366562807,249.62735980368032,0.8433416731941431,11.472868041950383,31.05960792713098,49984415.0,0.9244541523592904,277.32000732421875,245.1300048828125,0.00752046257663485,0.0,0.0485740058753406,-0.03607626766859673
2025-11-12,AAPL,275.0,275.7300109863281,271.70001220703125,273.4700012207031,48398000,-0.006466843884820661,0.01232689121083852,0.09677550829074755,67.3275585738697,1.7335678376670542,5.517456251183376,5.593180606787257,-0.07572435560388158,266.27530411931525,255.1219817189968,233.03389576264385,0.027019768600710998,0.07191861468807344,0.17352027406023887,1.0437176064765843,5.210226828927353,1.0647929045586997,279.8814414507864,252.16855549745583,0.7686476882674601,10.417399158833737,31.605025273145888,50709635.0,0.9544142843859948,277.32000732421875,245.1300048828125,0.01407834894624685,0.0,0.055399107137377085,-0.029802149632884037
2025-11-13,AAPL,274.1099853515625,276.70001220703125,272.0899963378906,272.95001220703125,49602800,-0.0019014480979659965,0.01178790570806676,0.10305118437371719,66.12787496203245,1.4684060249186803,5.388553539788688,5.552255193387543,-0.1637016535988547,266.91099060385966,255.821120169508,233.43107105064772,0.022625601102108536,0.06695652034583198,0.16929597666031748,1.043350097235922,5.1673546175140155,1.0534597720009897,278.528691542334,256.0713069317871,0.7515881999597239,8.4015655348469,32.25868094605117,51200925.0,0.968787184997146,277.32000732421875,247.27000427246094,0.016010239684008016,0.0,0.05740971683221851,-0.027953854338079967
2025-11-14,AAPL,271.04998779296875,275.9599914550781,269.6000061035156,272.4100036621094,47431300,-0.0019784155368063328,0.014675764232471078,0.07974953787864902,64.83582283850274,1.0048169567741212,5.183075764716023,5.478419307653239,-0.295343542937216,267.43470613321676,256.4716646201982,233.81892112638366,0.01860378408183961,0.06214463911837485,0.1650468762314848,1.0427456246648235,5.252542527088907,1.0673162556873759,277.37229756845284,259.2397019432659,0.7263329526054929,6.758177469637793,32.010793411006276,51115140.0,0.9279305505179092,277.32000732421875,255.42999267578125,0.01802431480526539,0.0,0.05950585968635938,-0.02602693088571329
2025-11-17,AAPL,268.82000732421875,270.489990234375,265.7300109863281,267.4599914550781,45018300,-0.018171183658773127,-0.0073117369047837055,0.01990543553650137,54.35237143906437,-1.4517326934461983,4.568149744771006,5.296365395076792,-0.7282156503057866,267.4371142591083,256.90257939803666,234.15365814457965,8.554233780609747e-05,0.041095002166887946,0.14224135370942242,1.0410059520840726,5.354503251995503,1.0838322445650623,277.2104437835808,259.92355585020823,0.4359625418940045,6.436713350917474,30.634539553075246,48841905.0,0.9217146628494527,277.32000732421875,255.42999267578125,0.03686538616672561,0.0,0.07911465018372048,-0.008001137363450492
2025-11-18,AAPL,269.989990234375,270.7099914550781,265.32000732421875,267.44000244140625,45677300,-7.473646268785217e-05,-0.028374196398160745,0.017772248060989204,54.31417945147001,-1.0836974252676566,4.03271684777161,5.043635685615756,-1.0109188378441463,267.43738932408905,257.31581167424724,234.48486555051824,9.770949842878881e-06,0.039345389237004355,0.1405427033148453,1.0393352339445596,5.35703760048578,1.0804794593894018,277.0481662863982,260.55283469016433,0.4175222371894819,6.136644673752391,29.24372471113978,48790975.0,0.9361833822751031,277.32000732421875,255.42999267578125,0.03694288360985595,0.0,0.07919530542339716,-0.007253972568412937
2025-11-19,AAPL,265.5299987792969,272.2099914550781,265.5,268.55999755859375,40424500,0.004187836924032684,-0.01795445072655988,0.039117759234091,56.17245599611094,-0.18211866069737292,3.6566055919748237,4.76622966688757,-1.1096240749127464,267.5443043940419,257.75676014030006,234.8239215903996,0.003796355025580869,0.041912527967892355,0.14366541423764914,1.0379720176821485,5.45367716152809,1.0968740262336292,276.0578083934851,262.55419111823363,0.4447553805725191,5.014228159600326,28.284306618713618,48561435.0,0.8324403922577659,277.32000732421875,258.010009765625,0.03261844595345489,0.0,0.0746946594465064,-0.01076103722494578
2025-11-20,AAPL,270.8299865722656,275.42999267578125,265.9200134277344,266.25,45823600,-0.008601420835542606,-0.02454666388492166,0.025695407091322453,51.51800927253861,-1.4034988983091359,3.135987502651062,4.440181234040269,-1.3041937313892067,267.42103730889505,258.0898283700922,235.1366188880076,-0.004379002193243291,0.031617563859224755,0.13232044102331483,1.0361548883880116,5.74341302485086,1.1502529687309975,274.9395749078482,264.339425946644,0.18024030231542731,3.931230010591257,28.0423796765043,49214870.0,0.9310925742565205,277.32000732421875,259.17999267578125,0.04157749229753505,0.0,0.08401876100352113,-0.0021783533230633804
2025-11-21,AAPL,265.95001220703125,273.3299865722656,265.6700134277344,271.489990234375,59030800,0.019680714495305063,-0.0033773114620105904,0.032988291106242906,59.67957358802477,0.4997318104444355,3.1103630068899406,4.174217588610204,-1.0638545817202631,267.80855663513125,258.6153249137896,235.49834397603118,0.013746512230598387,0.04978307192304694,0.15283184438021724,1.0355479000496401,5.880310176256602,1.1723296390956364,274.3999926085832,265.74600653692465,0.663738495750722,3.2043136801342063,27.73795423642606,50253725.0,1.1746552121260663,277.32000732421875,264.6499938964844,0.02147415116413951,0.0,0.06309626689376029,-0.002173178972017665
2025-11-24,AAPL,270.8999938964844,277.0,270.8999938964844,275.9200134277344,65585800,0.0163174457722548,0.0316309812418325,0.026449968132568502,65.0381301653442,2.2797289040742106,3.408233266297941,4.021020724147752,-0.6127874578498105,268.5810763296649,259.2939401496306,235.90054964221727,0.027324848043506322,0.0641205624339285,0.16964548766933,1.0358170197678893,5.896002742489389,1.1698725582804852,275.4020126927295,265.45498803969235,1.0520759476399522,3.6782456877019283,28.12962370914755,51288605.0,1.2787596777100878,277.32000732421875,265.32000732421875,0.005073912106238134,0.0,0.04602776555307522,-0.014968123665644067
2025-11-25,AAPL,275.2699890136719,280.3800048828125,275.25,276.9700012207031,46914200,0.003805406428931457,0.03563415604359643,0.029628257326034024,66.18520664625727,3.166089306571106,3.6865268459991967,3.9541219485180408,-0.2675951025188441,269.3800215573828,259.9871190151629,236.3092009017047,0.02817573337265284,0.06532201391311895,0.17206609037585263,1.0361283381184399,5.841288609655325,1.153849752637495,276.50597389910376,265.14802695538845,1.0408548590602564,4.193801550730712,29.015194448136743,51557575.0,0.9099380643872409,280.3800048828125,265.32000732421875,0.012311815890097449,0.0,0.042062294996349066,-0.019243912874226523
2025-11-26,AAPL,276.9599914550781,279.5299987792969,276.6300048828125,277.54998779296875,33431400,0.0020940411225383038,0.033474792657508745,0.029106322694236963,66.83254047593965,3.013768079992008,3.908818159552709,3.945061190724975,-0.036243031172265905,270.15811357981954,260.6758589672337,236.71955699017502,0.027361288969635977,0.0647322268068407,0.1724844001988742,1.0363756530817712,5.631196130143114,1.1075991443297828,277.577188241192,264.861810171894,0.9978608226924112,4.68822415294515,29.837510134340995,50674810.0,0.6597242298491104,280.3800048828125,265.32000732421875,0.010196423038413959,0.0,0.0398847336014878,-0.03819123059678993
2025-11-28,AAPL,277.260009765625,279.0,275.989990234375,278.8500061035156,20135600,0.004683906927485104,0.04732396658597415,0.027450303517223995,68.29751826675684,1.307904124801317,4.142138248681761,3.9844766023163323,0.15766164636542834,270.9859128677906,261.38857061963694,237.13876543906397,0.02902030276223897,0.06680259753701266,0.1758938087883811,1.036716763190531,5.443968532677535,1.0670038900962813,278.7686002987924,264.41539933499666,1.005671613247006,5.284839381672725,30.365571528061555,48187265.0,0.417861441191983,280.3800048828125,265.32000732421875,0.005486816373706294,0.0,0.035036717948089366,-0.04267525062225324
2025-12-01,AAPL,278.010009765625,283.4200134277344,276.1400146484375,283.1000061035156,46587700,0.015241168753721723,0.04276406603100824,0.04708366762669258,72.56394797504097,3.521411796477316,4.616766372658333,4.110934556384732,0.5058318162736004,272.13963603309776,262.239999462142,237.59609121681973,0.040274802414613425,0.07954548003415843,0.19151794397648922,1.0377502920655086,5.575113550293202,1.089494306460531,280.9503834955022,263.5066172369197,1.1232315645685629,6.407766356247261,31.522068033908965,46208295.0,1.008210755233449,283.4200134277344,265.32000732421875,0.0011303684822307565,0.0,0.019498371228058146,-0.05704695707628888
2025-12-02,AAPL,283.0,287.3999938964844,282.6300048828125,286.19000244140625,53669500,0.010914857899228636,0.03722089197549883,0.06370568825904033,75.17934862032523,4.8507014626299165,5.182508726116623,4.325249390331111,0.8572593357855123,273.47776616722234,263.1792152652504,238.079612721542,0.0464836189513511,0.087433907548375,0.20207689843705345,1.0391313230856445,5.517604654820251,1.077229686064955,283.5782397260366,262.592762471229,1.12445572162393,7.684581264981953,33.07669334543433,46382040.0,1.1571181431433373,287.3999938964844,265.32000732421875,0.004227930552276546,0.0,0.008490837048994261,-0.06722803057494695
2025-12-03,AAPL,286.20001220703125,288.6199951171875,283.29998779296875,284.1499938964844,43538700,-0.00712816145749029,0.025923358645833616,0.052251462394748316,70.40742199983805,4.309676618534536,5.403958506853769,4.5409912136356425,0.8629672932181265,274.49416880810446,264.00159874098506,238.5380244745265,0.03517679493996882,0.07631921644257562,0.19121466911799875,1.0397443429023046,5.503490559777286,1.073058950378538,285.2249953912491,262.3570053411728,0.952990993418719,8.352352714110053,34.65344990265495,46095235.0,0.9445379766476947,288.6199951171875,265.32000732421875,0.015731132559276165,0.0,0.002041235623095068,-0.06053134632731706
2025-12-04,AAPL,284.1000061035156,284.7300109863281,278.5899963378906,280.70001220703125,43989100,-0.012141410394363561,0.011349394893190201,0.03909083062846741,63.111605331617945,4.950280855062722,5.240663260046404,4.680925622917795,0.5597376371286087,275.0852015127642,264.6564384847516,238.9575467405216,0.0204111695699724,0.060620379440358606,0.17468569641718262,1.0394049095790743,5.548956566110158,1.0801695103671944,286.0024096921255,262.6355907961557,0.7730800453112251,8.518119005673546,34.54030070846249,46110535.0,0.9539924010857822,288.6199951171875,265.32000732421875,0.028215114234889347,0.0,0.0015675184263323962,-0.04898467902402028
2025-12-05,AAPL,280.5400085449219,281.1400146484375,278.04998779296875,278.7799987792969,47265800,-0.00684009028940924,-0.00025105728056806775,0.03339885877805471,59.42124017942203,4.240202002082736,4.899839266061292,4.724708351546495,0.17513091451479745,275.4370869667197,265.2103035943416,239.35379004439002,0.01213675271326516,0.051165791830286675,0.1647193835016976,1.0385610333903905,5.373318729635772,1.045094781598577,286.41130705793006,263.1276944069137,0.6722455233638297,8.473870858647661,34.27108726996726,45913625.0,1.0294504082393843,288.6199951171875,265.32000732421875,0.035296636706282025,0.0,0.004914251822893833,-0.042434846918953925
2025-12-08,AAPL,278.1300048828125,279.6700134277344,276.1499938964844,277.8900146484375,38211800,-0.00319242461710445,-0.018403360447731942,0.035087769154477755,57.73597103973468,3.474090398667117,4.50597741114899,4.680962163466994,-0.1749847523180037,275.6706991268833,265.7075471650905,239.73723506532582,0.00805060359546129,0.04584915864575614,0.1591441545269983,1.037496684110374,5.2409402154653595,1.018632367563638,286.58312326082364,263.89787954679355,0.6167945682236716,8.24197151157936,33.44741711802921,45412845.0,0.8414315377070077,288.6199951171875,265.32000732421875,0.038612328270681506,0.0,0.008132639277830856,-0.03936810199980233
2025-12-09,AAPL,278.1600036621094,280.0299987792969,276.9200134277344,277.17999267578125,32193300,-0.002555046727945598,-0.03148261535610308,0.02876442939047985,56.362584875160685,4.105161568368545,4.08940608642007,4.562650948057609,-0.4732448616375393,275.81444136963546,266.15744698903916,240.1097998176687,0.0049509782713506555,0.04141362870525271,0.15438850428538223,1.0362830140198667,5.088729153758012,0.9882236241797668,286.67582329476744,264.5801795128497,0.5702396946335079,8.016472807327913,32.750881542721395,44956890.0,0.7160926834574188,288.6199951171875,265.32000732421875,0.04127282900533024,0.0,0.010715063493695772,-0.03690735528922557
2025-12-10,AAPL,277.75,279.75,276.44000244140625,278.7799987792969,33038300,0.00577244442526248,-0.018898452340434635,0.012824700378916809,58.74416972651907,2.6851850186551895,3.8440654375662575,4.418933845959339,-0.5748684083930815,276.0968754086508,266.6524490200297,240.49457791678938,0.009718050472953592,0.04548073645615078,0.15919452818497226,1.0354184873355903,4.961676896960564,0.9626711725583633,286.9350089726748,264.6739937128721,0.6336640490919732,8.071302372304787,31.94981257395809,44298390.0,0.7458126582027022,288.6199951171875,265.32000732421875,0.035296636706282025,0.0,0.004914251822893833,-0.042434846918953925
2025-12-11,AAPL,279.1000061035156,279.5899963378906,273.80999755859375,278.0299987792969,33248000,-0.0026902934331158868,-0.009511981872537656,0.016674580532559435,57.169124986808036,0.7647090638153806,3.548210907124485,4.244789258192368,-0.6965783510678829,276.2809823963314,267.09862744196175,240.8680646915407,0.006330571028795801,0.04092634785145189,0.15428335896394635,1.0343781435431143,5.020128459984586,0.9727511436188735,287.1491938010506,264.91580864035564,0.5898422594740544,8.054625836585153,30.395046630344034,43540890.0,0.7636040512722638,288.6199951171875,265.32000732421875,0.03808940180695047,0.0,0.007625058901900634,-0.042765112337024354
2025-12-12,AAPL,277.8999938964844,279.2200012207031,276.82000732421875,278.2799987792969,39532900,0.0008991835452922814,-0.0017935289554106282,0.019527335899962805,57.57743355341923,0.47297452894542197,3.295923615101742,4.055016129574243,-0.7590925144725009,276.47136490899476,267.5371125924455,241.24032274216515,0.0065418488127964095,0.040154751177331326,0.15353849479267673,1.0333944409804492,4.832975991163143,0.9357839480109837,287.3627552333575,265.2352458652753,0.5895264892685096,8.008537607479575,28.95133539698812,43037395.0,0.9185709311634684,288.6199951171875,265.32000732421875,0.03715680747178388,0.0,0.0067198329933535325,-0.05807102103276143
2025-12-15,AAPL,280.1499938964844,280.1499938964844,272.8399963378906,274.1099853515625,50409100,-0.014984955605960026,-0.013602609297268753,0.0062405259226887555,49.15924122123354,-1.2394172555223568,2.728051604437269,3.7896232245468484,-1.0615716201095795,276.2464716178107,267.79487230848935,241.56738406166164,-0.007733985718391499,0.023581904271110777,0.13471438379940404,1.0315599743806312,5.009906103122472,0.9688257023455675,287.35264888885484,265.4153503787233,0.39634027721433696,7.937253436956782,27.264558767388344,43186285.0,1.1672478889999451,288.6199951171875,265.32000732421875,0.05293499157651987,0.0,0.013607716557804935,-0.052168795582649634
2025-12-16,AAPL,272.82000732421875,275.5,271.7900085449219,274.6099853515625,37648600,0.0018240853187405648,-0.009271979912435113,0.026732947449769284,50.10128936712637,-1.5205381599952807,2.2919347686809033,3.4900855333736596,-1.1981507646927563,276.09061578292994,268.06213164351186,241.89616616404874,-0.0053628422942544034,0.02442662702077747,0.1352390974453387,1.029950086907814,4.917055056833591,0.9498454218832646,286.96411559322115,266.51888306400537,0.3957451829415551,7.387844822268,25.958439637300387,42817800.0,0.8792745073310633,288.6199951171875,265.32000732421875,0.051017845355073255,0.0,0.011762176026457977,-0.06886125564265727
2025-12-17,AAPL,275.010009765625,276.1600036621094,271.6400146484375,271.8399963378906,50138700,-0.010086993049891024,-0.024894190658564685,0.016452265391555976,45.1139941138324,-3.9773965110787644,1.7031610897904557,3.132700644657019,-1.4295395548665635,275.68579488340237,268.21028320015415,242.19411472299245,-0.013949933645069584,0.013533087152470423,0.12240545831927124,1.0278718309904191,4.888693196607754,0.9427599757514664,286.54323484089787,267.37976320597716,0.23274661381217546,6.919182522657789,24.548007774503983,43040870.0,1.1649090736316436,288.6199951171875,265.5,0.06172748309796059,0.0,0.022071807242603634,-0.05937315923734344
2025-12-18,AAPL,273.6099853515625,273.6300048828125,266.95001220703125,272.19000244140625,51630700,0.001287544541755281,-0.02100491444639563,0.013516550922743065,45.84752222886036,-4.89185501959186,1.2503826420537507,2.7562370441363657,-1.505854402082615,275.3528622698789,268.36635062137975,242.49258126745428,-0.011486569641584773,0.014247880970073703,0.12246733907788061,1.0260334860623228,5.016643159405861,0.9647754084887062,286.20469240268386,268.08130613247243,0.2267068773834551,6.539362826449577,24.32804182038635,43601180.0,1.184158318651009,288.6199951171875,265.6700134277344,0.06036221950994705,0.0,0.02075753644809433,-0.06058270085329027
2025-12-19,AAPL,272.1499938964844,274.6000061035156,269.8999938964844,273.6700134277344,144632000,0.005437418615868328,-0.016565996017624873,0.02786859503374406,48.95415243454409,-3.6881860615375723,0.9994558725990146,2.404880809828896,-1.4054249372298813,275.19259095157946,268.57433739809954,242.80280447302923,-0.005532770771844582,0.01897305632027548,0.12712871674484214,1.0246421665509644,4.994026662807675,0.9580386587244422,285.2757366004475,269.7522632774822,0.2523758741837943,5.593762234114116,23.820426084299264,48541600.0,2.979547439721806,288.6199951171875,265.6700134277344,0.054627766857623876,0.0,0.015237266436051755,-0.06566308180577253
2025-12-22,AAPL,272.8599853515625,273.8800048828125,270.510009765625,270.9700012207031,36571800,-0.009865941003960987,-0.011455197908358472,-0.0019153156004866334,43.99548677477735,-3.4663379277489033,0.5760854256265588,2.0391217329884284,-1.4630363073618695,274.79043954863886,268.66828499898594,243.08307508743397,-0.013903097699508895,0.008567130361984723,0.11472179263504241,1.0227870384838127,4.8780244095490914,0.9359359579795622,285.3333110224274,269.64268995413516,0.0845926532028873,5.654522372384479,23.34906861507554,47418650.0,0.7712535046864472,288.6199951171875,266.95001220703125,0.06513633914076161,0.0,0.025353342016601825,-0.056353117332806256
2025-12-23,AAPL,270.8399963378906,272.5,269.55999755859375,272.3599853515625,29642000,0.005129660569795913,-0.008193438403630848,-0.012902391645846611,46.973308017138976,-2.3028959953532886,0.3487017818776508,1.7010377427662728,-1.352335960888622,274.5589677203459,268.8130575618321,243.37438762737557,-0.008009144217875894,0.013194774918679316,0.11909880085067101,1.0213751155194202,4.739594268967459,0.9098809360973678,285.4457074459018,269.17429072304355,0.19578471148389,5.867591062917906,23.137233176265543,45621460.0,0.6497380837877613,288.6199951171875,266.95001220703125,0.05970043560046644,0.0,0.02012047026384776,-0.061169001686556805
2025-12-24,AAPL,272.3399963378906,275.42999267578125,272.20001220703125,273.80999755859375,17910600,0.005323881205087977,0.007246914535175453,-0.011409191061061308,49.96226548444881,-1.468212916900032,0.28224888341156884,1.417279970895332,-1.1350310874837632,274.48763722875043,269.0090159930777,243.67722951723846,-0.0024687438640158166,0.01784691694362979,0.12365853018377118,1.020365939094817,4.631764711809069,0.8898640570862701,285.42948503772163,268.8745127650127,0.29812703472281,5.9732465716765475,21.97242081205083,44171280.0,0.4054806652648508,288.6199951171875,266.95001220703125,0.05408859315089268,0.0,0.014718230945655952,-0.06895294200779607
2025-12-26,AAPL,274.1600036621094,275.3699951171875,272.8599853515625,273.3999938964844,21521800,-0.0014974020881820538,0.0044453927191487885,-0.01495223952083169,49.11916958524117,-1.363734352832009,0.19426129038913587,1.1726762347940929,-0.978414944404957,274.384052149487,269.18121120497597,243.97297841653446,-0.0035864265626724093,0.015672649189084287,0.12061587996728525,1.01932839562323,4.480210787081636,0.8617976801664595,285.37826358100216,268.51073483208376,0.2898622043086266,6.090580891566558,20.890809330994312,43575800.0,0.49389339954745526,288.6199951171875,266.95001220703125,0.0556693546469709,0.0,0.01623995077003308,-0.10965616824004096
2025-12-29,AAPL,272.69000244140625,274.3599853515625,272.3500061035156,273.760009765625,23715200,0.0013168100847762432,0.00032884983182279726,-0.018253527798027358,49.91832689335783,-1.800699130372719,0.15183055276298774,0.9685070983878719,-0.8166765456248841,274.3246195415001,269.36077193284456,244.26936678816722,-0.0020581812045115974,0.016332139981679362,0.12073000951868122,1.0184282498636887,4.303765677150581,0.8292984687254499,285.18536896310917,268.1946298161877,0.32755372802281324,6.140713139036966,20.03434271446644,43754780.0,0.5420024966415098,288.6199951171875,266.95001220703125,0.05428106670614371,0.0,0.014903515585635158,-0.11082704016066765
2025-12-30,AAPL,272.80999755859375,274.0799865722656,272.2799987792969,273.0799865722656,22139600,-0.0024840121606569676,0.00778678577723424,-0.03539392198948299,48.3728361779277,-1.7803878102235369,0.06260997022076253,0.78732767275445,-0.7247177025336875,274.2060830682397,269.50662348733164,244.55603962183986,-0.004106752422752905,0.01325890636265547,0.1166356267239713,1.017437269333486,4.1249243997090215,0.7970714189705079,284.2856704188909,268.09232640728095,0.30800680584620016,5.863138685701793,19.260359234947334,42532375.0,0.5205352393323909,288.6199951171875,266.95001220703125,0.05690643514371727,0.0,0.017430826130370232,-0.10861282357457323
2025-12-31,AAPL,273.05999755859375,273.67999267578125,271.75,271.8599853515625,27293600,-0.004467559984957958,-0.001835805650211797,-0.050071690022706616,45.64261327800442,-2.3070337271440304,-0.10532773422272612,0.6087965913590149,-0.714124325581741,273.9826451904609,269.5989121878897,244.8277206738769,-0.007747424430561377,0.008386803734938619,0.11041341480156099,1.016260202858367,3.968143562285609,0.7709506279754537,282.34611801466406,268.5988771025235,0.23721910962941203,4.990422286789807,18.710304349441497,41213580.0,0.662247734848562,288.6199951171875,266.95001220703125,0.06164941759984028,0.0,0.021996657502187846,-0.10461262677491617
2026-01-02,AAPL,272.260009765625,277.8399963378906,269.0,271.010009765625,37838100,-0.0031265196488491354,-0.010226024681109669,-0.04624312656380436,43.788290169455216,-1.130923990952608,-0.30350686297293805,0.42633590049262426,-0.7298427634655623,273.69953705476223,269.65424934780094,245.08824096334706,-0.009826568645598756,0.00502777323592401,0.10576504486869459,1.0150017576831976,4.316133046257396,0.841557431275277,280.68431742118,268.94667928292154,0.17578753565234712,4.271097594074573,17.984000184436734,40928550.0,0.9244915835034468,284.7300109863281,266.95001220703125,0.050625440855739647,0.0,0.0018449503043537405,-0.10180440058483484
2026-01-05,AAPL,270.6400146484375,271.510009765625,266.1400146484375,267.260009765625,45647200,-0.013837127282653072,-0.022457879546201154,-0.04788030586722425,36.70343305593356,-2.676514321403091,-0.7544619426151371,0.19017633187107197,-0.9446382744862091,273.08624874151104,269.5603575994803,245.3088555782951,-0.021334794420208355,-0.008533702263717944,0.08948374136588672,1.013080154565118,4.391408908466689,0.8595788453542418,280.23679631098366,268.0502001489773,-0.06484094269208981,4.445334739174797,17.00184650516235,41011455.0,1.1130353702398512,281.1400146484375,266.1400146484375,0.051934462230187696,0.0,0.0010850034301729155,-0.08920156673490473
2026-01-06,AAPL,267.0,267.54998779296875,262.1199951171875,262.3599853515625,52352100,-0.01833429707033085,-0.041642402131057965,-0.05889953906174483,29.896581237228517,-3.4873495857999854,-1.4900616084980243,-0.14587125620274727,-1.344190352295277,272.06469984723026,269.27799006034627,245.47851856111367,-0.035670612545902175,-0.0256909400847555,0.06876962957655292,1.010348821254416,4.465593463274872,0.8765876744079714,280.93189443197963,265.71310068520785,-0.22032727359595194,5.5680721062887395,17.124315039968444,41265770.0,1.2686568068401487,280.1499938964844,262.1199951171875,0.06780762897620682,0.0,0.005031282962033786,-0.07219083793299347
2026-01-07,AAPL,263.20001220703125,263.67999267578125,259.80999755859375,260.3299865722656,48309800,-0.007737455757884204,-0.046689617060699296,-0.0631905687521277,27.6119364323916,-4.357256241141225,-2.2113425985382946,-0.5589655246698568,-1.6523770738684378,270.9471081067574,268.92708796277446,245.62629436221968,-0.03918521813603722,-0.03196814964098685,0.05986204468957494,1.0075114045196576,4.423050724268632,0.8708017968274948,281.6318788500421,263.2571134595282,-0.1593014563752612,6.7444068974968445,17.73488434958497,41770670.0,1.1565483627626754,280.1499938964844,259.80999755859375,0.07613416950227818,0.0,0.006222969762708908,-0.06495597616691087
2026-01-08,AAPL,257.0199890136719,259.2900085449219,255.6999969482422,259.0400085449219,50419300,-0.004955164959399183,-0.04715654196060581,-0.06544478176705126,26.239705102388356,-5.345856018191674,-2.854152531964303,-1.0180029261287462,-1.8361496058355566,269.8130986246778,268.5393593581528,245.7597641550824,-0.039927972862213626,-0.03537414714899035,0.054037504615520225,1.0047432125762437,4.4378320742511175,0.8765283245286281,282.1473264804709,260.92766741601343,-0.08895802073716415,7.81463308122861,19.04974439985291,42681970.0,1.1812786523208747,280.1499938964844,255.6999969482422,0.08149314644537464,0.0,0.01123380005449904,-0.06029960570074561
2026-01-09,AAPL,259.0799865722656,260.2099914550781,256.2200012207031,259.3699951171875,39997000,0.00127388264893602,-0.04295049713663357,-0.06962480718523778,27.23590442013115,-4.2809189398303555,-3.2989288782345625,-1.4741881165499096,-1.824740761684653,268.81851733825016,268.17977644674244,245.89518933878495,-0.03514833098039037,-0.03285028217369862,0.05479898087732587,1.0023817638301058,4.405843371402823,0.8722672942567349,281.877162718318,259.2568308119554,0.005002769442134448,8.36034408364963,19.951304901243287,43029905.0,0.9295163445050599,280.1499938964844,255.6999969482422,0.0801172038805339,0.0,0.04287309760777575,-0.061495150744154986
2026-01-12,AAPL,259.1600036621094,261.29998779296875,256.79998779296875,260.25,45263800,0.0033928553779511983,-0.026229175744521105,-0.06394992935064836,29.95288988713628,-4.446315906476101,-3.5396059237976374,-1.8872716779994552,-1.6523342457981822,268.00246806794064,267.86880482137997,246.03802327571248,-0.028926853263065107,-0.028442299678980175,0.05776333484992031,1.000498987728895,4.41256884487405,0.8754710390479223,281.29296023378885,258.0630334185549,0.0941443595083101,8.61394963201519,20.410193221894662,43630695.0,1.0374301853316799,280.1499938964844,255.6999969482422,0.07646491410752852,0.0,0.04468781895413065,-0.06466859493200648
2026-01-13,AAPL,258.7200012207031,261.80999755859375,258.3900146484375,261.04998779296875,45730800,0.003073920434077726,-0.004993130171273452,-0.06191609552216937,32.42319609090076,-4.660169416529223,-3.6240164811524096,-2.2346206386300462,-1.3893958425223634,267.3403270893719,267.60140023203047,246.1873960569787,-0.02352933193764015,-0.024481981160715642,0.06037105056568417,0.9990243954537112,4.341669849537064,0.8636714936628648,280.306851477174,257.3261410765369,0.16204228030864634,8.54884678541795,20.656994129881294,43940590.0,1.0407416013303417,280.1499938964844,255.6999969482422,0.07316608694371293,0.0,0.0685693363382131,-0.06753491840039953
2026-01-14,AAPL,259.489990234375,261.82000732421875,256.7099914550781,259.9599914550781,40019400,-0.004175431483854575,-0.001421254316720022,-0.05162159225369389,30.827936430444538,-4.915875179754009,-3.735802050408495,-2.534856920985736,-1.2009451294227587,266.6374379813439,267.3017371427382,246.32443680720857,-0.025043169394438018,-0.02746613533506363,0.055356077637322185,0.9975147966919475,4.3965517080801755,0.8774939727135589,279.94577695388944,256.27221621017304,0.15577611179103756,8.829827064931473,21.244155650589125,43421105.0,0.9216577975157473,277.8399963378906,255.6999969482422,0.06877983332255244,0.0,0.0751654454039265,-0.06362514936838261
2026-01-15,AAPL,260.6499938964844,261.0400085449219,257.04998779296875,258.2099914550781,39388600,-0.006731805114335909,-0.0032042042250775005,-0.05972103991589639,28.41102797327531,-5.680164288370591,-3.9204112337241668,-2.8119677835334222,-1.1084434501907445,265.83482402646143,266.9451980961633,246.44270103256054,-0.02868259491323942,-0.032722846124912976,0.04774858566804469,0.995840441867387,4.367513782642529,0.8745479016188746,279.477731894497,255.100261879917,0.1275657225011948,9.120266938959345,21.78937706267497,43508105.0,0.9053163772589038,277.8399963378906,255.6999969482422,0.07602341323893942,0.0,0.08791298926548498,-0.057278934880821177
2026-01-16,AAPL,257.8999938964844,258.8999938964844,254.92999267578125,255.52999877929688,72142800,-0.010379120733008063,-0.014805090836184198,-0.059998520373436226,25.15810411019787,-6.4266839958718345,-4.234159596683639,-3.0964061461634658,-1.1377534505201736,264.85341209816005,266.4975432209921,246.5331219056624,-0.03520216426514336,-0.041154392303723364,0.03649358270438468,0.993830595573372,4.339120028218287,0.8714827512094095,279.4895482144113,253.45744580414345,0.07961527434433999,9.769115016102905,22.742070647312705,44608310.0,1.6172502388007974,277.8399963378906,254.92999267578125,0.08730872173588891,0.0,0.09932299535888699,-0.047391698306276195
2026-01-20,AAPL,252.72999572753906,254.7899932861328,243.4199981689453,246.6999969482422,80267500,-0.03455563680678142,-0.052065333532210656,-0.09364783887920802,17.890142550427214,-9.254759714190394,-5.13610892060575,-3.504346701051923,-1.6317622195538268,263.1245154172155,265.7211688573549,246.53478235384728,-0.062421087761169634,-0.07158320125907476,0.000670147201208227,0.9902279014829476,4.894182926942092,0.9836464947829535,280.5150915122018,249.88290195703644,-0.10390719876756345,11.550643076458762,25.199446943791717,46040150.0,1.7434239462729813,277.8399963378906,243.4199981689453,0.12622618473798158,1.0,0.13867047886929837,-0.00818810011126484
2026-01-21,AAPL,248.6999969482422,251.55999755859375,245.17999267578125,247.64999389648438,54641700,0.0038508186461043703,-0.05133114163219776,-0.09507808036893628,20.549504328727224,-8.619613677495842,-5.708449985692255,-3.94516735797999,-1.7632826277122646,261.65075146286017,265.01249532947764,246.5458789861123,-0.053509334439511703,-0.06551578411956469,0.0044783344784045265,0.9873147722244606,5.000313066647122,1.0053744847628454,280.48275443677727,247.31323707933606,0.010152599253083953,12.569067552847665,27.4812963619508,41540635.0,1.3153795073185568,277.8399963378906,243.4199981689453,0.12190592846945636,1.0,0.13430248570701522,-0.01199273690248731
2026-01-22,AAPL,249.1999969482422,251.0,248.14999389648438,248.35000610351562,39708300,0.002826619116832463,-0.04466066215257869,-0.08347785738379088,22.54029702329015,-7.075508108636454,-6.035970359365024,-4.363327958256997,-1.6726424011080265,260.38401380958925,264.3590643794399,246.5638304997183,-0.046216384523796734,-0.060558007774403816,0.007244272609560028,0.9849634413740161,4.882433997852014,0.9826469786263438,280.3249834394632,245.20900856493137,0.08944640010157581,13.363921424225666,29.600156535955666,41697460.0,0.9522954155960579,277.8399963378906,243.4199981689453,0.11874366623563946,1.0,0.13110528189406326,-0.014777585413888268
2026-01-23,AAPL,247.32000732421875,249.41000366210938,244.67999267578125,248.0399932861328,41689000,-0.0012482899527435087,-0.03938654004686193,-0.08929355769364367,22.274109014124193,-5.4581463885359245,-6.248519020929933,-4.740366170791584,-1.508152850138349,259.2083928073553,263.7191008071534,246.5785186866478,-0.043086565987556065,-0.05945381837353517,0.005927015083346488,0.9828957857584326,4.871546639886022,0.9817945927418125,279.6435400447196,243.458452753132,0.1266140522498044,13.834811486015889,31.91453916850356,42299810.0,0.9855599824207248,277.8399963378906,243.4199981689453,0.1201419281501961,1.0,0.13251899397553413,0.007095669300372445
2026-01-26,AAPL,251.47999572753906,256.55999755859375,249.8000030517578,255.41000366210938,55969200,0.02971299216040002,-0.0004695930722840025,-0.06719986143875878,40.3184836424849,-1.8899024944982665,-5.75591650047204,-4.943476236727676,-0.8124402637443637,258.84664146018906,263.39325386028895,246.66639415904046,-0.013276733198828205,-0.030309243236784193,0.035447104713548255,0.982738311124276,5.1321507564985165,1.035020318304293,277.9930321346963,243.26896127350682,0.34964340549634104,13.323077953238336,31.738552747528583,44202740.0,1.266193000705386,277.8399963378906,243.4199981689453,0.08781955426246564,0.0,0.09983947235572974,-0.012646376179537655
2026-01-27,AAPL,259.1700134277344,261.95001220703125,258.2099914550781,258.2699890136719,49648300,0.01119762464490659,0.04689903611088031,-0.05534018003139052,45.596639893094846,-0.2972589197998215,-5.0762328851684515,-4.9700275664158315,-0.10620531875261996,258.7917221795684,263.1923415133628,246.78185281431044,-0.0020160349855955465,-0.01870249138476924,0.046551786804216795,0.9832798351635472,5.232712027100185,1.0552051910945606,276.2347078711478,243.5142850487741,0.4509631200367026,12.59085568922496,30.27836753372361,45609065.0,1.0885621093087525,277.8399963378906,243.4199981689453,0.07577344700000242,0.0,0.08766026101173922,-0.02357996126901234
2026-01-28,AAPL,257.6499938964844,258.8599853515625,254.50999450683594,256.44000244140625,41288000,-0.007085556394896275,0.03549367559684269,-0.06326711976320787,42.977536238600216,-1.1296575282184944,-4.631850259169255,-4.902392104966516,0.27054184579726126,258.567748871172,262.92754390269783,246.87795380562483,-0.008228970701314585,-0.02467425574740248,0.03873188548585388,0.9834182643369601,5.169660514073497,1.0424808113333948,274.12320233508876,243.8937898524113,0.4150332923666441,11.671204975351742,29.517671396983264,46487705.0,0.8881488126806862,277.8399963378906,243.4199981689453,0.08345029516747862,0.0,0.09542193490773443,-0.01661211092289849
2026-01-29,AAPL,258.0,259.6499938964844,254.41000366210938,258.2799987792969,67253000,0.007175153331668849,0.039983863224236416,-0.05419653039660677,46.316519563530505,-0.7569649263028339,-4.084122280116844,-4.738738139996582,0.6546158598797378,258.54034410051725,262.7452872311919,246.99140698944245,-0.0010069814137756013,-0.0169947423185025,0.04570439080229582,0.9839961234890744,5.174684065523604,1.043821597919027,271.93483202800195,244.60216138020115,0.5004208178316542,10.583044775730375,28.630642544917283,48743375.0,1.3797362205633072,277.8399963378906,243.4199981689453,0.07573175488245185,0.0,0.08761810821499225,-0.023617802897421214
2026-01-30,AAPL,255.1699981689453,261.8999938964844,252.17999267578125,259.4800109863281,92443400,0.004646167774132071,0.04612166590005673,-0.045538052792965855,48.437119910695415,-0.6014084964775898,-3.512720499043496,-4.493534611805965,0.9808141127624692,258.6298361848802,262.61723718237374,247.11567170582939,0.0032872263076413185,-0.011946002591851836,0.050034622228319885,0.9848166821025328,5.499349576607856,1.1086642833335008,269.8389985569398,245.45999741473983,0.5750856439856218,9.462079814935189,27.297586122182725,52000865.0,1.7777281204841497,277.8399963378906,243.4199981689453,0.07075683896332888,0.0,0.08258822170664386,-0.015531115567504262
2026-02-02,AAPL,260.0299987792969,270.489990234375,259.2099914550781,270.010009765625,73913400,0.04058115590203082,0.05716301591236994,-0.0036899006087074415,62.45300877392034,3.8659865521204826,-2.185010135477512,-4.031829716540274,1.8468195810627623,259.71366224018925,262.9071498326973,247.3434760646333,0.03964499763556299,0.02701660999880608,0.09163990925343271,0.9878531732798393,5.912253091085644,1.1892430243978276,269.5757127242676,245.6232832474121,1.0181316488908592,9.29832148903184,26.2086974406639,53804630.0,1.3737367955136945,271.510009765625,243.4199981689453,0.005555349600935274,0.0,0.04036885116202108,-0.053923974263106925
2026-02-03,AAPL,269.20001220703125,271.8800048828125,267.6099853515625,269.4800109863281,64394700,-0.0019628856713753695,0.04340427633681765,0.008306522261411153,61.54619950611085,4.364672128967826,-1.1621599226506305,-3.4578957577623455,2.295735835111715,260.64379069220246,263.16490909362403,247.5637400937049,0.033901518507918095,0.023996747569629034,0.0885277903958296,0.9904200054250939,5.794950693954526,1.1640496145700194,270.0775775593636,245.34341853438642,0.9758404329643054,9.59765287500173,25.409411741905522,54742005.0,1.176330680617197,271.8800048828125,243.4199981689453,0.008906018252337566,0.0,0.042414992614651266,-0.052063282863669395
2026-02-04,AAPL,272.2900085449219,278.95001220703125,272.2900085449219,276.489990234375,90545700,0.026012984125945104,0.07818588208581057,0.05385731693755913,68.13621572581441,8.202556081558715,0.2116630607206389,-2.723983994065749,2.9356470547863878,262.15295255336173,263.68746129522214,247.85156347818918,0.0546895907193526,0.04855190639807942,0.11554668590462967,0.9941805775127722,6.057454303007996,1.2152463099021338,273.15329376216823,243.68070281986297,1.1132135440259934,11.405051191375106,25.613579116003844,56651685.0,1.598287853220959,278.95001220703125,243.4199981689453,0.008897327424298182,0.0,0.01598616074306205,-0.0760967630990823
2026-02-05,AAPL,278.1300048828125,279.5,273.2300109863281,275.9100036621094,52977400,-0.0020976765624461935,0.06825927275103294,0.059847185854322804,67.1114380646809,11.840294720390883,1.2393412492128846,-1.9313189454100224,3.170660194622907,263.463147897052,264.1667766821589,248.13075193773068,0.04724325153027062,0.04445383756216882,0.11195408673629413,0.9973364221120261,6.072635353769702,1.2173525186687257,275.7851575761726,242.60684071484306,1.0037628818381168,12.800474147250956,25.86922183602486,56885065.0,0.9313059587784597,279.5,243.4199981689453,0.013011475808202545,0.0,0.018121851087803266,-0.07415463898483124
2026-02-06,AAPL,277.1199951171875,280.9100036621094,276.92999267578125,278.1199951171875,50453400,0.008009827210848641,0.07183591545262225,0.07365652386842325,69.0232485969413,12.303655147045685,2.2066742907533126,-1.1037202981773553,3.310394588930668,264.8590381084935,264.7139617188267,248.42915236737704,0.05006797994660801,0.050643469318026976,0.11951432618464808,1.000548049633362,5.996018542786152,1.2015117096885257,278.67507274267535,241.62492420556688,0.9850182078235961,14.24184076664298,26.28044699069765,56886770.0,0.8869092057784261,280.9100036621094,243.4199981689453,0.010031671918253408,0.0,0.007406866082123142,-0.08151157258360074
2026-02-09,AAPL,277.9100036621094,278.20001220703125,271.70001220703125,274.6199951171875,44623400,-0.01258449612198953,0.017073386855413597,0.058796315252694464,62.79733209044175,10.577808885868192,2.6602067387892703,-0.3509348907840302,3.0111416295733004,265.78865306170246,265.1024336168016,248.6897577678727,0.03322693408373163,0.03590144900043902,0.10426741166203563,1.0025885067727887,6.032017218301427,1.2078020784116297,280.4728469162668,241.35215003197538,0.8503898891067693,14.99379949717957,25.527262121358557,57118090.0,0.7812481124631443,280.9100036621094,243.4199981689453,0.022904408479935124,0.0,0.020246149797727417,-0.06980554406012926
2026-02-10,AAPL,274.8900146484375,275.3699951171875,272.94000244140625,273.67999267578125,34376900,-0.003422920610733904,0.01558550363004918,0.05160419856207965,61.200681895850515,10.337042446244048,2.9102367327931233,0.3012994339314005,2.608937298861723,266.5402092154243,265.4388084818596,248.93841682168272,0.026786890733571805,0.03104739748138532,0.0993883393731916,1.0041493583393588,5.774729750978557,1.155620677206409,281.91421170584556,241.25378450997474,0.797488132862005,15.543927568190677,24.82787617125797,56573745.0,0.6076475934198805,280.9100036621094,243.4199981689453,0.026417754968640433,0.0,0.0237503660258436,-0.06661062633517195
2026-02-11,AAPL,274.70001220703125,280.17999267578125,274.45001220703125,275.5,51931300,0.0066501292492171515,-0.0035805644664959058,0.05535342992810688,63.15406319351898,7.865782878445265,3.2181498567190943,0.8846695184889394,2.3334803382301548,267.3935226234791,265.8333650119828,249.202711181666,0.030316655755104897,0.03636351286296003,0.1055256930939386,1.0058689307545159,5.826534768765804,1.164205150611448,283.51742855970616,241.09556887681725,0.8110071406666777,16.17263006832835,24.86507062283791,56883770.0,0.912937029314337,280.9100036621094,243.4199981689453,0.019637036886059365,0.0,0.0022141029094827585,-0.0727767805871427
2026-02-12,AAPL,275.5899963378906,275.7200012207031,260.17999267578125,261.7300109863281,81077200,-0.049981811301894274,-0.051393543139329756,0.006808815161681858,44.78339095868357,1.3396918418086465,2.3242575982289395,1.1725871344369394,1.151670463792,266.8541405627981,265.6724491678395,249.3273609309661,-0.01920198639475143,-0.014839469406256346,0.04974444043787083,1.0044479260030874,6.520354324205523,1.2979350552436164,283.58078415990946,241.20921522973896,0.48430578037853633,16.14800929112609,23.67001202547252,58936660.0,1.375666690307866,280.9100036621094,243.4199981689453,0.07328159504331,0.0,0.05494201567120072,-0.028120641730783737
2026-02-13,AAPL,262.010009765625,262.2300109863281,255.4499969482422,255.77999877929688,56290700,-0.022733396848946263,-0.08032502779412731,-0.009410916526071067,39.44419571222414,-0.2573715706698992,1.122782546164558,1.162626216782463,-0.03984367061790506,265.79946039294083,265.28450993691627,249.3915662826908,-0.037695567924900183,-0.035827614510472144,0.025616072715805547,1.001941125232476,6.538901446625553,1.2963560868336994,283.58141416322127,240.96558595884906,0.34762700725661166,16.248621456020082,23.131525266652325,59781765.0,0.9416031794979624,280.9100036621094,243.4199981689453,0.09824851435899863,0.0,0.07948231554183258,-0.008210204525521335
2026-02-17,AAPL,258.04998779296875,266.2900085449219,255.5399932861328,263.8800048828125,58469100,0.031667863563111576,-0.039108551545170456,0.032677204803368554,48.45383422914185,2.168191935102529,0.8148150287744897,1.0930639791808683,-0.27824895040637854,265.61665510626193,265.2294313073436,249.53572985085123,-0.006538182715819021,-0.005087770304674031,0.05748385227452142,1.0014599578825345,6.839695290351517,1.3488429905897168,283.7801252178488,241.60187551457304,0.5281899918789003,16.056221813642697,22.01372805005151,59098080.0,0.9893570146441306,280.9100036621094,243.4199981689453,0.06453690489682887,0.0,0.046346749440834896,-0.03865397915071668
2026-02-18,AAPL,263.6000061035156,266.82000732421875,262.45001220703125,264.3500061035156,34203300,0.0017811172199722058,-0.03409086093961766,0.07154442388978399,48.92865229167904,1.8768286230125437,0.6017372703195747,0.9947986374086095,-0.39306136708903483,265.49602186790514,265.1949440444484,249.6831355847086,-0.004316508233632598,-0.003186101243284434,0.058741934990763627,1.0011353075547522,6.663288135125515,1.3083039481482777,283.3483328263138,243.79866882163537,0.5196336757614217,15.005174602545257,20.896225688423804,56794870.0,0.6022251657588088,280.9100036621094,244.67999267578125,0.06264421099392384,0.0,0.044486396733585995,-0.04036320477161689
2026-02-19,AAPL,262.6000061035156,264.4800109863281,260.04998779296875,260.5799865722656,30845300,-0.014261469431454121,-0.05415612859431718,0.052210753056533,45.32226957744561,-3.4924717056026386,0.12719630299369555,0.8212781705256268,-0.6940818675319312,265.0278280302252,265.01396532004907,249.79156196269426,-0.016782545029393223,-0.01673111355633145,0.04318970795011301,1.0000523093572007,6.5037692107136476,1.2713394997987224,282.6713620486017,245.76863886692564,0.4013619166374834,13.966665323496223,20.180228807473167,55605050.0,0.5547211988839144,280.9100036621094,244.67999267578125,0.0780183365471378,0.0,0.059597818633665485,-0.026479370066936535
2026-02-20,AAPL,258.9700012207031,264.75,258.1600036621094,264.5799865722656,42070500,0.015350373037534393,0.010888990434063661,0.0653512384533026,49.56947370358936,-1.8183257437640148,0.07304373539659537,0.6716312834998205,-0.5985875481032251,264.9851764628005,264.9969465456262,249.93871046627208,-0.001529103989678272,-0.0015734519917903439,0.058579465656518406,0.9999555840813257,6.509928291226289,1.2662613249879817,281.9865340059506,248.07646495645182,0.48668498998700044,12.794731613365846,19.76488272700496,55723160.0,0.7549912819014571,280.9100036621094,244.67999267578125,0.06172053034473722,0.0,0.043578499374319256,-0.05692033813635146
2026-02-23,AAPL,263.489990234375,269.42999267578125,263.3800048828125,266.17999267578125,37308200,0.006047343656806037,0.04065991846945849,0.07313336510504809,51.202294007876006,-3.7288863693959313,0.15741991735569627,0.5687890102709956,-0.41136909291529933,265.0989684830844,265.04334051151466,250.10031526437666,0.00407781365156782,0.004288552061232444,0.06429291140399795,1.0002098825477423,6.477075398493608,1.2531030112587984,280.99519731990665,250.88180158146054,0.5080194617437096,11.323443503158682,18.606226020592057,55504120.0,0.6721699218003997,280.9100036621094,249.8000030517578,0.055338535546020015,0.0,0.03730555619887033,-0.06258918349138622
2026-02-24,AAPL,267.8599853515625,274.8900146484375,267.7099914550781,272.1400146484375,47014600,0.022390946489790453,0.031302143446955144,0.0655025674266887,56.811757522603855,-1.3663835901683206,0.6971760016967323,0.594466408556143,0.10270959314058936,265.7695443083561,265.32164145806064,250.31961575576037,0.02396990353676532,0.025698518797437085,0.08717015175497654,1.0016881504570567,6.636571582362369,1.2756928774739165,281.2465974061133,252.30340259388663,0.6853635952507613,10.849290530307073,17.809946990538094,55056390.0,0.8539353924222056,280.9100036621094,252.17999267578125,0.03222601801135824,0.0,0.014587971225964632,-0.08311901652977455
2026-02-25,AAPL,271.7799987792969,274.94000244140625,271.04998779296875,274.2300109863281,33714300,0.007679856784716499,0.03737471025040806,0.06179588280313664,58.60861736565165,-1.3986711488400205,1.278840151690872,0.7313411571830888,0.5474989945077833,266.5753030395915,265.6709892826986,250.55753013616405,0.028714992947413844,0.03221662149389559,0.09447922334363414,1.0034038859844407,6.440388944224878,1.2312595267236897,281.839335731491,253.30666646577458,0.7333118512572564,10.663508331768764,17.077462662084823,54259690.0,0.6213507670242864,280.9100036621094,252.17999267578125,0.024359086927631196,0.0,0.006855465448411852,-0.09200309949878527
2026-02-26,AAPL,274.95001220703125,276.1099853515625,270.79998779296875,272.95001220703125,32345100,-0.004667610137537803,0.047471126994379054,0.06438156921090088,57.043301318313134,-0.6081068166371588,1.617878085654695,0.90864854287741,0.709229542777285,267.18241819839534,265.9564411620842,250.78034090303836,0.021586727328566892,0.02629592655996194,0.08840274809485354,1.0046096910868307,6.359646702394083,1.208767448583463,281.88168435300025,254.91531882082788,0.6687847260946967,10.047137138520872,16.567003867642462,53812545.0,0.6010698806384274,280.9100036621094,252.17999267578125,0.02916281772883923,0.0,-0.0005129680973646544,-0.09397328451415503
2026-02-27,AAPL,272.80999755859375,272.80999755859375,262.8900146484375,264.17999267578125,72366500,-0.03213049693728531,-0.0015118070783298743,0.022843402216081055,47.652512865901635,-3.4712073422386793,1.1654660418438993,0.9600120426707079,0.2054539991731914,266.89647291052734,265.88677651556253,250.91367077142388,-0.01017802972486913,-0.0064192129527786985,0.05287205700498721,1.0037974675092753,6.623957477836917,1.251326914343485,281.52044409353124,255.86655846994535,0.32406140449120213,9.547639038983133,15.911994959672763,54068220.0,1.3384294877841365,280.9100036621094,252.17999267578125,0.06332807725852355,0.0,0.008895473422166773,-0.06881669005908753
2026-03-02,AAPL,262.4100036621094,266.5299987792969,260.20001220703125,264.7200012207031,41827900,0.002044093269336189,-0.005484978192393464,0.020194196132707454,48.21779170414116,-3.9128852193455086,0.8408081017939821,0.9361712544953629,-0.09536315270138074,266.68918989244884,265.8410206216465,251.05104719380478,-0.007383833864956599,-0.004216878938855952,0.05444691101545664,1.0031905131451042,6.602959556010396,1.239465240928196,281.220734047771,256.69026753914306,0.327337177983787,9.12064130916064,15.664776305687932,51537445.0,0.8116021273464371,280.9100036621094,255.4499969482422,0.061158969351576165,0.0,0.005401906426364181,-0.07071623275302054
2026-03-03,AAPL,263.4800109863281,265.55999755859375,260.1300048828125,263.75,38568900,-0.0036642536122324376,-0.03082977216443561,-0.023184361835543954,47.231167196603714,0.7717834901926445,0.49948559438490747,0.8488341224732718,-0.34934852808836436,266.4092670455489,265.75901981295453,251.17740493316992,-0.00998188642249536,-0.00755955457078562,0.050054641937936975,1.0024467550830485,6.519176207422601,1.2162927040093108,281.1020797293671,256.1829208809844,0.30366511024936593,9.275955524563221,15.44476714080031,49770220.0,0.7749393110980823,280.9100036621094,255.4499969482422,0.06506162525918222,0.0,0.009099502925059242,-0.06729857819905213
2026-03-04,AAPL,264.6499938964844,266.1499938964844,261.4200134277344,262.5199890136719,39803100,-0.004663548763329417,-0.04270146046575496,-0.025827600151795194,45.94728312128393,2.6350732139109474,0.12825499742700686,0.7047182974640189,-0.5764633000370121,266.0388596139416,265.6319989972964,251.29026646630925,-0.013226904540848204,-0.011715493597803356,0.04468825118169933,1.0015316701985453,6.39137651180313,1.1863632051079962,281.02687700661807,255.56212140646792,0.2732352007008042,9.491344651291726,15.130524511532823,48540640.0,0.8199953688290884,280.9100036621094,255.4499969482422,0.07005186430767255,0.0,-0.00015228565068112955,-0.06292849956203345
2026-03-05,AAPL,260.7900085449219,261.55999755859375,257.25,260.2900085449219,49658600,-0.00849451684471103,-0.04638213261007962,-0.05859156664485654,43.631620784459265,-1.3604654659169497,-0.34194696063036645,0.4953852458451419,-0.8373322064755083,265.4913499883207,265.4225091756347,251.37981613873325,-0.0195913781885082,-0.019337096339920867,0.03544513852803192,1.0002593631297465,6.3112774047937545,1.1657943571394829,280.0888727716472,254.88012747249343,0.2146033453164389,9.424376099418614,15.437630019437842,46496285.0,1.0680122078570362,280.9100036621094,255.4499969482422,0.07921931092344922,0.0,0.008413701523346374,-0.05490033453380001
2026-03-06,AAPL,258.6300048828125,258.7699890136719,254.3699951171875,257.4599914550781,41120000,-0.010872553678353492,-0.025437207233745207,-0.0668696747567945,40.8199737551821,-2.6063985206565383,-0.9321983256983799,0.2098685315364375,-1.1420668572348174,264.72645869944046,265.1102535787501,251.44031539561232,-0.027448964792039742,-0.028856907721977028,0.02394077516962433,0.9985523197457293,6.283329977860942,1.154637543780705,279.26501148554945,253.858987537888,0.14173819266676668,9.530999915291579,16.099828061079016,45903415.0,0.8957939186006095,280.9100036621094,254.3699951171875,0.09108216027857181,0.0,0.01949825098213715,-0.0445117371064532
2026-03-09,AAPL,255.69000244140625,261.1499938964844,253.67999267578125,259.8800048828125,38218500,0.009399570838394267,-0.01828345540787224,-0.06558316753417703,44.135185086449475,-0.2686245013137269,-1.1909731294429093,-0.07029980065943187,-1.1206733287834774,264.2648916692854,264.90514578675254,251.5242924054352,-0.01659277083223137,-0.01896958584558881,0.033220300104884436,0.9975830816137352,6.368092209492526,1.163251422680648,277.4927994465299,253.8072005534701,0.25639226420919503,8.916092186357911,16.223981590616045,45291670.0,0.8438306646674764,280.17999267578125,253.67999267578125,0.07811292677989032,0.0,0.010004640813701862,-0.05529479031084527
2026-03-10,AAPL,257.6499938964844,262.4800109863281,256.95001220703125,260.8299865722656,30590800,0.0036554627966916,-0.011071140958234582,-0.05021487433585203,45.427568894256716,-1.4173407628379895,-1.3043625630818951,-0.31711235314392455,-0.9872502099379705,263.9377578505216,264.74533562147855,251.61688637724447,-0.011774636958218147,-0.014789114376734112,0.03661558779965225,0.9969496052912049,6.30822839304998,1.1453014886198956,276.2256937025626,253.69530544294525,0.31666924897642895,8.503300792362388,16.06915517163535,44590040.0,0.6860455832737535,280.17999267578125,253.67999267578125,0.07418627880101673,0.0,0.004984159711202115,-0.058735547498811554
2026-03-11,AAPL,261.0899963378906,262.1300048828125,259.54998779296875,260.80999755859375,26218900,-7.663617950748325e-05,-0.006513757148561616,-0.04702570688984964,45.40376731098591,-2.01743003416804,-1.379930472999888,-0.5296759771151173,-0.8502544958847708,263.63987591795706,264.59100863862034,251.7083601203425,-0.010733878361572033,-0.014290021038434816,0.036159456260807965,0.9964052719494964,6.041927585678105,1.0907672495909742,274.9700581776787,253.6639414561103,0.3353992750471237,8.060819673470949,15.925387782581849,44182140.0,0.5934275705069967,280.17999267578125,253.67999267578125,0.07426860664279462,0.0,-0.007131572290071566,-0.058663407058697985
2026-03-12,AAPL,258.6600036621094,258.95001220703125,254.17999267578125,255.75999450683594,40794000,-0.019362766377938656,-0.01740371850387079,-0.07165156258861727,39.738929569558174,-6.0189679061941685,-1.8262596433266367,-0.7889927103574212,-1.0372669329692155,262.88941102165984,264.2446943589425,251.74867489035736,-0.02711945105402694,-0.032109253405032144,0.01593382613920643,0.9948711048273964,6.08393310690199,1.0913359837080676,273.29110106896434,253.36889801550834,0.1200216906188398,7.565489343442852,16.593859357006014,43625275.0,0.9351001225780239,276.1099853515625,253.67999267578125,0.07956674727009572,0.0,0.004848316858760801,-0.040076635205456415
2026-03-13,AAPL,255.47999572753906,256.3299865722656,249.52000427246094,250.1199951171875,36930000,-0.022051921765652405,-0.028509269717626462,-0.044358749023042265,34.553759645309114,-8.791895453901521,-2.605050145254552,-1.1522041973368475,-1.4528459479177043,261.67327617361485,263.69078458475605,251.7324691214701,-0.044151551222074134,-0.05146478474376317,-0.0064055066472355595,0.99234896124899,6.135793763537897,1.0927553979262536,274.25012784666444,251.24886965089414,-0.04907881664987459,8.754063587296251,17.795250391558167,41417915.0,0.8916431452428255,276.1099853515625,249.52000427246094,0.10391008612565314,0.0,0.0481369293937529,-0.018431155846583402
2026-03-16,AAPL,252.11000061035156,253.88999938964844,249.8800048828125,252.82000732421875,32074200,0.01079486750256109,-0.02716637458036575,-0.011572411717900577,38.678805573693495,-7.3749785611088345,-2.9701408736086137,-1.5157915325912008,-1.4543493410174129,260.8301077117676,263.26447959414674,251.74329039711938,-0.030710029826773066,-0.03967292619965037,0.004277043195077287,0.9907531320361447,5.983950959487757,1.0581155354800251,274.52546781814044,250.67753053391036,0.08983908187837897,9.081417036482524,18.910827780785166,40207090.0,0.7977249783558074,276.1099853515625,249.52000427246094,0.09212078693390896,0.0,0.03694326424851703,-0.028913901612258017
2026-03-17,AAPL,252.9600067138672,255.1300048828125,252.17999267578125,254.22999572753906,32361600,0.005577044389181385,-0.025303803950846637,-0.03656968689067197,40.77804195371964,-3.766370362669162,-3.109855151414763,-1.8346042563559133,-1.2752508950588497,260.20152561803155,262.9101861091817,251.76803373374048,-0.022949634427810787,-0.033015800985504246,0.009778691747667385,0.9896973923633894,5.767241048598007,1.0145889536574098,274.5664603084946,249.67153712802886,0.183107960063403,9.497565343298142,19.63713738117172,38901715.0,0.8318810623130626,276.1099853515625,249.52000427246094,0.0860637611286135,0.0,0.031192259244927908,-0.034299655301290415
2026-03-18,AAPL,252.6300048828125,254.94000244140625,249.0,249.94000244140625,35757900,-0.016874457610149385,-0.04167783144411652,-0.05451107747077799,36.66529765702213,-5.583257294931202,-3.5260996465793255,-2.172903334400596,-1.3531963121787296,259.2242376964482,262.4015514555435,251.74984436764763,-0.0358154597638889,-0.04749037856298057,-0.00718904883849037,0.9878914063523188,5.7795811480843104,1.0118179148899071,274.87191418437544,247.92508288593706,0.07477389579330464,10.308716939632392,20.728652722825277,38979445.0,0.9173527226978219,276.1099853515625,249.0,0.10470505983247402,0.0,0.048891738422575534,-0.01772428539368701
2026-03-19,AAPL,249.39999389648438,251.8300018310547,247.3000030517578,248.9600067138672,34864100,-0.0039209238936004365,-0.02658737855418203,-0.044592756378763254,35.77759257187914,-5.607580392846564,-3.8902099541435007,-2.516364658349177,-1.3738452957943235,258.2466918885833,261.8744320539091,251.72208478900308,-0.03596051940414668,-0.049315334982314475,-0.010972728425680608,0.9861470242173929,5.690325264599494,0.9919384440383838,275.34306023119103,246.29193885328158,0.09184044312363152,11.13848627062885,21.95258201245492,39180385.0,0.8898355644029532,276.1099853515625,247.3000030517578,0.10905357449198261,0.0,0.05314104824372237,-0.01385769647329899
2026-03-20,AAPL,247.97999572753906,249.1999969482422,246.0,247.99000549316406,88331100,-0.003896213024359163,-0.008515871044318057,-0.06270308383499101,34.877491020773576,-5.534810349146822,-4.208527700420632,-2.8547972667634682,-1.3537304336571636,257.2698646128291,261.3299447378015,251.68494967163156,-0.036070525141490895,-0.0510463477808548,-0.014680830869260166,0.9844637776621926,5.512444670573972,0.9572944014228882,275.4255293576318,244.5504716189308,0.11140169852773776,11.875570288134371,23.248557961221074,41493415.0,2.128798027349641,276.1099853515625,246.0,0.11339158528779283,0.0,0.05726035982782224,-0.010000447322045353
2026-03-23,AAPL,253.97000122070312,254.60000610351562,250.27999877929688,251.49000549316406,40546100,0.01411347200480817,-0.005260666848051598,-0.055188171864255176,40.67691148089454,-3.380845504194247,-4.130759237242614,-3.1099896608592976,-1.0207695763833167,256.7194018395277,260.9440647674236,251.68300992856223,-0.020370086206544017,-0.03623021386857669,-0.0007668552416507867,0.9838100823191273,5.590841523415229,0.9670362075148441,274.83985319418383,243.66714906411693,0.2509521277463312,12.024024360055925,23.06628095313636,41655310.0,0.9733717021911492,276.1099853515625,246.0,0.09789645441423936,0.0,0.0425464102530032,-0.023778324608174826
2026-03-24,AAPL,250.35000610351562,254.8300018310547,249.5500030517578,251.63999938964844,45152300,0.0005964209042432778,-0.010187611145092257,-0.07532892685874182,40.91973242976309,-2.2605423205900967,-4.010790025207058,-3.29014973372885,-0.7206402914782077,256.23564922525344,260.57919945849125,251.6825819630009,-0.01793524768899353,-0.03430511755128304,-0.00016919157861596326,0.9833311705528871,5.5686384702639184,0.9593368353707785,272.96323823459517,243.49376249782674,0.2764296509577134,11.412170110958247,23.008960132944573,41562195.0,1.086379100045125,276.1099853515625,246.0,0.09724203632675964,0.0,0.05929104357468484,-0.024360216570023827
2026-03-25,AAPL,254.10000610351562,255.0,251.60000610351562,252.6199951171875,28476700,0.00389443542328749,0.010722544008974877,-0.07880251979502706,42.57363160091007,-2.79360075004568,-3.7929137466267093,-3.390702536308422,-0.4022112103182871,255.89130121496146,260.267073798048,251.69190945707243,-0.012783967576240061,-0.0293816600358528,0.003687387735732364,0.983187375493825,5.413735286422522,0.9294447631551088,270.09110468674703,244.20489445876083,0.32508044183806023,10.066658216667289,22.912667169033252,41300315.0,0.68950321565344,276.1099853515625,246.0,0.09298547497587502,0.0,0.057556839624578936,-0.02814504294109148
2026-03-26,AAPL,252.1199951171875,257.0,250.77000427246094,252.88999938964844,41796700,0.0010688159198788405,0.015785638535501967,-0.07349335746564245,43.04669207963491,-3.04412360210636,-3.5574500679229857,-3.4240520426313354,-0.13339802529165024,255.60546294588403,259.97777676242447,251.7038307499339,-0.010623652268380858,-0.027263012481459244,0.004712556961014168,0.9831819708938545,5.472039603645132,0.9358224000551758,266.9702158490017,245.31978201476778,0.3496566134813677,8.452413252070286,22.312227200136245,41772895.0,1.0005698671351364,272.80999755859375,246.0,0.07876941839148353,0.0,0.0767526926733617,-0.029182667960869102
2026-03-27,AAPL,253.89999389648438,255.49000549316406,248.07000732421875,248.8000030517578,47900000,-0.016173025219509918,0.003266250819193184,-0.058217844085183046,37.94725077061989,-4.604882718937093,-3.658696750389396,-3.470980984182948,-0.18771576620644792,254.9573239083482,259.5394326953395,251.67493694199186,-0.02415039804388515,-0.041378797557086885,-0.011423202982252755,0.9823452307828268,5.611179501166573,0.9556477313510697,265.991904899453,244.76009400191418,0.19027623547230882,8.313941381809045,22.235642259437792,40549570.0,1.1812702329519154,266.5299987792969,246.0,0.07126203983144898,1.0,0.10241155713425962,-0.013223506851153274
2026-03-30,AAPL,250.07000732421875,250.8699951171875,245.50999450683594,246.6300048828125,39446200,-0.008721857485242457,-0.019324826053509603,-0.06833634124536203,35.541556733435144,-3.569748913088678,-3.8694317914355167,-3.550671145633462,-0.31876064580205465,254.16424590591623,259.03318062426,251.6247386130448,-0.029643197831581102,-0.047882575164912414,-0.019849931122683896,0.981203432291528,5.593238151822644,0.9486314876365216,264.8282066009088,244.11479266666927,0.12142914847974672,8.139777524810551,22.583280233508077,40430485.0,0.9756548802221888,266.1499938964844,245.50999450683594,0.07914685410214714,1.0,0.11211123281460587,-0.0037708628964760816
2026-03-31,AAPL,247.91000366210938,255.47999572753906,247.10000610351562,253.7899932861328,49598100,0.029031294901536553,0.008543927442772103,-0.037763058630776114,47.39233194831544,1.4672949946388036,-3.4192743379567787,-3.5243917840981256,0.10511744614134688,254.1286027992702,258.82756543452956,251.6462834356626,-0.0013324336946236737,-0.01946304343565362,0.008518742344224874,0.9818452001919827,5.825863344172924,0.9831274411616634,263.41511665089126,244.53188194530014,0.49028206687975145,7.4351201041756525,21.76086375564725,40981945.0,1.2102427056597729,266.1499938964844,245.50999450683594,0.048701686186721965,0.0,0.08073606538955547,-0.03187673490644544
2026-04-01,AAPL,254.0800018310547,256.17999267578125,253.3300018310547,255.6300048828125,40059400,0.007250134541771258,0.011915168331108061,-0.026245560030480397,49.93948580501736,1.111461702866808,-2.880839233211759,-3.395681273920853,0.5148420407090937,254.27159347389326,258.70217090308967,251.68592245503723,0.005342364006770991,-0.011875300503094708,0.015670651696778358,0.9828738297257772,5.613301022783898,0.9449635957884486,262.2666921607415,244.991308022364,0.6158298290348568,6.811281096460423,20.836850883379572,40994760.0,0.9771834253938796,262.4800109863281,245.50999450683594,0.026796565241454424,0.0,0.07878568143865612,-0.038845236259031836
2026-04-02,AAPL,254.1999969482422,256.1300048828125,250.64999389648438,255.9199981689453,31289400,0.0011344258521832629,0.01198148913207242,-0.016789005465118967,50.34752240310687,0.6647533610539974,-2.4030249233842937,-3.197150003813541,0.7941250804292475,254.42858439723153,258.59306608998594,251.7280525616433,0.0058618168836928955,-0.010336966731004435,0.01665267563405741,0.9838956173275495,5.6037803058942,0.9414480117403509,261.571056054405,245.2499430911028,0.6537578106244335,6.440582766230814,20.479783381500834,40076300.0,0.7807457275247466,262.4800109863281,245.50999450683594,0.025633060582675535,0.0,0.07756326581255527,-0.039934359541361056
2026-04-06,AAPL,256.510009765625,262.1600036621094,256.4599914550781,258.8599853515625,29329900,0.011487914987700076,0.04043401196306218,0.00543771437485141,54.405060728477274,3.568849653127203,-1.7667551911638384,-2.9110710412836007,1.1443158501197623,254.85062258335827,258.6035335120086,251.79901706701565,0.01573220707708023,0.0009916795647418879,0.0280420804131557,0.9854877817109291,5.649224962127762,0.9466438354182812,261.80124348974965,245.15975504540657,0.8232575080033199,6.5651947555839625,19.185544703428796,39486795.0,0.7427774272386503,262.4800109863281,245.50999450683594,0.013984492929060423,0.0,0.06532490388247372,-0.05083824904589827
2026-04-07,AAPL,256.1600036621094,256.20001220703125,245.6999969482422,253.5,62148000,-0.020706117804507373,0.027855471682984412,-0.024549810539250316,46.8829535170936,1.8235833723087431,-1.675696480960056,-2.663996129218892,0.988299648258836,254.72199186113366,258.4033949429102,251.81594227032895,-0.004797355156518429,-0.018975737311785368,0.006687653349060722,0.9857532712269864,6.185708065070087,1.031997392178064,260.9484805579979,245.37451748887707,0.5217350570988357,6.15178971889364,19.342006656803285,40683270.0,1.5276058192962365,262.4800109863281,245.50999450683594,0.035424106454943156,0.0,0.0878500552807569,0.010138095953525642
2026-04-08,AAPL,258.45001220703125,259.75,256.5299987792969,258.8999938964844,41032800,0.02130175107094434,0.02013476002022796,-0.007399427884594578,53.81158729678541,4.399366168658378,-1.154489186568469,-2.3620947406888075,1.2076055541203385,255.11989681688135,258.4228694116778,251.8864303462111,0.014816943432351215,0.001846293580335075,0.027844150002972686,0.9872187295098264,6.190300346136509,1.029129954414815,260.50977991875675,245.62021886054012,0.8918849242111114,5.883690393427706,18.827354086674006,41205370.0,0.9958119536361402,262.1600036621094,245.50999450683594,0.012591772276860046,0.0,0.06516027622593382,-0.010930809729555785
2026-04-09,AAPL,259.0,261.1199951171875,256.07000732421875,260.489990234375,28121600,0.006141353323192211,0.01901179540246245,-0.0012269749135933594,55.64614996003096,3.5786649746029657,-0.606142006611492,-2.0109041938733445,1.4047621872618525,255.63133428521408,258.5039329733522,251.97203790728736,0.019006496064915033,0.007682889920392442,0.033805149165883924,0.9888876016117122,6.108849449481669,1.012638886687858,260.4282152122462,245.6697828346288,1.0041857441595559,5.832242938945775,18.103839046182234,41300505.0,0.680902085821953,262.1600036621094,245.50999450683594,0.006411046452233268,0.0,0.05954167279775288,-0.014703008621634971
2026-04-10,AAPL,259.9800109863281,262.19000244140625,259.0199890136719,260.4800109863281,31291500,-3.8309525974056235e-05,0.01781811835733338,0.018454866206083054,55.63121498726629,3.5129596320621093,-0.17041373433426088,-1.6428061019655278,1.472392367631267,256.0931130186535,258.581426228763,252.05669435583505,0.017130089583295607,0.007342309094874671,0.03341834126651533,0.9903770613133323,5.898932590785434,0.9754833379373266,261.272748870875,245.29725082394924,0.9503778923061867,6.307321024359888,17.236778366991363,40825380.0,0.7664717389035938,262.19000244140625,245.50999450683594,0.006564770358397563,1.0,0.10265659208597971,-0.014665260914854813
2026-04-13,AAPL,259.7300109863281,260.17999267578125,256.6600036621094,259.20001220703125,36234700,-0.004914000020385667,0.0013135551058884865,0.03630264379938741,53.642490296800105,2.604709530926622,0.07080268729896488,-1.3000843441126293,1.3708870314115942,256.3890081794514,258.6056845024206,252.12777214539918,0.010963824258847874,0.002298200465910753,0.028050222319632306,0.9914283542249457,5.750437928887814,0.9491200409517943,261.9836165578877,245.49438484592093,0.8311865343710177,6.498501084324239,16.8101959876961,40790615.0,0.8883097251659481,262.19000244140625,245.50999450683594,0.011535455607875467,1.0,0.10810180437526917,-0.007754666940445749
2026-04-14,AAPL,259.25,261.92999267578125,257.19000244140625,258.8299865722656,48370700,-0.001427567968129817,0.021025588056274636,0.023771770722004648,53.05206446584643,2.348842262229975,0.2294653295397211,-0.9941744093821594,1.2236397389218805,256.6214823121004,258.6144806620224,252.19446084616402,0.008606077091703721,0.0008333095257912584,0.026311147770010618,0.9922935546964687,5.678263093565469,0.9366542676758292,262.5616595881704,245.51733974044288,0.7810606085051659,6.709318775328353,16.071804850313928,41605440.0,1.1626051785535738,262.19000244140625,245.50999450683594,0.01298155562899777,1.0,0.1096859565014542,-0.003940768328970619
2026-04-15,AAPL,258.1600036621094,266.55999755859375,257.80999755859375,266.42999267578125,49913500,0.029362927395561567,0.029084584614967435,0.04798803112641781,62.24403809113553,7.086008604411422,0.9574269711251304,-0.6038541332807015,1.561281104405832,257.5556261562605,258.9209713292286,252.3361079290458,0.034456115954293355,0.029001209550556534,0.05585361866125972,0.99472678800037,5.897672872596508,0.9728936654222154,264.7409025943428,244.55809642909466,1.0836895557341684,7.925719942096074,15.292713121346894,42483035.0,1.1749042882647156,266.55999755859375,245.50999450683594,0.00048795138079931746,0.0,0.08107197649403039,-0.019367202657204534
2026-04-16,AAPL,266.79998779296875,267.1600036621094,261.2699890136719,263.3999938964844,43323100,-0.011372588907376024,0.011171268652170108,0.05385288998800242,57.41735640276009,6.799654819631626,1.2751471356014008,-0.22805387950428108,1.5032010151056818,258.1122326077104,259.0966192730426,252.44619634663226,0.020486287051766857,0.01660915003644541,0.04339062227268213,0.9962006966046288,5.89712585658515,0.9724756059139137,265.8535512798039,244.7914468891414,0.8835084406662002,8.2492159782966,14.671045275860829,42861295.0,1.0107744061396184,267.1600036621094,245.50999450683594,0.014274904528291906,1.0,0.1090736964770734,0.006340218171723598
2026-04-17,AAPL,266.9599914550781,272.29998779296875,266.7200012207031,270.2300109863281,61436200,0.025930209749845057,0.03743089522716492,0.08543542616829547,64.163302934811,6.4778037492046385,2.054386267237305,0.2284341498440362,1.825952117393269,259.2663067390073,259.5332228696421,252.62314972613174,0.04228742402057472,0.04121548678204778,0.06969615128021274,0.9989715531303294,6.111616430863667,1.0076665367389697,268.33294241802696,244.4390561781645,1.0793955637545583,9.319497283500821,14.906016144560168,44189900.0,1.3902769637405832,272.29998779296875,245.50999450683594,0.007660055221421519,0.0,0.09077451719652979,-0.01909485790743811
2026-04-20,AAPL,270.3299865722656,274.2799987792969,270.2900085449219,273.04998779296875,36590200,0.010435468645202839,0.0534335452687984,0.1010523881797949,66.52152334020403,6.814529819432592,2.866444861872253,0.7560362922496796,2.1104085696225736,260.579038267956,260.0632920823216,252.8264018461998,0.047858606002639095,0.049936673517676756,0.07999000816011045,1.0019831564135937,5.964357242442602,0.9837380916827168,270.97648629121215,244.30151053495968,1.0777320857084782,10.35362500264153,15.405912504734415,41602855.0,0.8795117546620298,274.2799987792969,245.50999450683594,0.0045047099114347375,0.0,0.07950933141633086,-0.02922534636698303
2026-04-21,AAPL,271.5,272.79998779296875,265.3999938964844,266.1700134277344,50209800,-0.025196757637106715,0.028358487177912117,0.05837213254571805,56.715668886490256,4.005163852815646,2.921177203326863,1.1890644744651162,1.7321127288617468,261.1115120926968,260.30277135076915,252.95917410074244,0.019372954085769147,0.022540067654749793,0.052225183664343346,1.0031069232867935,6.084759860588442,1.003303135427737,271.89066048703336,244.8553371325956,0.7884010121018228,10.463679826829802,14.882980178103933,42086040.0,1.193027426671647,274.2799987792969,245.50999450683594,0.030469192404967677,1.0,0.109328527324278,-0.004132719870844048
2026-04-22,AAPL,267.82000732421875,273.739990234375,266.8699951171875,273.1700134277344,43249200,0.026298980526972437,0.025297530072581065,0.08555879069427319,62.73466651497081,5.528095837885938,3.4891734571351094,1.649086270999115,1.8400871861359944,262.2599407912718,260.8073690792776,253.16027697961798,0.0416002253472088,0.04740143805023729,0.07903979521134476,1.0055695194392749,6.190846785306455,1.02026118938493,274.03769454253535,244.8613044809021,0.9702608474534357,11.24549868723698,14.547945363603088,41990885.0,1.029966384371275,274.2799987792969,245.50999450683594,0.004063349917637048,1.0,0.10158508853806207,-0.02965188602466587
2026-04-23,AAPL,275.04998779296875,275.7699890136719,271.6499938964844,273.42999267578125,33399600,0.0009517122497622044,0.038078963597997006,0.08237668419295252,62.94078408540724,7.86193004961785,3.9151611919328957,2.1023012551858713,1.8128599367470244,263.32375525646313,261.30237392619927,253.36196569301265,0.03837951273889115,0.046412202718859305,0.07920694381998934,1.0077357939764977,6.042928809012245,0.9950045001200749,275.9252605160547,245.05473826324223,0.9191698857622619,11.85094334720907,14.561614783888377,42237030.0,0.7907658279950082,275.7699890136719,245.50999450683594,0.00855793585404239,1.0,0.1005376933339911,-0.030574500148106747
2026-04-24,AAPL,272.760009765625,273.05999755859375,269.6499938964844,271.05999755859375,38157100,-0.008667648687676,0.003071407832298867,0.07184941362963637,59.699096113358095,4.696795654221334,4.015235605096507,2.4848881251679984,1.5303474799285084,264.0605402376184,261.68502583335203,253.53806551257068,0.026507017347903516,0.03582540382425976,0.06910967002370791,1.0090777620794327,5.8812909497468615,0.9682152690899236,277.07455651807453,245.72244207811687,0.8081609783927255,11.993991749816468,14.156501934350887,42055050.0,0.9073131526415972,275.7699890136719,245.50999450683594,0.017376195298090678,1.0,0.11857158908698782,-0.022098392563735532
2026-04-27,AAPL,266.0899963378906,268.3599853515625,265.07000732421875,267.6099853515625,41466800,-0.012727854490168666,-0.019923100840901542,0.0756028218210738,55.23901411312496,2.7333085278176363,3.7726691646484483,2.7424443330640886,1.0302248315843596,264.3985826294226,261.91737718700733,253.67808461544624,0.012146066329867356,0.021734366103134346,0.05491960709667037,1.0094732372058028,5.889055184363158,0.971512822923809,277.1096688747658,247.5683279514061,0.6784274773494972,11.26075082319371,13.37895787481161,41733390.0,0.9936120693765831,275.7699890136719,245.50999450683594,0.030492149429287727,1.0,0.13299214828891268,-0.002129878696012929
2026-04-28,AAPL,272.3399963378906,273.2300109863281,268.6600036621094,270.7099914550781,40018900,0.011584044965448959,0.017056684819142243,0.09763607872329794,58.25679354476734,3.9273572010433244,3.7869247860633664,2.951340423663944,0.8355843623994224,264.99966918424695,262.2621855896768,253.84755632529334,0.021548412827870057,0.03221129972057179,0.06642740774772843,1.0104379653071758,5.869838787963333,0.9704850498135464,276.848427374346,250.23756810905243,0.7693259034564983,10.097350145259822,13.026083103083424,41762025.0,0.9582605249625706,275.7699890136719,245.6999969482422,0.018691580356513703,1.0,0.12001781159726625,-0.013556880152187699
2026-04-29,AAPL,267.54998779296875,271.0400085449219,267.0400085449219,270.1700134277344,30047900,-0.0019946734305643643,-0.010982171733844526,0.0645416311711473,57.529223872074375,4.232253358051943,3.7118627119301095,3.103444881317177,0.6084178306129324,265.49208292172193,262.57229648528687,254.00996883377536,0.017619849354949216,0.028935714255266875,0.06361972590349049,1.0111199333498522,5.736278874537382,0.9518760914773342,277.1725668591111,251.55143063844744,0.7266884118226924,9.691686529050335,12.396073647093052,40784515.0,0.7367477583097408,275.7699890136719,245.6999969482422,0.020727598577239482,1.0,0.12225634651393985,-0.00751378272348446
2026-04-30,AAPL,270.5,276.0,268.1400146484375,271.3500061035156,91848200,0.004367593060422559,-0.007607016889079721,0.061495133280264236,58.741846600350826,4.837159595398887,3.704883434686451,3.2237325919910322,0.48115084269541875,266.049980367607,262.9165203918841,254.18250651805138,0.019921165671899034,0.03207666714537818,0.0675400515190253,1.01191807943849,5.88797219432489,0.9795685680995991,277.6442533250111,252.6517442946178,0.7481546485052354,9.425871265323014,12.591293282547548,43373955.0,2.1175887695738145,276.0,245.6999969482422,0.017136516645997274,1.0,0.1259996376353989,0.012935246615428027
2026-05-01,AAPL,278.8599853515625,287.2200012207031,278.3699951171875,280.1400146484375,79915400,0.032393618379240596,0.03349818184765896,0.09463901474203418,66.43085672988435,5.145825301035075,4.35839170898015,3.4506644153888564,0.9077272935912939,267.3918883943528,263.5919515391999,254.4407901810403,0.04767581518884206,0.06277909098744468,0.10100276944239764,1.0144159821002228,6.60097383167222,1.097833954876636,279.7085761642048,253.00942310337322,1.0161592573086373,10.02374731003633,14.090463786138207,45805255.0,1.744677548460324,287.2200012207031,245.6999969482422,0.025273028493093527,1.0,0.11158698369912158,-0.018847822591503707
2026-05-04,AAPL,279.6600036621094,280.6300048828125,274.8599853515625,276.8299865722656,46668400,-0.011815620415119188,0.034453128528035615,0.06941977222280116,61.76301423631768,5.098706525049962,4.556683510866321,3.6718682344843496,0.8848152763819717,268.29075488748737,264.11109016794757,254.66356825458487,0.03182827409896889,0.04815737346065285,0.08704196862395762,1.0158254040634225,6.541619953070632,1.087847901755219,280.8833301118978,253.63166927775066,0.8512625133454905,10.196780582496375,14.831423534079027,46672180.0,0.9999190095684409,287.2200012207031,245.6999969482422,0.03753211412205585,1.0,0.1263953417229209,-0.0011920188862180325
2026-05-05,AAPL,276.92999267578125,284.57000732421875,276.5,284.17999267578125,49311700,0.026550613950909296,0.049758049742830934,0.12102561213325935,67.26369784865585,5.162262192321379,5.246437591702943,3.986782105928069,1.259655485774874,269.80401562922964,264.8981059525685,254.95726401996993,0.05328303588448931,0.07278982480405193,0.11461814499830172,1.0185199877478115,6.650790479581212,1.1053639288380956,282.7797454379893,254.8032532192373,1.0500508507944188,10.408250368271169,15.930632880572796,46030365.0,1.071286312850224,287.2200012207031,256.07000732421875,0.010697475625563078,1.0,0.10232957224057963,-0.010943716770063606
2026-05-06,AAPL,281.9200134277344,288.0299987792969,281.07000732421875,287.510009765625,58336100,0.01171798569803939,0.06418179470731222,0.11050605076715336,69.41076246368281,5.295741666035191,5.992697136941899,4.387965112130835,1.6047320248110646,271.49030078507684,265.78484727857074,255.28117193783714,0.05900656094977763,0.08173965788306924,0.12624839342102243,1.0214664363485144,6.672876263545277,1.1089007757427538,285.6490494118561,254.79495083228454,1.0603148508445182,11.41805573403849,17.28640122982835,46895530.0,1.2439586459519703,288.0299987792969,256.07000732421875,0.0018085944697917213,0.0,0.08956209914566493,-0.006017220018664431
2026-05-07,AAPL,289.2699890136719,292.1300048828125,285.7799987792969,287.44000244140625,45224300,-0.00024349525874178823,0.05929609720278606,0.10345891672376006,69.30784724452937,7.991128955421087,6.503495944106646,4.811071278525997,1.6924246655806492,273.00931999044155,266.63406904966234,255.60116030105675,0.052857838155378284,0.07803178890792303,0.12456454463214633,1.023910113825667,6.649814109257444,1.104299655040213,288.0340182076708,255.10498325717302,0.9819607295762686,12.125454022520307,18.91266662759443,47750665.0,0.9470925692867314,292.1300048828125,256.6600036621094,0.016316457005187635,0.0,0.09588087017989701,0.00890619794339724
2026-05-08,AAPL,290.010009765625,294.760009765625,290.0,293.32000732421875,52692800,0.02045645989726541,0.04704787601414795,0.12607491919836522,72.93731219762981,7.376356446903695,7.29864074442753,5.308585171706304,1.990055572721226,274.943671165087,267.6805764329783,255.976472211735,0.06683673088840741,0.09578368080681399,0.14588659180205557,1.0271334395229315,6.6976850531832515,1.1110019812028342,291.38613212556186,255.0368689730709,1.053202596997468,13.30444109395376,20.64438380764232,48820730.0,1.0793120053714886,294.760009765625,256.6600036621094,0.0049093222604980735,0.0,0.07391242375027442,-0.010534557005090772
2026-05-11,AAPL,291.9800109863281,293.8800048828125,290.2300109863281,292.67999267578125,42247300,-0.0021819672455212213,0.057255380097264164,0.12916658523151803,71.94010991521236,7.04019329102116,7.787386747146286,5.804345486794301,1.9830412603519845,276.63284464229594,268.6609456974019,256.3416813705812,0.058008831359975525,0.08940282301184316,0.14175732604588512,1.0296727122887146,6.479992827704761,1.0754051476504487,293.7441373293052,256.02686181620265,0.9717862799195482,13.721085896391532,22.252406903401074,49121360.0,0.8600596563287336,294.760009765625,257.19000244140625,0.007106796302772562,0.0,0.0777983466620955,-0.0004099874271912587
2026-05-12,AAPL,292.55999755859375,295.2699890136719,292.55999755859375,294.79998779296875,45748100,0.007243389265544797,0.03737066433562686,0.13897153763773917,73.24498327716216,8.758204990850132,8.25067867603616,6.293612124642673,1.9570665513934866,278.3630487518838,269.68600617173786,256.7243510862269,0.059048566664233464,0.09312304326698377,0.14831330392165692,1.0321746118877941,6.210707015374287,1.0320587611638534,295.9316300548951,257.4363692126831,0.9706030758808253,13.913078057698758,23.87041742550984,48990230.0,0.9338208863277433,295.2699890136719,257.80999755859375,0.0015943054279676375,0.0,0.07510181670694614,-0.004409728109899725
2026-05-13,AAPL,293.5,300.9200134277344,293.5,298.8699951171875,52684300,0.013805995565634221,0.03951161686795901,0.12175807278905904,75.59172108769982,11.68118212201923,8.844304803724697,6.8037506604590785,2.0405541432656182,280.31609126286514,270.8304763264614,257.143710728326,0.0661892214989665,0.10353162306935842,0.16226834508484397,1.0350241784642016,6.297086044828579,1.0471856612831225,299.2192129624041,257.3927865493147,0.9916507845597996,15.028934500075861,25.839723375197053,49128770.0,1.0723716470003217,300.9200134277344,261.2699890136719,0.006859230916583151,0.0,0.060461095524605823,-0.013249879612456262
2026-05-14,AAPL,299.82000732421875,300.45001220703125,295.3800048828125,298.2099914550781,35324900,-0.00220833028705536,0.037468650578192486,0.13215640989070798,74.4512942378568,10.158472486436976,9.155956836090468,7.274191895585357,1.8817649405051107,282.0202722335521,271.90418280209343,257.55233043704993,0.057406225067815855,0.09674661265557429,0.15786174774281625,1.0372046112980198,6.20943756478502,1.0332352226639472,301.4950684041911,258.597930863387,0.9234196699957384,15.317862425311446,27.66836461419232,48728860.0,0.7249276917210868,300.9200134277344,265.07000732421875,0.009087629691523847,0.0,0.06280812690056893,-0.011065986678940149
2026-05-15,AAPL,297.8999938964844,303.20001220703125,296.5199890136719,300.2300109863281,54862800,0.0067738157309671365,0.023557900891743255,0.11101653695124858,75.66155760406224,11.12632641099315,9.456928427062564,7.710739201880799,1.746189225181765,283.7545330671498,273.014999593632,257.97698397485374,0.058062430725219084,0.09968320946909172,0.16378603377886156,1.0393367891489549,6.243050823968902,1.0390643112347817,304.201371924957,258.89162734262106,0.9123508425122059,16.093165655147867,29.584085094082646,48400190.0,1.1335244758336693,303.20001220703125,265.07000732421875,0.009892419518441688,0.0,0.05718942904391439,-0.017719771939991077
2026-05-18,AAPL,300.239990234375,300.6600036621094,294.9100036621094,297.8399963378906,34483000,-0.007960612067346995,0.01763018925528481,0.0907892680944491,71.35467444894705,9.76229579455749,9.394304676785794,8.047452296861799,1.3468523799239946,285.0960057596013,273.9885288777206,258.3736308640382,0.04470069843432055,0.08705279581545793,0.15274920022554592,1.0405399340161312,6.207832907971124,1.0334625222747997,306.14740536058054,259.4245947614898,0.822198003155838,16.522320973812814,30.94292456705236,48294830.0,0.7140101745880459,303.20001220703125,265.07000732421875,0.017996293093758393,0.0,0.0656728370907026,-0.03377651652661512
2026-05-19,AAPL,296.9700012207031,300.510009765625,296.3500061035156,298.9700012207031,42243600,0.003793999787491842,0.014145229309381335,0.12322946289317449,72.1615332937321,6.721634035714737,9.328325721473789,8.303626981784197,1.0246987396895921,286.41733866065863,274.9681944597984,258.77757484768665,0.04382647579487702,0.0872893928989079,0.1553164967894652,1.0416380673530339,6.06155939040957,1.010142285178716,307.4946587512379,261.3573401501293,0.8152329223066301,16.221202945656994,32.204704077667095,47896520.0,0.8819763941096347,303.20001220703125,265.07000732421875,0.014148613469769053,0.0,0.06164495635191176,-0.038766419007152345
2026-05-20,AAPL,298.17999267578125,302.79998779296875,298.0799865722656,302.25,38229800,0.0109709963070026,0.011309281420127881,0.10645380218483824,74.41431397539037,9.182536091009258,9.431979425814575,8.529297470590272,0.9026819552243026,287.9252111691673,276.03806918686513,259.2101362919883,0.04975176981780961,0.09495766613042962,0.1660423636347658,1.0430634151923952,5.96573380685911,0.9953093751925817,309.5845582685862,262.1754392900076,0.8452922470063143,16.583573240875467,33.593239673308304,47645550.0,0.8023792358362953,303.20001220703125,265.07000732421875,0.0031431338528742658,0.0,0.05012404928530811,-0.04919766788151365
2026-05-21,AAPL,301.05999755859375,305.5400085449219,300.3999938964844,304.989990234375,42965100,0.009065310949131433,0.02273565263931876,0.11542258861124988,76.15056201121033,7.322822892157547,9.624277367560865,8.748293449984391,0.8759839175764732,289.55042822299663,277.17343863970865,259.66565722673846,0.05332253212724511,0.10035792654296988,0.1745488159339432,1.044654313357116,5.906753866971853,0.9859139851033933,311.8297780426014,263.0862192718517,0.8596781199256455,16.95675855201127,35.12694814973823,48123825.0,0.8928030970106803,305.5400085449219,265.07000732421875,0.001803397908646778,0.0,0.04068987199406999,-0.05773955183915968
2026-05-22,AAPL,306.1199951171875,311.3999938964844,305.8399963378906,308.82000732421875,43670200,0.012557845216167651,0.028611384683597807,0.13930498821561677,78.36104586942322,7.411915006355926,9.970788202391702,8.992792400465854,0.9779958019258483,291.38562623263687,278.4144805489051,260.1547552376587,0.05983267368741976,0.10920957385322724,0.1870627044356839,1.0465893356486258,5.9427002809102465,0.9923817888628516,314.18978391928874,264.50221437172684,0.8919291757683994,17.172371380388352,37.00080754586266,48399480.0,0.902286553491897,311.3999938964844,265.07000732421875,0.008354337514010171,0.0,0.02778313052514701,-0.06942556159872498
2026-05-26,AAPL,309.55999755859375,311.82000732421875,307.6700134277344,308.3299865722656,48000500,-0.001586751960143129,0.03522022012944981,0.15216174077812816,77.37295513502463,7.267598091228702,10.089553859697162,9.212144692312116,0.8774091673850464,292.99937483641105,279.58763764786045,260.6341107733264,0.05232301858805668,0.1028026459474791,0.18299936127861688,1.0479697074641103,5.814649824879828,0.9720410016484123,315.42820376122364,267.3357946518623,0.8524046243385981,16.50493484165835,38.770348721614035,48726165.0,0.9851072827094026,311.82000732421875,267.0400085449219,0.011319109084238003,0.0,0.029416559268369908,-0.06794662407752196
2026-05-27,AAPL,308.3299865722656,313.260009765625,308.29998779296875,310.8500061035156,50430900,0.008173125031610828,0.039736444574058005,0.1482768125132108,78.84995996187727,5.97640745314732,10.268650404412881,9.42344583473227,0.845204569680611,294.69943495708765,280.81361288141557,261.13377142337805,0.05480353618180391,0.10696202692561055,0.19038607840397667,1.049448536106171,5.7536049782924295,0.962577394477528,316.89308518682253,269.88491469110716,0.8714461971274182,16.022472044110284,40.51725511293232,49246765.0,1.0240449296517242,313.260009765625,267.0400085449219,0.007752947128161921,0.0,0.02107121654933328,-0.07550265645768532
2026-05-28,AAPL,310.67999267578125,312.79998779296875,309.57000732421875,312.510009765625,48220400,0.005340207912225559,0.03394544173904057,0.15671612034477622,79.78600357416764,6.7753237618160735,10.4243684976272,9.623630367311256,0.8007381303159438,296.39568017694836,282.0566088376591,261.6449777750422,0.05436762634008809,0.10796910965306823,0.1944047710111809,1.0508375655453661,5.573346084753685,0.9330254249269562,317.862511265398,273.14948824632074,0.8802921131615439,15.1310034503591,42.139382476299296,50155390.0,0.9614200986175164,313.260009765625,268.1400146484375,0.0023999231274623154,0.0,0.015647448011430885,-0.08041343988200378
2026-05-29,AAPL,311.7799987792969,315.0,309.5299987792969,312.05999755859375,70026800,-0.001439992937726231,0.023181112661388337,0.15002760471487853,78.7682653098839,5.85482038002875,10.39167522083676,9.777239338016356,0.6144358828204037,297.88751992758125,283.2332123169115,262.14661976293826,0.047576607554616214,0.10177755993328809,0.19040252298806085,1.0517393687371377,5.565964308750074,0.9324565696392004,318.0681925746666,277.0148060825599,0.8536492228910747,13.79753297766581,43.81134986169966,49064320.0,1.4272448899729988,315.0,274.8599853515625,0.009421273038541933,0.0,0.017112082226713354,-0.07908733214402858
2026-06-01,AAPL,309.6300048828125,310.94000244140625,305.0199890136719,306.30999755859375,48849900,-0.018425943872925732,-0.008127743365376694,0.09341751103639484,67.00691356211095,2.489377509605476,9.788947722259195,9.779581014864924,0.009366707394271145,298.6896606543443,284.13818428717354,262.5860563579199,0.025512556703688384,0.07803179754612445,0.16651280653331957,1.051212674578306,5.671253182762345,0.9501561534364226,318.06747577967144,279.63252116857075,0.6940941301988185,12.860951918133928,43.918319219177455,47511045.0,1.028179868491632,315.0,274.8599853515625,0.028369960205898662,0.0,0.03620513997676236,-0.06180011369743212
2026-06-02,AAPL,307.4599914550781,315.45001220703125,306.69000244140625,315.20001220703125,44534700,0.029022933365852488,0.022281406071269272,0.13860501931119096,73.57622843981147,5.69733450883133,9.914345321001122,9.806533876092164,0.10781144490895755,300.26207508793357,285.3562951859915,263.1095783066673,0.0497496632390986,0.10458404992112726,0.19797999843110908,1.0522356792312069,5.919021858881998,0.990317912161776,318.4058819397014,283.13111757201733,0.9091171892956119,11.728211031513396,44.47211912330498,47404360.0,0.9394642180592672,315.45001220703125,276.5,0.0007931471774049074,0.0,0.006979637069328925,-0.08826144113835209
2026-06-03,AAPL,314.17999267578125,316.94000244140625,308.8500061035156,310.260009765625,50836700,-0.015672595971098935,-0.0018980097355834058,0.09177288254630311,65.74275453854757,3.3407715459043903,9.505533041829153,9.746333709239563,-0.24080066741040973,301.21425934295183,286.3329114440163,263.5787368286469,0.030030950202705926,0.08356391237368055,0.17710560987825616,1.051972187981765,6.0740914645254716,1.0146220685064362,318.42051628225414,285.72448493844894,0.7504129344989975,10.823901969805709,45.12356682961787,47480610.0,1.0706833800155473,316.94000244140625,281.07000732421875,0.021530305116754793,0.0,0.023012905002655754,-0.1176755257411524
2026-06-04,AAPL,313.2300109863281,313.5400085449219,309.6499938964844,311.2300109863281,44869100,0.0031264139436979477,-0.00409586489807745,0.08250147965296728,66.497030014964,4.495707364046207,9.154292372997418,9.627925441991135,-0.47363306899371693,302.1681404518448,287.30926828881286,264.05287886006664,0.029989496976526676,0.08325781775152917,0.17866547159011495,1.0517173436538574,5.918085977662045,0.9874100193552091,318.62046679445643,287.89653454831705,0.759456056961688,10.131268267210777,45.728482556908425,46807260.0,0.9585927482189729,316.94000244140625,285.7799987792969,0.018346532318597442,0.0,0.019824511429996024,-0.12042543991033874
2026-06-05,AAPL,312.8599853515625,315.1700134277344,307.1499938964844,307.3399963378906,65310500,-0.012498841728371679,-0.015125300447446421,0.06923181786620303,60.72281339292548,2.7996103565617183,8.46446683574112,9.395233720741132,-0.9307668850000113,302.6606981552777,288.09478703583557,264.48359644691067,0.015460541164192444,0.06680165753801409,0.16203802605044462,1.0505594400693867,6.068224088632613,1.0102536163909028,317.86660617349435,290.6403945589275,0.6133648711533682,8.948528638716194,45.50258537475598,47811570.0,1.3659978118267189,316.94000244140625,290.0,0.031235785182223124,0.0,0.03273247113445578,-0.10929262945966092
2026-06-08,AAPL,308.739990234375,317.3999938964844,301.1700134277344,301.5400085449219,77949100,-0.01887156849768501,-0.015572423530705759,0.02802400455287457,53.29234515524705,-0.23490205296215882,7.364866983058619,8.98916037320463,-1.6242933901460113,302.5539658114343,288.6220506244272,264.8523169652988,-0.0033513269733319658,0.04475734924808049,0.13852131633203632,1.0482704462700083,6.794063830069569,1.1261361744344407,317.400485629522,291.92851522497017,0.37733607441040906,8.360662423364463,43.703525199433884,49074385.0,1.588386690938664,317.3999938964844,290.2300109863281,0.05259662035593432,0.0,0.002918368567603862,-0.09216026980639241
2026-06-09,AAPL,300.2799987792969,300.75,287.7799987792969,290.54998779296875,70108800,-0.03644631040831148,-0.07820438914790317,-0.007277589640956483,42.64407400074753,-4.734582413773506,5.542730206777662,8.299874339919237,-2.7571441331415745,301.4107298096757,288.6976560035857,265.10801518248957,-0.03603303048821403,0.00641616497696836,0.09596832669493552,1.0440359439770825,7.291631396894957,1.2019138516700036,317.72151635608276,291.3944840101282,-0.03207715195781422,8.644341087781727,41.48063191147114,50467460.0,1.3891882016649937,317.3999938964844,287.7799987792969,0.09241096964921398,0.0,0.040853643550051034,-0.057821333673362854
2026-06-10,AAPL,290.739990234375,294.75,287.3800048828125,291.5799865722656,52793300,0.003544996808021894,-0.060207640705840726,-0.010922664023190087,43.77789437649024,-5.582546578290008,4.134130296566639,7.466725531248718,-3.3325952346820795,300.47446854897,288.81068857490646,265.3714178828854,-0.029601456721620734,0.00958862710734094,0.09876183689438092,1.0403855550901375,7.297228805487281,1.1961172674152767,318.1016154122942,290.6923848318464,0.03238331473092736,9.00443518479356,39.47096425508449,50819720.0,1.038834924710329,317.3999938964844,287.3800048828125,0.0885520560850269,0.0,0.061183989563862784,-0.06114955550231708
2026-06-11,AAPL,293.7200012207031,297.0,289.5899963378906,295.6300048828125,42572500,0.013889904990249002,-0.05012372056948233,-0.010840801309293657,48.120650521443395,-4.118957689013661,3.3064921660852633,6.634678858216028,-3.328186692130765,300.013091056955,289.078112743844,265.6724983505464,-0.014609649727952603,0.022664781075190647,0.11276103743616706,1.0378270710615838,7.305284152388859,1.1916581648919766,318.2697428283648,290.2002583923383,0.19343948061636818,9.226250884912638,37.19864016884679,50314130.0,0.8461340780412977,317.3999938964844,287.3800048828125,0.07363930810169761,0.0,0.0628150289804984,-0.07401144850464592
2026-06-12,AAPL,296.0299987792969,297.1400146484375,289.6199951171875,291.1300048828125,38742100,-0.015221729613622226,-0.052742863435375376,-0.023741614215270657,44.0493080314695,-6.3438960378003655,2.261402551991978,5.760023596971219,-3.4986210449792408,299.1670828498938,289.15857910223485,265.9258068732555,-0.026864847196821633,0.006817801452401739,0.09477906001642637,1.0346125083984428,7.320622393736083,1.1875454820012181,318.8329497356017,288.9290528278749,0.0736008441217206,9.84066025239988,35.062855402155506,50484990.0,0.7673983891053558,317.3999938964844,287.3800048828125,0.09023456384801747,0.0,0.08363963073238413,-0.0596984322856327
2026-06-15,AAPL,294.1199951171875,297.7799987792969,291.70001220703125,296.4200134277344,45732600,0.018170605764429082,-0.01697948853252995,-0.012690262196230817,49.46244389559298,-5.14863391094504,1.8388241621748875,4.975783710011952,-3.1369595478370647,298.9054571906405,289.4433412326466,266.2292318140961,-0.008315150169108209,0.024103757804122623,0.11340145260502386,1.0326907363551592,7.272720358218104,1.1734211495832603,318.9182039119714,288.4627988956458,0.26127429688829057,10.028435158671591,32.95525433732141,50028480.0,0.9141313108053652,317.3999938964844,287.3800048828125,0.07077788110911322,0.0,0.06430064332764925,-0.0764793617191479
2026-06-16,AAPL,295.25,300.4800109863281,293.9700012207031,299.239990234375,39874400,0.009513449426140408,0.029908803326463396,0.004700489906319216,52.12167603385499,-4.108186702722643,1.7117443808003259,4.322975844169627,-2.6112314633693012,298.93731748051994,289.82752354643986,266.5576970720094,0.0010124957178515711,0.032476096723874186,0.12260870168583624,1.0314317764669418,7.218241030175739,1.1587642408936956,318.8925548877451,288.6284473095205,0.3506312848454729,9.963147765679286,30.722150475396226,50298050.0,0.7927623436693868,317.3999938964844,287.3800048828125,0.06068708813914135,0.0,0.057779739036148706,-0.08518243238281878
2026-06-17,AAPL,300.8500061035156,302.07000732421875,294.3599853515625,295.95001220703125,42745100,-0.010994446379867018,0.01498739912206748,-0.01010131117283064,48.88953665797738,-3.3821897535619114,1.3302250014077117,3.7244256756172445,-2.3942006742095328,298.65281221637815,290.06762114097285,266.850157919124,-0.009049973409889327,0.020279378452928192,0.10904941752639553,1.0295972057882044,7.253368240352919,1.1604254995680554,318.9880197192473,288.23098357665117,0.2509678954302694,10.130459019118735,28.941584278904507,50323125.0,0.8494126706161432,317.3999938964844,287.3800048828125,0.07247839433927024,0.0,0.0708227423231718,-0.07501270921219383
2026-06-18,AAPL,298.1099853515625,300.57000732421875,295.6199951171875,298.010009765625,85962200,0.006960626705947437,0.00805062017894942,-0.014028090105459023,50.94093212487923,-5.453680766393951,1.1804848370259151,3.2156375078989785,-2.0351526708730634,298.591592935354,290.3790873615475,267.1602061962036,-0.001947754670557411,0.02627917345361833,0.11547304895686841,1.028282014550105,7.088842809401371,1.1308527395694907,318.9609290024207,287.8340752700402,0.32691818399233247,10.259429795306625,27.288201382162196,52709745.0,1.6308597205317537,317.3999938964844,287.3800048828125,0.06506487532451977,0.0,0.08536626827204216,-0.08140669430770024
2026-06-22,AAPL,297.30999755859375,302.4200134277344,296.760009765625,297.010009765625,44879900,-0.0033555919842641613,0.020197179212700478,-0.02616472908706824,49.89402987326011,-4.270611610567938,0.9699421459914674,2.766498435517476,-1.7965562895260088,298.4409659668084,290.6391235342564,267.4572191670436,-0.0047947713764689166,0.02192026370674657,0.11049539320949768,1.026843744701946,6.986782870309086,1.1114582940316282,318.7857214562758,287.2112847693101,0.31033728625030155,10.42065764767554,26.111636472902717,52805485.0,0.8499098152398373,317.3999938964844,287.3800048828125,0.06865083148864021,0.0,0.08902057699089148,-0.0783138917909865
2026-06-23,AAPL,297.5400085449219,301.6400146484375,294.17999267578125,294.29998779296875,52010900,-0.00912434558954689,-0.007152100191380906,-0.04701774233171996,47.070787239818,-5.43971422926277,0.5777494854422685,2.328748645502435,-1.7509991600601666,298.0465870931094,290.7826868385196,267.7243113921772,-0.01257051569246857,0.012095977902571543,0.09926508452892036,1.0249805115069406,7.0205856633338835,1.1128642189823974,318.2563316163656,286.2886726560953,0.2506068757437005,10.57577475104332,24.432345582140616,53222520.0,0.9772348246569309,317.3999938964844,287.3800048828125,0.07849135936684343,0.0,0.11698955019182626,-0.06982666885948038
2026-06-24,AAPL,295.3599853515625,299.70001220703125,292.94000244140625,293.0799865722656,53081900,-0.004145434153267291,-0.020585496134004844,-0.049459996316075894,45.81397688624661,-4.639815818162338,0.16656995902485505,1.8963129082069192,-1.7297429491820642,297.5735775196957,290.87277702415673,267.97660666760095,-0.015100772672374162,0.0075882300526376786,0.093677504976406,1.023036877373304,7.00197309921182,1.1055274266589863,317.718611724663,285.30139254779795,0.2399525382491466,10.751623145894198,22.772149503038662,53476590.0,0.9926193872870354,317.3999938964844,287.3800048828125,0.0829807848998997,0.0,0.14194079435464346,-0.06595464534559535
2026-06-25,AAPL,287.3999938964844,288.79998779296875,273.75,275.1499938964844,107013700,-0.06117781321571136,-0.0702822012252402,-0.11484642594841332,32.20454522937399,-8.75174567241748,-1.5877902817807126,1.1994922702093929,-2.7872825519901054,295.4379981270089,290.25619729365974,268.047983654953,-0.06867093724959042,-0.052044378511208744,0.026495294404726744,1.0178525071356377,7.882545490144234,1.2359562377437052,318.9992586615645,280.4507443901933,-0.13750855497031708,12.861294211401605,23.92045865626773,56305730.0,1.9005827648447147,317.3999938964844,273.75,0.15355261107472506,1.0,0.21748136531089055,-0.003416327320580982
2026-06-26,AAPL,275.0,285.95001220703125,274.2099914550781,283.7799987792969,261775500,0.03136472859984596,-0.047750110801712875,-0.0919330904244473,41.25063306673889,-2.330059989021864,-2.2557611318538306,0.5084415897967483,-2.764202721650579,294.32771247484584,290.0022287244691,268.2045211188768,-0.03583663123957574,-0.021455800434844005,0.05807313611061931,1.0149153465799234,8.158079437416298,1.2701555474267585,317.8179707133325,278.7590312397925,0.1285484861386415,13.094349713671669,24.986745727123292,66983485.0,3.908060322630272,317.3999938964844,273.75,0.11847203912117332,1.0,0.18045666246868045,-0.013848730328728022
2026-06-29,AAPL,286.7300109863281,288.3699951171875,279.8500061035156,281.739990234375,66427000,-0.007188697419469814,-0.05141247442569297,-0.09716082664047876,39.895476399811365,-3.374715958240798,-2.9161291617697884,-0.17647256051655913,-2.7396566012532295,293.1288817852772,289.6782193719164,268.33920240360817,-0.03885284684859117,-0.027403610650304035,0.049939731916660825,1.011912053384067,8.183930121434553,1.265171302165881,316.4967744295089,277.0482267911943,0.11893374342186983,13.292521226590567,25.453236173034526,66803495.0,0.9943641421754955,317.3999938964844,273.75,0.12657061438968695,1.0,0.1890040528350348,-0.00369126877046673
2026-06-30,AAPL,281.1700134277344,289.94000244140625,280.70001220703125,289.3599853515625,65100200,0.02704619642688466,-0.016785601924256266,-0.055336137710584876,46.911153142020254,-2.1209009328181794,-2.792416421879693,-0.699661332789186,-2.0927550890905073,292.76993926778056,289.66573960641233,268.5483644229908,-0.011647213251286528,-0.001055541657309137,0.07749673312398661,1.0107164888246192,8.259362986644586,1.2684097619714445,315.3921583812256,276.4578416187744,0.3313823075799059,13.156819046194542,25.552201503919566,67616010.0,0.962792687708133,317.3999938964844,273.75,0.09690354563314663,1.0,0.15769286422714462,-0.0005528516471857298
2026-07-01,AAPL,293.44000244140625,296.5899963378906,289.20001220703125,294.3800048828125,50164200,0.017348699838890536,0.004435711649066532,-0.06605332017101462,50.97135563262389,1.116339760756783,-2.263210678197936,-1.0123712018709359,-1.250839476327,292.92327885016454,289.8506127545064,268.8053956713473,0.004973063384945586,0.01562664327414174,0.09514172566213548,1.010600861134834,8.197264496945643,1.2502982852058204,312.2278086518827,277.54019061569545,0.4854704710352037,11.763140109081927,24.37914520064898,67897485.0,0.7388226530040104,317.3999938964844,273.75,0.0781982085462484,1.0,0.1379508957061422,-0.0023779203594684107
2026-07-02,AAPL,294.1199951171875,309.4200134277344,293.67999267578125,308.6300048828125,75352800,0.0484068203126522,0.1216791267635784,-0.005253673794582303,60.26197765404545,4.119152183378082,-0.6860470821145555,-0.9471063779196598,0.26105929580510434,294.41915751994054,290.58705950463604,269.2016604396206,0.04826740040484435,0.06209135881320459,0.14646397194877325,1.0131874351935561,8.73603280087475,1.3217843163923741,311.8696414070836,277.73535737221334,0.9050914171522803,11.578695603171948,23.738479088323153,69123290.0,1.0901217230834932,317.3999938964844,273.75,0.02841586649036872,0.0,0.08540966508286012,-0.005281420655880223
2026-07-06,AAPL,307.3599853515625,314.20001220703125,307.0,312.6600036621094,53590000,0.01305770247720095,0.10176899361139702,0.0045946490547277286,62.430222218387605,4.484699193187168,0.8789219864658548,-0.5819007050425569,1.4608226915084117,296.15638096205186,291.45266515787034,269.6340817652175,0.05572604124363663,0.07276426342765348,0.15957152602969646,1.016138867015104,8.626317044171643,1.295635389334713,312.22543562589647,277.5225624209785,1.012522537648304,11.76871250766321,23.643588693917845,69559335.0,0.7704213963517621,317.3999938964844,273.75,0.015160206546589425,0.0,0.08606794392285279,-0.017942863824703816
2026-07-07,AAPL,315.2900085449219,315.4800109863281,310.1499938964844,310.6600036621094,42490000,-0.006396724801939757,0.10264788255183888,0.01080239267188876,60.66124159379065,4.970431102664655,1.9354769890691728,-0.07842516622021095,2.013902155289384,297.53767836205736,292.2058941188209,270.0422998935448,0.044103070818762406,0.06315447400176111,0.1504123753374068,1.018246669045859,8.390867047433936,1.2514453738616689,312.92075715783227,277.15924162146456,0.9367825031513606,12.120904152097289,23.684655099299107,68418310.0,0.6210325861600499,317.3999938964844,273.75,0.021695712853031946,1.0,0.10374689566212465,-0.011620471984115064
2026-07-08,AAPL,311.9100036621094,314.82000732421875,307.04998779296875,313.3900146484375,41323500,0.008787777487112347,0.0830454468943913,0.03929828801391144,62.23429989177528,5.160902110270848,2.958984183874861,0.5290567037988035,2.4299274800760577,299.047424675046,293.0366439435117,270.4736204383696,0.04796092121166586,0.06945674244361472,0.15867127500460512,1.0205120446734708,8.346520796277941,1.2357443953064662,315.05444244300884,276.2105569466396,0.9571508418042548,13.139247388723174,23.21430167433084,66587030.0,0.6205938303600566,315.4800109863281,273.75,0.006668994671815523,0.0,0.09949261692577896,-0.016688505510283017
2026-07-09,AAPL,310.510009765625,316.5299987792969,308.1600036621094,316.2200012207031,48124500,0.009030238488741738,0.07418980900752659,0.08834973156503989,63.848136352345215,6.467792607473739,3.9529105823350505,1.213827479506053,2.7390831028289977,300.6829081555848,293.9457952092839,270.92880830685056,0.05167268455804204,0.07577657641117239,0.16717008869192,1.0229195758405156,8.348197533485767,1.2270574967514247,318.1345069722157,275.69749376020616,0.954885944919168,14.292598970641023,22.972496308633264,65487815.0,0.7348618975911778,316.5299987792969,273.75,0.000980322425517255,0.0,0.08965279234101632,-0.013629743665662764
2026-07-10,AAPL,314.7200012207031,316.9100036621094,312.1700134277344,315.32000732421875,34132300,-0.0028461004775477416,0.021676448613434207,0.08141855355380967,62.9271777478488,7.1423786622909935,4.614786047137443,1.8940191930323311,2.7207668541051118,302.0769176002166,294.78399960594805,271.3705117796602,0.04384012465834508,0.06966459423076589,0.1619538366801005,1.024739870562908,8.09046844069214,1.1814627013871057,320.6115780473078,275.59442476030944,0.8824543460277549,15.101207661447985,22.792729847119652,64554765.0,0.5287340136704084,316.9100036621094,273.75,0.005042484780408342,0.0,0.0927629053678301,-0.04858558597097327
2026-07-13,AAPL,317.0199890136719,323.45001220703125,315.7799987792969,317.30999755859375,43257800,0.0063110179758711915,0.014872365643255225,0.07333488589690074,64.15823249529933,8.267371399088576,5.239504950825847,2.5631163445910348,2.676388606234812,303.527687120062,295.66737207467924,271.8276210908934,0.04540709471778772,0.07319923511359913,0.16732065816259287,1.026584993096216,8.093292472272166,1.173794740991348,323.1556138383308,275.21838823686454,0.8780568502579706,16.02249610952923,23.344855088718536,64589030.0,0.6697391182372611,323.45001220703125,273.75,0.019350208615168764,0.0,0.08590970966993004,-0.05455232325416196
2026-07-14,AAPL,313.760009765625,316.19000244140625,311.9100036621094,314.8599853515625,36336800,-0.0077211944971221635,0.01351954432480218,0.08150990990537688,61.45262887701183,14.432125144810154,5.473805055994205,3.145254086871669,2.3285509691225363,304.60695361830017,296.42002357573347,272.25580381985526,0.03365987418038482,0.062208893830405065,0.1564858524004035,1.0276193556150701,7.900914002573038,1.1392416347554095,324.97042527364056,275.77657484842973,0.7944775650881626,16.37756007611016,23.161767815605625,64468765.0,0.5636341878117256,323.45001220703125,273.75,0.027282053150950177,0.0,0.09435947200303334,-0.04719553465954183
2026-07-15,AAPL,317.6199951171875,328.7300109863281,317.32000732421875,327.5,60957600,0.040144874663333496,0.04502372345012695,0.10485117456430704,68.76990027711423,15.406301151867051,6.603314226517284,3.8368661148007925,2.7664481117164916,306.78724374989065,297.6388461806067,272.80549731418506,0.06751505048559134,0.10032680277652159,0.2004890048928306,1.0307365711387406,8.327279119158224,1.1947716971689286,329.1192713572303,274.73572742206665,0.9702249754234337,18.012120143114117,24.16089214459395,65230015.0,0.934502314616975,328.7300109863281,273.75,0.003755758736879759,0.0,0.05212215976860687,-0.08396946564885496
2026-07-16,AAPL,328.010009765625,334.67999267578125,326.7900085449219,333.260009765625,62970600,0.017587816078244334,0.05388656150509896,0.11368807860408081,71.43127250573058,18.28637087989934,7.872493823170487,4.643991656474732,3.2285021666957547,309.308459560913,299.0357545564898,273.40703475151287,0.07743580708627562,0.11444870617526744,0.21891527066415659,1.0343527650051678,8.296043762851163,1.1843277864347246,334.0047994437499,273.2522012886719,0.987740611912206,20.00885887912477,25.517357462723826,66384825.0,0.9485691948423454,334.67999267578125,273.75,0.004260886000558215,0.0,0.03393745792226269,-0.09980198280920681
2026-07-17,AAPL,331.9800109863281,334.989990234375,329.0,333.739990234375,63407100,0.0014402582208634662,0.05841679082297002,0.12769040874682536,71.64809261571732,15.337298565623131,8.815439312948115,5.478281187769409,3.337158125178706,311.6352720060046,300.3967049752304,274.00736266676523,0.07093137463574543,0.11099750665338964,0.21799643260043905,1.0374124177949948,8.131325653674294,1.1559266381199105,338.3507154145708,272.6852831205855,0.929784591083578,21.49314686905708,26.798573444461883,67417925.0,0.9405080325447572,334.989990234375,273.75,0.003745430684294564,0.0,0.03245046265578834,-0.10109663576930196
2026-07-20,AAPL,333.510009765625,333.7099914550781,323.67999267578125,326.5899963378906,53468000,-0.021423845225929217,0.02924584428696808,0.09590277385227042,63.871608231321275,10.941636972898467,8.883383538975067,6.159301658010541,2.724081880964526,313.05953146618424,301.4238928718054,274.5305729520501,0.04322010196698918,0.08349073866147773,0.189630695139128,1.0386022437820694,8.269087932597111,1.1701998689965336,340.81956749933545,273.07442969304736,0.7899543550692425,22.070630472399955,27.069493300893097,65793215.0,0.8126673852311367,334.989990234375,273.75,0.02572030371620354,0.0,0.055053771358403676,-0.08141705697066288
2026-07-21,AAPL,323.1300048828125,329.6000061035156,322.2200012207031,327.739990234375,41338900,0.0035212159263280363,0.0409070872198356,0.10346446065235138,64.53828143200839,6.191875400714394,8.92711845949674,6.712865018307782,2.2142534411889576,314.4576703964881,302.45589668994535,275.0600198901827,0.04223881650315505,0.08359596827549666,0.1915217281131025,1.0396810703242627,8.205582000469638,1.156122087663833,343.19125695311925,273.77573828613856,0.777409043172733,22.50218219211599,27.08025062220467,65616165.0,0.6300109127072574,334.989990234375,273.75,0.022121194288238437,0.0,0.05135173488535283,-0.08464023634875148
2026-07-22,AAPL,327.8699951171875,329.0,323.3399963378906,325.8900146484375,38755900,-0.0056446440503478135,-0.004915985806297707,0.10733954524555189,62.539015555681,4.23143697030905,8.71207376690188,7.112706768026602,1.5993669988752792,315.54646508714995,303.37488170792545,275.5657909823046,0.03277979855813233,0.07421554748948676,0.18262144762868734,1.0401206036264454,8.023754976301047,1.1262949934740167,344.9200246071477,275.20597331765697,0.7270276277634874,22.48383442164414,27.09023956342256,64953415.0,0.596672245793389,334.989990234375,273.75,0.027923456310112206,0.0,0.057319929534916214,-0.07944402554452931
2026-07-23,AAPL,321.7300109863281,323.29998779296875,319.3500061035156,321.6600036621094,40840800,-0.012979872951588756,-0.03480767497928616,0.09751609935602579,58.1066158129056,3.540848474322493,8.106871792120216,7.311539772845325,0.7953320192748912,316.12870685619373,304.0919453139719,276.02443986469075,0.017496977294225297,0.05777219232163011,0.1653316054904028,1.0395826385003157,7.917773088345392,1.1069501865100662,345.78569639020327,277.19830324358577,0.6482488745924339,22.01899027484991,26.412206413678625,64341360.0,0.6347518920955354,334.989990234375,273.75,0.04144123117734024,0.0,0.07122428465236043,-0.06733819379316527
2026-07-24,AAPL,321.7900085449219,334.3699951171875,321.6199951171875,333.0199890136719,47489400,0.035316748188238156,-0.002157371731800861,0.2103216296597814,65.23309295119306,6.263752336606952,8.446534355112533,7.538538689298767,0.9079956658137656,317.73740039500115,305.22637840023464,276.59155975672047,0.04809817352213446,0.0910590059716011,0.20401356175359622,1.0409893209765773,8.262932153463579,1.148614362811502,345.54815103602016,283.2228481094877,0.7989875470462426,19.82448395719007,26.867553966943643,61365145.0,0.7738823072934969,334.989990234375,274.2099914550781,0.005915564487698791,0.0,0.03468265777305247,-0.09915317429283882
2026-07-27,AAPL,334.5400085449219,339.57000732421875,334.0199890136719,336.9100036621094,49604300,0.011681024493330971,0.03159927566655063,0.1872225143116344,67.2853416531157,6.542913908524666,8.92670950485234,7.8161728524094825,1.1105366524428577,319.5633626109162,306.4688735085435,277.19174327816717,0.05428232106918175,0.09932861959215307,0.21544025690553698,1.0427269789341482,8.140581164683814,1.1258364331662454,346.31680456710825,287.7671950666808,0.8393362315263572,18.467461577406898,27.699869169699742,50756585.0,0.9772978225386912,339.57000732421875,279.8500061035156,0.007895294390774792,0.0,0.022736052889042957,-0.10955449010391158
2026-07-28,AAPL,340.0299987792969,342.8900146484375,335.6000061035156,340.0799865722656,51859000,0.009408990162653286,0.03765178710436268,0.2070703427275571,68.89658936897246,7.852333715883793,9.454062352839287,8.143750752495444,1.3103116003438426,321.5173267977114,307.78695637378746,277.81749694278506,0.05773455495987376,0.10492007386843336,0.22411291698558117,1.0446099814809833,8.079825977557961,1.111682780900826,346.0335472247127,293.8844520428654,0.8858357823527592,16.298680531422736,28.71600728233731,50028185.0,1.036595671020246,342.8900146484375,280.70001220703125,0.008262844586929984,0.0,0.01320283735955457,-0.11785458761110833
2026-07-29,AAPL,339.7300109863281,344.57000732421875,337.3500061035156,338.19000244140625,56090800,-0.005557469435084728,0.037742757495155876,0.16875179555499686,66.78464503160394,6.58031736896561,9.60872397141759,8.436745396279873,1.1719785751377163,323.10520066853945,308.9792326901647,278.41821839053256,0.04668696678869504,0.09453958926920236,0.21468345137900635,1.0457181793591248,8.018409923496902,1.0978692336745683,345.53602045319394,299.26498052336854,0.8412394010826502,14.352037251724829,29.781121419369136,49577715.0,1.1313712219290462,344.57000732421875,289.20001220703125,0.01886514928517989,0.0,-0.01017180406449849,-0.11292469370978207
2026-07-30,AAPL,333.1000061035156,334.75,329.5899963378906,333.42999267578125,74817800,-0.014074957069287408,0.03659139737508599,0.1326516310389827,61.65826919121893,5.897861966640213,9.240680597588153,8.59753243654153,0.6431481610466232,324.0885141930387,309.93808602293393,278.9655992291918,0.028823849268469946,0.07579548210512262,0.1952369525026723,1.0456556609472534,8.059952507783953,1.097988416765471,344.03302968909003,304.6729700667693,0.7306143050836259,12.134945456688815,29.464952359077767,50810395.0,1.4724900288612202,344.57000732421875,293.67999267578125,0.033410355676280534,0.0,-0.03943854537786314,-0.10026090456801742
2026-07-31,AAPL,304.80999755859375,310.69000244140625,300.0,308.9100036621094,132489100,-0.07353864245054431,-0.07239801257267076,0.0009072312311408925,43.24393150615827,-5.67633475966126,6.891010105917928,8.25622797041681,-1.3652178644988808,322.6429417615216,309.8977690676075,279.2635535021561,-0.042563888193043985,-0.0031873911466675604,0.10615939598335107,1.0411270230575056,9.872098234069474,1.3310339617485123,344.0026180011042,304.7313816326848,0.10640413737482594,12.10703813599659,28.621876822724747,53667210.0,2.468715999956025,344.57000732421875,300.0,0.1154381639939208,0.0,0.03680682069987018,-0.02699814262736873
2026-08-03,AAPL,309.5799865722656,311.79998779296875,302.55999755859375,303.4200134277344,75052000,-0.01777213482662099,-0.09940337143554356,-0.029552837350954042,40.33906246546346,-8.953968512116557,4.533622207925077,7.511706817918463,-2.9780846099933855,320.81218668211335,309.64373943467126,279.50391628748525,-0.054212944446566456,-0.020099634561640958,0.0855662326951083,1.036068700332297,9.826947662662727,1.31129324131607,345.00116638445803,302.8088342258936,0.014485551534432954,13.026144122138225,27.72410473553939,54740310.0,1.3710554434200317,344.57000732421875,300.0,0.13562056580122372,0.0,0.05556649069089191,-0.009392940404026485
2026-08-04,AAPL,302.7300109863281,310.4200134277344,301.32000732421875,309.3800048828125,68001000,0.019642710405777475,-0.09027282669258019,-0.004120256113461784,44.68332630145994,-7.299090928376685,3.1104415810374917,6.631453770542269,-3.521012189504777,319.72340746313233,309.63339690322584,279.8011908008716,-0.032351095787419036,-0.00081836140076498,0.10571368190849259,1.0325869581925589,9.77502326558079,1.2910364836654231,345.10460660938793,302.57739412303397,0.15995900888075695,13.13212732120475,26.98749908524601,56015860.0,1.213959760682064,344.57000732421875,300.0,0.11374362236090682,0.0,0.0352317335459772,-0.02847629911290103
2026-08-05,AAPL,309.3599853515625,311.7099914550781,305.6700134277344,311.0,49438800,0.005236263144417164,-0.08039859914580738,-0.0076263267389633516,45.83777689885426,-4.773568239292052,2.0891977763737373,5.723002571708563,-3.633804795334826,318.8926067523578,309.6869891815307,280.1116267133007,-0.024750046207521234,0.004239799747284993,0.11027165722868751,1.029725554809892,9.508234319992429,1.2440831030299209,345.2439870911222,302.1990121764559,0.20446028464394422,13.296915701725434,26.154159408428704,56421625.0,0.8762384989797795,344.57000732421875,300.0,0.10794214573703742,0.0,0.0298392243707295,-0.03353695394141881
2026-08-06,AAPL,314.3399963378906,316.2900085449219,309.2300109863281,312.4100036621094,46139900,0.004533773833149013,-0.06304168633717111,-0.012048566010644524,46.876963187356644,-4.677484295188625,1.3777483893396152,4.853951735234774,-3.4762033458951587,318.27521598185797,309.793774063122,280.4330035983635,-0.01842811511934658,0.008445068358456778,0.1140272352163773,1.0273777029392683,9.33336026560681,1.210059934978678,345.38066332471686,301.68133618700193,0.24551104508536037,13.506998454766622,24.855223274192863,56322395.0,0.8192105467105936,344.57000732421875,300.0,0.10294165770982254,0.0,0.025191239156667287,-0.03789890272110591
2026-08-07,AAPL,311.45001220703125,314.80999755859375,310.739990234375,313.3299865722656,34437200,0.0029447933784836344,0.014308319114815449,-0.006311114758750236,47.58361936213265,-3.854069628282824,0.8780331371818875,4.058768015624197,-3.1807348784423093,317.804241752373,309.9324490634806,280.760336762283,-0.014078651547997957,0.010962187144493341,0.1160051672026556,1.0253984141146804,8.957406484079092,1.151749906673538,345.44731691559895,301.41568052092447,0.2705851298495498,13.613898636703297,23.64906829240244,56337640.0,0.611264511612485,344.57000732421875,300.0,0.09970325883490856,0.0,0.028851399267005397,-0.040723773002504966
2026-08-10,AAPL,306.8299865722656,308.260009765625,304.6099853515625,308.260009765625,44812500,-0.0161809498736607,0.015951473613138534,-0.02852096644480162,44.10190224382063,-4.165887503551892,0.07206966858348096,3.2614283462160536,-3.1893586776325726,316.89526727744465,309.8668632086627,281.0339653493809,-0.027249562879269423,-0.0051856252920973655,0.09687812781774138,1.0226820125133806,8.940448965266523,1.1397009498711956,345.83545330174985,300.1225453554767,0.17801239902988353,14.153523306870738,23.1209944817653,56415375.0,0.7943313325489727,344.57000732421875,300.0,0.11779016547167666,0.0,0.045772999755273304,-0.024946480885577993
2026-08-11,AAPL,307.75,309.9700012207031,302.7900085449219,304.9100036621094,37476700,-0.010867469011185404,-0.014448255059005155,-0.031601289945889066,41.91930122492931,-8.44093035820996,-0.8274414523206133,2.44365438650872,-3.2710958388293334,315.75381359979366,309.6724765597783,281.27153786990556,-0.034342609560460854,-0.015379064198976665,0.08404144255483488,1.0196379643020692,8.814702087446147,1.1144404569832298,346.43022693591337,298.5327735523679,0.13314340657476925,14.852775538219642,22.79803837669767,56472370.0,0.663628956957181,344.57000732421875,300.0,0.13007117898978177,0.0,0.07343145145106873,-0.014233696125956095
2026-08-12,AAPL,305.1000061035156,305.6600036621094,300.57000732421875,302.25,41657800,-0.008723897642456846,-0.02813504823151125,-0.07709923664122142,40.21733235951283,-10.28761487796909,-1.7349511246237626,1.6079332842822236,-3.342884408905986,314.467736114099,309.38139904763017,281.48027878662293,-0.03885211330445036,-0.02305051004870608,0.07378748274269527,1.0164403454187132,8.54865167676361,1.0729968902673803,346.59598859230863,295.8420118959726,0.12625588222114661,15.80042795032697,22.70431638202539,55507380.0,0.7504911959454761,344.57000732421875,300.0,0.1400165668295074,0.0,0.08651776309837676,-0.0006617442747105046
2026-08-13,AAPL,304.2099914550781,306.0,302.04998779296875,305.260009765625,40349300,0.009958675816790663,-0.022886571533149547,-0.084018481604474,43.03578070457599,-10.238760933155213,-2.1860767142173927,0.8491312845823002,-3.035207998799693,313.5908097951967,309.21977593853194,281.71689302522,-0.026565829639626434,-0.012805669239259992,0.08357012775338717,1.0141356866435756,8.220177428925584,1.0258420096875591,345.47230862692896,294.1656918613523,0.21623561645008452,16.042391704811372,22.566835535044863,54376315.0,0.7420381465717197,344.57000732421875,300.0,0.12877545797359885,0.0,0.08369909904866257,-0.007600102371745398
2026-08-14,AAPL,306.0,307.489990234375,304.29998779296875,305.92999267578125,28229400,0.002194794236790587,-0.023617254056779058,-0.08332833454889144,43.67233730210714,-9.539019347922405,-2.461164203667579,0.1870721869323244,-2.6482363905999033,312.8612081647762,309.0907648301888,281.95781938990217,-0.022154282180437114,-0.01022603233113103,0.08502042375611277,1.0121984988346637,7.860879215531346,0.976647650539559,343.9271353321361,292.92986540028573,0.25491810233897005,16.015296957778784,22.20876846408475,52617430.0,0.5365028280552661,344.57000732421875,300.0,0.12630345364466217,0.0,0.08132581138973141,-0.009773445905788434
2025-06-24,MSFT,488.95001220703125,491.8500061035156,486.79998779296875,490.1099853515625,22305600,0.00845675998263884,0.022895125365753666,0.08869783936519537,76.13987171623207,4.796012877833503,11.995010315968898,12.294791392713666,-0.29978107674476817,470.8636699329719,448.2181622826531,423.14359110788865,0.040874496478631055,0.09346302000696634,0.15825926624184486,1.0505234047968746,7.232134693551203,0.7083807543711779,489.5808613747035,452.92013349834343,1.014432991582805,7.779456589602472,46.23974020550258,19303940.0,1.1554946813966476,491.8500061035156,455.30999755859375,0.0035502658667625002,0.0,0.03711412332959982,-0.002876850475755676
2025-06-25,MSFT,492.0400085449219,494.55999755859375,489.3900146484375,492.2699890136719,17495100,0.004407181503474078,0.029767342093528493,0.0685493203779306,77.15627574513509,4.653680833289864,12.277345218908124,12.291302157952558,-0.013956939044433625,472.9023669882767,449.94568489955583,423.83141596267257,0.04095480035073553,0.09406536285277248,0.16147593234812643,1.0510210073330175,7.084838137594422,0.7035396559729316,492.6307159425274,453.028277587746,0.990891294984821,8.37562771056406,46.46283191603379,19129980.0,0.9145383319794375,494.55999755859375,455.30999755859375,0.004651936124544593,0.0,0.04286267002746254,-0.007252070786995459
2025-06-26,MSFT,492.9800109863281,498.0400085449219,492.80999755859375,497.45001220703125,21578900,0.010522727992698044,0.03583629502461294,0.08765530028748025,79.42036325290348,5.224751392285828,12.771856235565394,12.387412973475126,0.3844432620902687,475.2402379614914,451.80859969592746,424.5639393083876,0.04673378319312148,0.10101935319916643,0.1716727827082406,1.0518618686791987,6.990922522855534,0.7037066542119984,496.03279472065003,453.63520149517024,1.0334268381425367,8.928929561577977,46.97421335147538,19354610.0,1.114923008006878,498.0400085449219,455.30999755859375,0.001186041458262295,0.0,0.03455624086757893,-0.01758970707665473
2025-06-27,MSFT,497.54998779296875,499.29998779296875,493.0299987792969,495.94000244140625,34539200,-0.003035500509740774,0.03883537658557645,0.08123312627669432,77.02382633383812,5.3130018475019325,12.893288803089604,12.488588139398022,0.40470066369158175,477.2116441024357,453.5392429408482,425.27414889180073,0.039245392626987945,0.09348862344440599,0.16616541055634285,1.0521948244392025,6.939427272199558,0.7076573657890741,498.43195201311465,454.96204517926816,0.9426741450991994,9.11898060232381,47.5542613529122,20382830.0,1.6945242638043883,499.29998779296875,455.5400085449219,0.006774983536359249,0.0,0.03770619856227588,-0.014598520382977943
2025-06-30,MSFT,497.0400085449219,500.760009765625,495.3299865722656,497.4100036621094,28369000,0.0029640706808617967,0.02347737379034842,0.0804805358620666,77.72839982434283,5.245230587160224,12.958761267580996,12.582622765034618,0.3761385025463788,479.1352973938332,455.2596649299173,425.9919185910078,0.038141014380860684,0.09258526941691755,0.1676512674402856,1.0524439881305765,6.831612695139546,0.7065075303167608,500.7104398547821,456.3885591686554,0.9255348342267926,9.261712891007086,48.21513578864476,20062755.0,1.4140131801440032,500.760009765625,456.8900146484375,0.006734898934182428,0.0,0.03463945409114142,-0.017510688146503025
2025-07-01,MSFT,496.4700012207031,498.04998779296875,490.9800109863281,492.04998779296875,19945400,-0.01077585056528474,0.003958300176264862,0.06511242395130146,69.37463287959386,2.7523112348176846,12.434799553418259,12.553058122711347,-0.1182585692930882,480.36526790803657,456.7024226892526,426.64921281192284,0.024324655976520625,0.07739736718621938,0.15328933704109746,1.051812392584752,6.848638703103909,0.7177243637198343,501.58338283948564,458.52361484117847,0.7786008729333683,8.969785264002219,47.60826889452966,20228700.0,0.9859951455110808,500.760009765625,460.8599853515625,0.017701498198839496,0.0,0.045910024216835384,-0.006808201745849876
2025-07-02,MSFT,489.989990234375,493.5,488.70001220703125,491.0899963378906,16319600,-0.001951003920118044,-0.0023970436998312916,0.060738266071330926,67.96573784270902,3.396076548131335,11.806000606550356,12.403646619479149,-0.5976460129287933,481.3866706156417,458.0509549891992,427.29041463805186,0.020157030334552836,0.07212962005388764,0.14931198902245868,1.0509456761791747,6.702306495237112,0.7119950442068872,501.9928919100558,460.926105282327,0.73450818855149,8.529645120195713,46.46645347889679,20257490.0,0.8056081972643205,500.760009765625,463.0199890136719,0.019690919179467418,0.0,0.047954587725593724,0.004785286039300059
2025-07-03,MSFT,493.80999755859375,500.1300048828125,493.44000244140625,498.8399963378906,13984800,0.015781221482401575,0.002794218708916052,0.07538750423352703,72.77299007225282,4.111529216341432,11.797044159784377,12.282326127540195,-0.48528196775581733,483.0488921129987,459.6505252381676,428.00235077436867,0.03269048844272661,0.08525927622821049,0.16550760862728414,1.0509046886495044,6.869285213071739,0.7390754413027534,503.4052619607128,463.0107353537403,0.8869830641353736,8.359656032024246,46.15634923039329,20248595.0,0.6906553269498452,500.760009765625,464.0299987792969,0.0038489564626526954,0.0,0.03899042144222659,-0.009482020329268544
2025-07-07,MSFT,497.3800048828125,498.75,495.2300109863281,497.7200012207031,13981600,-0.0022451991127608872,0.003589141368984805,0.06423197274925352,71.11216013173295,4.116808703038064,11.566243411120467,12.13910958425625,-0.5728661731357825,484.4461405994468,461.1434458649337,428.69605873900883,0.027400075073013137,0.079317088172348,0.16100904376103925,1.0505324209711033,6.636478080106793,0.7237388433100289,504.5292138404883,464.890784328457,0.828216891950313,8.177761875534015,45.868395285354325,19941090.0,0.7011452232550979,500.760009765625,466.9599914550781,0.00610786895737759,0.0,0.04132841106684663,-0.007253105883401784
2025-07-08,MSFT,497.239990234375,498.20001220703125,494.1099853515625,496.6199951171875,11846600,-0.002210090213006888,-0.001588244183079457,0.055784663382773436,69.43604603971947,3.4107956888010196,11.16585779737261,11.944459226879523,-0.7786014295069137,485.60555531542207,462.5346830905123,429.3719188024733,0.022681865314763645,0.0736924457187247,0.15661964224924216,1.0498792265063375,6.4545887069183605,0.7140298082962936,505.3407914416567,466.7032057507261,0.7742924106534892,7.949760669790666,45.30444660838423,19769140.0,0.599247109383615,500.760009765625,466.9599914550781,0.008336383329593026,0.0,0.04363493843022326,0.0022753914339390473
2025-07-09,MSFT,500.29998779296875,506.7799987792969,499.739990234375,503.510009765625,18659500,0.013873816431438035,0.02329036125792583,0.06506612324828143,73.628799622177,5.469211605143446,11.274549920409925,11.810477365585605,-0.5359274451756804,487.3107414535366,464.14155864639906,430.10961124986784,0.03324217369756648,0.08481992268487695,0.17065509952791025,1.0499183543803015,6.719261203717719,0.7530595976679035,507.3005890600324,467.81940910891296,0.9039902227060993,8.097706954068453,45.64117466814007,19878620.0,0.9386717991490355,506.7799987792969,466.9599914550781,0.006494387301642703,0.0,0.02935387177029224,-0.011439712525886393
2025-07-10,MSFT,503.04998779296875,504.44000244140625,497.75,501.4800109863281,16492100,-0.004031694981082468,0.021157048048050076,0.0648942425193475,70.55769574664559,3.1851874457465277,11.06928544272705,11.662238981013894,-0.592953538286844,488.66019569475486,465.6058116793375,430.81976448107645,0.02623462153152582,0.0770484354084848,0.1640134746147544,1.0495148115361022,6.717171292124043,0.7620357807023659,508.15963444060986,470.01636348419487,0.8248806857200497,7.798856450646048,45.45812541201368,19934430.0,0.8273173599646441,506.7799987792969,469.6600036621094,0.010568692025320294,1.0,0.10762144061246444,-0.007338324784115281
2025-07-11,MSFT,498.4700012207031,505.0299987792969,497.79998779296875,503.32000732421875,16459500,0.0036691319645456577,0.008980857628131389,0.06495707444501808,71.70953719747718,2.695317860781907,10.929100326850289,11.515611250181173,-0.5865109233308843,490.0563682308943,467.0847997438426,431.541159932252,0.027065537667036604,0.07757736411085969,0.16633140487279402,1.0491807237136568,6.7538026988529065,0.7746771079853243,509.0776291976329,472.16836994787485,0.8440060301819277,7.522937017200482,45.347332793925766,19937445.0,0.8255571363331661,506.7799987792969,472.510009765625,0.006874337210381007,1.0,0.10357228825444331,-0.00520542612862954
2025-07-14,MSFT,501.5199890136719,503.9700012207031,501.0299987792969,503.0199890136719,12058800,-0.0005960786501253423,0.010648532869826477,0.050431211273895826,71.22027681541603,2.1837609929337862,10.67078744688206,11.346646489521351,-0.6758590426392921,491.29099878163504,468.4940228524634,432.2523920624154,0.02387381462539275,0.07369563852916265,0.16371823094743623,1.048660121190809,6.481388394749573,0.7523113100695465,510.21123862247333,473.44975991268296,0.8043808393679693,7.474420306291426,45.244453934272705,19592855.0,0.6154692616262408,506.7799987792969,472.510009765625,0.007474871471803076,1.0,0.10423049647821123,-0.004612096650850129
2025-07-15,MSFT,503.0199890136719,508.29998779296875,502.7900085449219,505.82000732421875,14927200,0.005566415593219576,0.018525255320942735,0.06497392711878414,73.06717451806253,1.6825801410783832,10.570164429550289,11.19135007752714,-0.6211856479768514,492.6747138809287,469.957786949395,432.9844081346722,0.02668148592352357,0.07630945027555282,0.16821760280774853,1.0483382285864302,6.4120020271279525,0.7572043805200399,510.99583344232127,475.751166679749,0.8531458347167878,7.1436075829391195,45.59059685250388,19498490.0,0.7655567174688912,508.29998779296875,472.510009765625,0.004902891211972929,0.0,0.09811791578857186,-0.010122168049999065
2025-07-16,MSFT,505.17999267578125,506.7200012207031,501.8900146484375,505.6199951171875,15154400,-0.0003954216996858717,0.004190552939641989,0.05526564189839034,72.70823592966076,1.951847527549446,10.354915628179015,11.024063187657514,-0.6691475594784997,493.9075978081915,471.35630491675937,433.7071502937022,0.02371374192454613,0.07269169807005967,0.16580968235083612,1.0478434098710392,6.299000923209214,0.7572688124769834,511.81508206160123,477.5799161073441,0.8190431747083915,6.920424303259163,45.653850320477616,19474905.0,0.778150137317743,508.29998779296875,472.510009765625,0.005300408808318791,0.0,0.09855230720908228,-0.009730594038346814
2025-07-17,MSFT,505.67999267578125,513.3699951171875,505.6199951171875,511.70001220703125,17503100,0.01202487470542879,0.020379678146297486,0.07041252418299693,76.48916756208557,2.872883223038087,10.553284276685531,10.92990740546312,-0.3766231287775881,495.60211346522385,472.9384110850054,434.4831986709493,0.0324814973633823,0.08195908856948145,0.17772105750528913,1.0479210439435926,6.402643714408556,0.7827830661361028,513.2329287896101,479.5280697455461,0.9545194186815966,6.790125537525429,46.32736682549604,19579355.0,0.8939569255473431,513.3699951171875,472.510009765625,0.0032635975577827033,0.0,0.08549931396581435,-0.021496970368547606
2025-07-18,MSFT,514.47998046875,514.6400146484375,507.42999267578125,510.04998779296875,21209700,-0.003224593266952902,0.013371176132115803,0.06207312628014461,73.51270863050384,3.658164911401958,10.456810081924289,10.835287940755354,-0.3784778588310651,496.97810149643766,474.3937670343373,435.23510702042216,0.026302741020521127,0.07516165522480507,0.17189532637824625,1.047606726798467,6.460313589997677,0.8023786499407642,514.0074733015803,481.73452498943533,0.8773745283407456,6.482190842112664,47.05548812119265,19763515.0,1.073174483385167,514.6400146484375,472.510009765625,0.008999170601552588,0.0,0.08901093128246587,-0.018331488696619068
2025-07-21,MSFT,506.7099914550781,512.0900268554688,505.54998779296875,510.05999755859375,14066800,1.96250678650145e-05,0.01399548466995526,0.06841224147395164,73.5194406495594,3.8628360101334596,10.262857459560962,10.720801844516476,-0.45794438495551404,498.2239963595002,475.79244274117093,435.9796332944339,0.02375638525157091,0.07202206621861826,0.16991702961989136,1.0471456702613724,6.466008266604986,0.8151765155041937,513.4904558162028,485.5175428410238,0.8773649973224814,5.600137939391401,47.18872009523567,18588045.0,0.7567659751200301,514.6400146484375,472.510009765625,0.008979369312955395,0.0,0.0889895597884507,-0.01835075362969875
2025-07-22,MSFT,510.9700012207031,511.20001220703125,505.2699890136719,505.2699890136719,13868600,-0.009391068830822413,-0.0010873795076957737,0.039650183155703456,65.00507817043008,1.2889889990749412,9.611835692478394,10.49900861410886,-0.8871729216304658,498.89504327894514,476.9484249479357,436.6690895702472,0.01277813003077348,0.059380768620480834,0.15710042474254102,1.04601465731521,6.427723618516013,0.8224985836090601,513.1987739766039,487.7362235819898,0.6886099451919343,5.087753042249585,47.230230299960205,18038275.0,0.7688429187380722,514.6400146484375,486.79998779296875,0.01854459168069067,0.0,0.09931328652888105,-0.009044623480530858
2025-07-23,MSFT,506.75,506.7900085449219,500.70001220703125,505.8699951171875,16396600,0.0011874960250199962,0.0004944424714494744,0.03215606748823974,65.54338100323412,1.6374656185196057,9.040103049118898,10.207227501110868,-1.1671244519919703,499.5593244063968,478.0826041702593,437.3576557945949,0.01263247506848034,0.058122572761572906,0.15665060029215372,1.0449226138930752,6.403600241328485,0.8307903731947945,513.2548061444974,489.25619239065884,0.6922817666445971,4.787700840969265,46.00649194415557,17742825.0,0.9241256676994786,514.6400146484375,488.70001220703125,0.01733650862059601,0.0,0.09800940472533516,0.002826798761705534
2025-07-24,MSFT,508.7699890136719,513.6699829101562,507.29998779296875,510.8800048828125,16107000,0.009903749607573342,-0.001602515740974808,0.037804489984100575,69.7303235702514,2.8714127312292494,8.888802149737614,9.943542430836219,-1.0547402810986046,500.6374844517697,479.36877674722217,438.0892214571643,0.020458956328967267,0.06573483644348112,0.166155157124233,1.0443681539896408,6.503342209302789,0.8552083109620512,514.1400111612019,490.2319889608685,0.8636438325565923,4.760790264449355,45.68103922696768,17673420.0,0.9113685975889216,514.6400146484375,488.70001220703125,0.007359868716113634,0.0,0.0872416358014293,-0.002818670583391814
2025-07-25,MSFT,512.469970703125,518.2899780273438,510.3599853515625,513.7100219726562,19125700,0.005539494720473437,0.007175834265823244,0.03268672101038739,71.81383327879884,2.0257814162977965,8.894721017506356,9.733778148170247,-0.8390571306638908,501.88248802518746,480.7154922462588,438.8416672334379,0.02356634118478187,0.06863629373004497,0.17060448068025558,1.04403227297714,6.60524581405125,0.8792830266530982,515.7398483319553,490.2581527666775,0.9203417859655724,5.065953518287248,45.818378143020375,17550760.0,1.0897362849244134,518.2899780273438,488.70001220703125,0.008915450076485509,0.0,0.08125204580220693,-0.00831212035703147
2025-07-28,MSFT,514.0800170898438,515.0,510.1199951171875,512.5,14308000,-0.0023554572052336686,0.004783755740668472,0.03339113093735624,69.60768931596007,2.197493174652641,8.701467995660153,9.527316117668228,-0.8258481220080753,502.8936796418363,481.9619435307193,439.5745859674335,0.01910209005809214,0.06336196639420809,0.1658999777525107,1.0434302674559237,6.482014318962769,0.8729862869532993,516.7759298920262,490.87807096246604,0.8348925328670482,5.140228472789014,45.88428087022201,16539200.0,0.8650962561671665,518.2899780273438,488.70001220703125,0.011297518102134124,0.0,0.08380490186737805,-0.005970726943597561
2025-07-29,MSFT,515.530029296875,517.6199951171875,511.55999755859375,512.5700073242188,16469200,0.0001365996570121819,0.014447757573722297,0.030477882532510492,69.66575156904769,1.837797000992555,8.45648153437179,9.31314920100894,-0.8566676666371507,503.815234659206,483.1622597579153,440.3009085679986,0.01737695103828032,0.0608651585929702,0.16413570208442801,1.0427454224418058,6.451870264650696,0.8784307246886165,517.7162222441846,491.4537789765186,0.8040466049744207,5.2047609889114055,46.19009435854112,15944210.0,1.0329266862390798,518.2899780273438,488.70001220703125,0.011159394075718723,0.0,0.08365687470997375,-0.007842869215535654
2025-07-30,MSFT,515.1699829101562,515.9500122070312,509.44000244140625,513.239990234375,26380400,0.0013071051770152664,0.014568950893164123,0.04306473522426346,70.25148549345327,2.031728647750686,8.221616344892027,9.094842629785559,-0.8732262848935317,504.71283042826974,484.34177860012943,441.02667057462924,0.016895072389718317,0.05966491620394315,0.16373912164009563,1.0420592497451215,6.456023086148861,0.8878617956756405,517.9528425937033,493.3361588711404,0.8085504768861848,4.868377622401867,45.90493858771055,16265960.0,1.6218163575958628,518.2899780273438,488.70001220703125,0.009839427731776365,0.0,0.08224227023576382,-0.01714595113477063
2025-07-31,MSFT,555.22998046875,555.4500122070312,531.9000244140625,533.5,51617300,0.03947472946598163,0.04427653245574992,0.08635892398209122,81.73617867824206,5.472300872835785,9.560094638199644,9.187893031468375,0.37220160673126834,507.45446562557737,486.2695519883597,441.94680320572746,0.0513258551036974,0.09712812126219823,0.20715886194939634,1.0435661939979408,9.009880149470817,1.2425588829760508,523.4598485899425,492.07015324111234,1.3198550128786688,6.181933629185316,47.769165150073285,18030845.0,2.862722185233138,555.4500122070312,493.44000244140625,0.04114341557081763,0.0,0.008903467666354265,-0.057694468189872304
2025-08-01,MSFT,535.0,535.7999877929688,520.8599853515625,524.1099853515625,28977600,-0.01760077722293818,0.020244813093134084,0.05065750380720302,68.53079086863166,3.6568945874242127,9.750752022674192,9.30046482970954,0.4502871929646517,509.0407055994807,487.7534905516225,442.76434730668103,0.02960329024048316,0.07453866656868555,0.18372219565487546,1.0436433884333303,9.43346031318049,1.3017043092833616,525.6851231324339,492.371877599988,0.9527173724536308,6.544475507457695,47.84952226010017,18780485.0,1.5429633473256947,555.4500122070312,494.1099853515625,0.059796660493782475,0.0,0.026979097982559253,-0.04140348838211356
2025-08-04,MSFT,528.27001953125,538.25,528.1300048828125,535.6400146484375,25349000,0.021999255154699693,0.04515124809451221,0.07618744140225853,74.07042469117549,4.678522937326068,10.708782202025418,9.582128304172716,1.1266538978527016,511.57397312795274,489.63139345738,443.68848330013134,0.047043131168960806,0.09396583186013016,0.2072434485213034,1.0448144869054063,9.769642765698848,1.346728975902988,530.3955543138459,491.4534477613495,1.1346732572754317,7.6218906068140875,48.0377083213964,19348855.0,1.3101033627054417,555.4500122070312,494.1099853515625,0.036983789516912446,0.0,0.003099046186123265,-0.062037954741186285
2025-08-05,MSFT,537.1799926757812,537.2999877929688,527.239990234375,527.75,19171600,-0.014730069510613508,0.029615452443317425,0.06268375254497505,65.56494151530384,3.4702504912549377,10.707935365436356,9.807289716425444,0.9006456490109116,513.1145471157668,491.1262407727769,444.52491630212006,0.02852277910751033,0.07457096808673123,0.18722253949273804,1.0447711902104653,9.79038239376277,1.347689621767622,532.1056502923016,492.8563522711749,0.8890260332819953,7.658683526406322,48.083200101028034,19715105.0,0.9724320514651076,555.4500122070312,497.75,0.052486996128907996,0.0,0.009379464153540976,-0.055405002812648034
2025-08-06,MSFT,530.9000244140625,531.7000122070312,524.030029296875,524.9400024414062,21355700,-0.005324486136605855,0.022796376801597962,0.04256120486215664,62.79914208802532,2.9173048178715764,10.361084786620552,9.918048730464466,0.4430360561560853,514.2407809563039,492.4522706421349,445.32506641295873,0.02080585959208766,0.06597133110363927,0.17877937271696004,1.0442449179607938,9.638925287790874,1.324662697191854,533.4392806234099,493.6657212076448,0.7863083338064336,7.7447893535440695,47.65158499939721,19849915.0,1.0758585112329195,555.4500122070312,497.75,0.05812094643907513,0.0,0.014782660360297406,-0.05034859708320926
2025-08-07,MSFT,526.7999877929688,528.0900268554688,517.5499877929688,520.8400268554688,16079100,-0.007810369883928137,-0.023730034010367884,0.03860575784678377,58.89532181709995,3.0815283274969203,9.644197137825472,9.863278411936669,-0.21908127411119693,514.8692805657481,493.5655159838343,446.07645905417775,0.011596625619535615,0.055260163014564635,0.16760258535008346,1.04316299233233,9.703290557412954,1.3315386799067315,533.8391069705516,495.20189644741714,0.6635605951081923,7.509362677444459,46.35362513757393,19829265.0,0.8108772564187327,555.4500122070312,497.79998779296875,0.06645031788458643,0.0,0.022770879233622348,-0.04287308182640934
2025-08-08,MSFT,522.5999755859375,524.6599731445312,519.4099731445312,522.0399780273438,15531000,0.0023038766415852674,-0.003949566659811388,0.03719297947769906,59.685213346950064,3.196470054803386,9.068350245639067,9.704292778677148,-0.6359425330380812,515.5522041335191,494.682161554168,446.83231496435855,0.012584125995016383,0.05530382657669377,0.1683129454703471,1.0421887915136896,9.385198374740598,1.2862099784182695,534.3224066933107,496.5905937949707,0.6744808234086395,7.3200770347194535,45.14837669445232,19782840.0,0.7850743371528052,555.4500122070312,500.70001220703125,0.06399899545229362,0.0,0.020419957528864087,-0.04507311556986979
2025-08-11,MSFT,522.2999877929688,527.5900268554688,519.719970703125,521.77001953125,20194400,-0.0005171222654515306,-0.025894247513025936,0.03727492132935595,59.4086187014488,2.1316188819986195,8.492309977193258,9.461896218380371,-0.9695862411871126,516.1443770285412,495.74443049444574,447.57796376601914,0.010899358305704744,0.05249799581378413,0.16576342396520702,1.0411501275238693,9.276973930283683,1.2694791091276496,534.5446362643107,498.24336727572825,0.6480944857030035,7.029761938394777,44.252449552360716,20189620.0,1.0002367553227847,555.4500122070312,500.70001220703125,0.06454949770022962,0.0,0.020947912426245923,-0.04783720995522116
2025-08-12,MSFT,523.75,530.97998046875,522.7000122070312,529.239990234375,18667000,0.014316596246437996,0.00282328798555187,0.046301021254670616,64.33398154397445,3.0231001143570015,8.540113014105373,9.27753957752537,-0.7374265634199979,517.3915782862396,497.0579818567959,448.39052124331624,0.02290027987579737,0.06474497855835819,0.18031038829026924,1.0409078964057372,9.27218728794199,1.2663077361500201,535.8571464640281,499.2728553670265,0.8191257495708191,7.068540382809344,43.67241903466423,20376610.0,0.9160993904285355,555.4500122070312,500.70001220703125,0.049523887945521726,0.0,0.006537718306441605,-0.06127653479363788
2025-08-13,MSFT,532.1099853515625,532.7000122070312,519.3699951171875,520.5800170898438,19619200,-0.01636303624882196,-0.008305683185287793,0.02958748094839292,55.87015751814445,1.5765887004573171,7.789418242160991,8.979915310452496,-1.1904970682915046,517.6952391246781,497.9804146110331,449.1088246845752,0.005572347874095281,0.04538251267665396,0.15914003127296616,1.0395895580131258,9.562032273792116,1.3014361174673768,535.7957362967348,500.83026773158537,0.564835827137841,6.74601417083383,42.623778914381106,20599850.0,0.9523952844316828,555.4500122070312,500.70001220703125,0.06698296894321518,0.0,0.010603477496027462,-0.045660645339653284
2025-08-14,MSFT,522.5599975585938,525.9500122070312,520.1400146484375,522.47998046875,20269100,0.0036497047841510533,0.0031486704721646053,0.021066968936004793,57.20054396742054,1.9333891961928313,7.264062798730947,8.636744808108187,-1.3726820093772396,518.1509287764944,498.94118189957106,449.83888593615904,0.008354808322891018,0.04717750192429871,0.16148247028803994,1.0385010249179811,9.29402979413509,1.2603464560841242,536.1496978430365,501.5543030114557,0.6048688722636588,6.667680726506477,41.650041659832496,20738150.0,0.977382264088166,555.4500122070312,500.70001220703125,0.06310295699502529,0.0,0.006928485784163007,-0.057628974271031246
2025-08-15,MSFT,522.77001953125,526.0999755859375,519.0800170898438,520.1699829101562,25213300,-0.0044212173574982305,-0.0035820917858699897,0.019841182941651603,55.02842555640926,1.3502440978179848,6.585404879133193,8.226476822313188,-1.6410719431799947,518.343219646367,499.77368389998617,450.5386978463481,0.0035242348979419185,0.040811070424932004,0.15455117484171155,1.0371558894447428,9.13159612998928,1.233115977145496,536.1817489674513,502.5342513987596,0.5241320391031498,6.478671274309615,40.570830660497116,20938330.0,1.2041695779940425,555.4500122070312,500.70001220703125,0.06782403917176531,0.0,0.005094535442504018,-0.05344404465140074
2025-08-18,MSFT,521.5900268554688,522.8200073242188,514.02001953125,517.0999755859375,23760600,-0.005901930955421908,-0.008950387662188808,0.01380225475638297,52.19182369085064,-3.0740439389058105,5.733744615645719,7.727930380979695,-1.9941857653339756,518.2248154501356,500.45314631904307,451.2009991173888,-0.002170563490328065,0.03326351205769401,0.14605237266197554,1.0355111547640503,9.1079098202021,1.2244267856659636,536.0278443683243,503.392153800621,0.4200254858060813,6.279596433625431,38.76455462997194,21423020.0,1.1091153348127387,555.4500122070312,500.70001220703125,0.07416367904028306,0.0,-0.0037516970276550293,-0.04782436982467057
2025-08-19,MSFT,515.0,515.1599731445312,508.54998779296875,509.7699890136719,21481000,-0.014175182592031321,-0.03678860550972496,0.008906129589814737,46.08370912066919,-2.736066233935925,4.416419330902045,7.065628170964165,-2.64920884006212,517.4195938847581,500.81851269922464,451.7837751362573,-0.014784142234841568,0.01787369293958824,0.12834948280275424,1.0331478984194469,9.068058246828288,1.2133660396391701,535.5595808894452,504.31041727950014,0.17471097154210613,6.010205826684134,36.31445136296102,21803640.0,0.9852024707801083,555.4500122070312,500.70001220703125,0.08960908679960397,0.0,0.0043156958127094575,-0.03413302915330646
2025-08-20,MSFT,509.8699951171875,511.0,504.44000244140625,505.7200012207031,27723000,-0.007944735626365218,-0.028545113875502515,-0.0002965068059622711,43.083504062971464,-5.585843590750423,3.0109213570239035,6.254686808176113,-3.2437654511522096,516.3053469643719,501.0107279353611,452.3204540027692,-0.020502103659986302,0.00939954580363714,0.11805689250923605,1.0305275280073105,8.888911054811535,1.1838560166923113,535.5791988862537,504.2757998930432,0.046135607445477796,6.0207238566834995,33.92843643096953,22369960.0,1.23929591291178,555.4500122070312,504.44000244140625,0.09833506854838665,0.0,0.012358617386921216,-0.026398018807426007
2025-08-21,MSFT,503.69000244140625,507.6300048828125,502.7200012207031,504.239990234375,18443300,-0.00292654232135503,-0.03491040980749305,-0.01299720988289732,42.007228572413695,-4.454762627309332,1.7573716822040524,5.355223782981701,-3.597852100777649,515.1562653710389,501.13736567257735,452.83706630358125,-0.021190221046426524,0.006191165884494783,0.11351306630083412,1.0279741656853818,8.604703383904239,1.1412709875881462,536.2503164741777,502.9406808402755,0.039007013117162,6.410685950895105,31.92665740543535,22486775.0,0.820184308332342,555.4500122070312,502.7200012207031,0.10155882707528471,0.0,0.016480242978608645,-0.023540368370367108
2025-08-22,MSFT,504.25,510.7300109863281,502.4100036621094,507.2300109863281,24324200,0.005929757278004377,-0.02487642953065805,-0.012614141654166633,44.996704690740785,-3.373717257726975,0.9937390148262466,4.48292682935061,-3.4891878145243638,514.4013840010664,501.37629293978324,453.3782896337579,-0.013941200855562597,0.011675298830389496,0.11877878271602263,1.0259786735924636,8.584367951069561,1.1336867285731216,536.609789286654,501.93320692916626,0.15274873407523476,6.677929076377215,29.651607001365715,22746700.0,1.0693507190053941,555.4500122070312,502.4100036621094,0.09506535531471688,0.0,0.016245016143216683,-0.02929640507714588
2025-08-25,MSFT,506.6300048828125,508.19000244140625,504.1199951171875,504.260009765625,21638600,-0.0058553341804989945,-0.02483072215534965,-0.016078029725609788,42.64513513935393,-3.1833223705835967,0.14720347702598247,3.6157821588856853,-3.468578681859703,513.4355388357862,501.48937987413,453.8845754062143,-0.01787084916436972,0.005524802723021557,0.1109873238462134,1.023821359815543,8.261913620580218,1.0875328161654831,537.1853187888406,500.53367840354224,0.10166888365458965,7.0638854033629155,27.53906019758677,23113230.0,0.936199743610045,555.4500122070312,502.4100036621094,0.10151509429668783,0.0,0.02572079969052734,-0.02357913460947232
2025-08-26,MSFT,504.3599853515625,504.9800109863281,498.510009765625,502.0400085449219,30835700,-0.004402493114088024,-0.015163663289999407,-0.020543532842014822,40.92353789281891,-3.831118367217137,-0.6948082636659478,2.753664074375359,-3.4484723380413067,512.3502502366563,501.5109731553375,454.36373394490795,-0.02012342472160802,0.0010548829794407848,0.1049297534952352,1.021613240111419,8.133919877731854,1.0674322668943461,537.9134579474295,498.7525393670236,0.08394770340099139,7.555166019114097,26.323892573924507,23831555.0,1.2939021394113812,555.4500122070312,498.510009765625,0.10638595082672621,0.0,0.030256496823537413,-0.01926143985169882
2025-08-27,MSFT,502.0,507.2900085449219,499.8999938964844,506.739990234375,17277900,0.00936176720870363,0.002016904633413308,-0.01266464056519001,45.90279474673767,-2.8805850727831666,-0.9716587147511859,2.0085995165500496,-2.9802582313012356,511.8159397602485,501.71603264863313,454.8848907239077,-0.009917529196631202,0.010013548020818955,0.11399609124836955,1.0201307242630766,8.080783789925114,1.057148142333567,538.1242534755249,497.8917438389283,0.2199277767002161,7.7667738221971145,24.84126409872323,23376430.0,0.7391162808007895,555.4500122070312,498.510009765625,0.09612429038830549,0.0,0.020700932305585788,-0.028357728606619653
2025-08-28,MSFT,507.0899963378906,511.0899963378906,505.5,509.6400146484375,18015600,0.005722904191400424,0.010709234726806516,-0.04472349644154172,48.771912451223194,-3.7034192327865494,-0.946150326134898,1.4176495480130602,-2.3637998741479582,511.6087087972189,502.02677704078235,455.42971782763436,-0.003848046592892794,0.015165003055278604,0.11903109239199863,1.0190864953716545,7.902870400494079,1.0307825542431914,535.9193164163917,497.7106823629051,0.3122156177798203,7.393096968665855,23.224524382807257,21696345.0,0.8303518403675827,538.25,498.510009765625,0.0561376354470485,0.0,0.018954502917505296,-0.033886702446555915
2025-08-29,MSFT,508.6600036621094,509.6000061035156,504.489990234375,506.69000244140625,20961600,-0.005788423440546087,-0.0010646226233179679,-0.03323726583547393,46.09383448461877,-2.6681805279591257,-1.150711390587503,0.9039773602929475,-2.0546887508804508,511.14026057285577,502.20964862512056,455.939770410856,-0.00870653023196005,0.008921281836283637,0.11130907046081577,1.0177826371360708,7.706238544320394,1.0026122617923123,535.2261194123205,496.6618810759607,0.2600368060683481,7.474500782664685,21.572557790172414,21295545.0,0.9843185511335821,538.25,498.510009765625,0.062286600103666524,0.0,0.02488698275237969,-0.028261870680731892
2025-09-02,MSFT,500.4700012207031,506.0,496.80999755859375,505.1199951171875,18128000,-0.0030985559546348185,0.0017054403183036637,-0.056978602599885186,44.68745789188392,-3.3226125402905877,-1.4231092602177569,0.43856003619080663,-1.8616692964085635,510.56690195803026,502.32377986010357,456.4291258805708,-0.010668350846781867,0.005566559596009302,0.10667783118064438,1.016409977843815,7.861507568498402,1.0198124757103328,531.9773450529091,496.8586534822472,0.2352405874324155,6.8268784569481324,21.05860350629819,20934495.0,0.8659392070360427,537.2999877929688,496.80999755859375,0.06370761994546553,0.0,0.028072522990287688,-0.02524152700991773
2025-09-03,MSFT,503.7900085449219,507.7900085449219,502.32000732421875,505.3500061035156,16345100,0.0004553590999198942,0.006593095176193664,-0.04244432761058148,44.95244722565753,-2.8490642085359106,-1.601960170446489,0.03045599486334749,-1.6324161653098366,510.0700547337908,502.4424553990609,456.9159008081623,-0.00925372620186183,0.0057868332447054095,0.10600223194177795,1.015181040640108,7.690685686513025,0.9967422031835425,530.1565368296465,496.4394623158615,0.2642739299345538,6.568713406607775,20.295219272780404,20793170.0,0.7860802369239515,532.7000122070312,496.80999755859375,0.05412091772669972,0.0,0.027604593887341555,-0.02568519012478117
2025-09-04,MSFT,504.29998779296875,508.1499938964844,503.1499938964844,507.9700012207031,15509500,0.005184515851476723,0.002427301989249342,-0.03232750627077108,48.007920887128655,-1.7656110609730733,-1.5148271116141814,-0.2786006264321583,-1.236226485182023,509.8700496373063,502.6592219018704,457.4239018072921,-0.003726534668892116,0.010565367325280028,0.11050165768273613,1.0143453604773267,7.4984938517620945,0.9711628947799419,528.5709366733639,496.32806235007354,0.3610701314621981,6.291912540457667,19.52701135884271,20500860.0,0.7565292382856134,532.7000122070312,496.80999755859375,0.04868399891115492,0.0,0.022304440311511554,-0.030710486969756555
2025-09-05,MSFT,509.07000732421875,511.9700012207031,492.3699951171875,495.0,31994800,-0.025533006259296664,-0.02872618755914713,-0.04961221396803139,37.04562203121736,-2.897383002528175,-2.4639414550738366,-0.7156687921604941,-1.7482726629133425,508.45385443375335,502.35886025865983,457.7977933315977,-0.026460325389285118,-0.014648612457777313,0.0812634032105425,1.012132749429271,8.362887584030203,1.0795404899912457,528.4791748516055,493.8358214862851,0.03360467162166475,6.77743229619421,20.075942315666147,21296645.0,1.5023399225558767,532.7000122070312,492.3699951171875,0.0761616408222852,0.0,0.0490908844302399,6.060359453914141e-05
2025-09-08,MSFT,498.1099853515625,501.20001220703125,495.0299987792969,498.20001220703125,16771000,0.006464671125315569,-0.016755787944240708,-0.045666935146226995,40.646679571912614,-1.4869866715811482,-2.9241988249719384,-1.157374798722783,-1.7668240262491555,507.4772980312084,502.1957681782038,458.19980545971146,-0.01828118392718057,-0.007956570374274184,0.08729861137149007,1.0105168744694188,8.208396485673134,1.0562775954817607,527.4082822910777,492.5227174647816,0.16274051374883347,6.84076958826562,20.585663918430765,21358645.0,0.785208986806045,532.7000122070312,492.3699951171875,0.0692492957741301,0.0,0.04235241884572501,-0.0029707164794550303
2025-09-09,MSFT,501.42999267578125,502.25,497.70001220703125,498.4100036621094,14410500,0.00042150030094911806,-0.013283955337229147,-0.04477071313933845,40.885643178196105,-1.1561928219052595,-3.2347236702138957,-1.5728445730210057,-1.66187909719289,506.6137461865323,502.0473068246315,458.5999069343622,-0.016193288449386712,-0.00724494109036752,0.0868079040701702,1.0090956356100818,7.9470815790513925,1.0200056876544705,526.049464671269,491.5455334976762,0.19894748021311867,6.78146634676447,20.862785638574213,21069450.0,0.683952357560354,532.7000122070312,492.3699951171875,0.06879879675964183,0.0,0.04191325209640349,-0.0033907875624261453
2025-09-10,MSFT,502.9800109863281,503.2300109863281,496.7200012207031,500.3699951171875,21611800,0.003932488193810091,-0.009854577869161107,-0.054549912421399505,43.18490139434428,-1.3524467639052078,-3.284796824112675,-1.9152350232393398,-1.3695618008733352,506.0191032275471,501.9815298949278,459.01552970235053,-0.011163823804927125,-0.0032103467593272168,0.0900938263279529,1.0080432707025364,7.8444335923780795,1.0042199703318346,522.1837338565236,492.52426480070284,0.2645269981643485,5.8459121432115415,21.120112950135987,21216690.0,1.018622603243013,532.7000122070312,492.3699951171875,0.06461222176655884,0.0,0.040250244509007126,-0.00497629805678464
2025-09-11,MSFT,502.25,503.1700134277344,497.8800048828125,501.010009765625,18881600,0.0012790827881028477,-0.013701579696345334,-0.0375926979172565,43.95151944595951,-0.6445087726687998,-3.235539045963037,-2.1792958277840793,-1.0562432181789578,505.542046707364,501.9434310663277,459.43338522536817,-0.008964708220130322,-0.001859614536083794,0.09049543606819506,1.0071693649489353,7.661974660416922,0.9788238286421465,520.1288587647409,492.62213916006374,0.3049389649551306,5.43207948667349,21.359059739443346,21179810.0,0.8914905280075694,526.0999755859375,492.3699951171875,0.050078771544005,0.0,0.041096915069510465,0.005668542110005326
2025-09-12,MSFT,506.6499938964844,512.5499877929688,503.8500061035156,509.8999938964844,23624900,0.017744124783092063,0.03010099777067543,-0.024077451849885856,53.36450915345928,1.565609357378377,-2.4509020065355003,-2.2336170635343633,-0.217284943001137,505.95708929680404,502.2554531380986,459.93554053552856,0.007792962452923239,0.015220423612372143,0.10863359961871898,1.0073700268171835,7.938974900911695,1.0110163293691006,517.5017492364736,493.9912500311045,0.6766655070321413,4.648672649715433,19.85497477252563,21347600.0,1.1066770971912534,526.0999755859375,492.3699951171875,0.03177089994776873,0.0,0.02294563998725671,-0.009531252029293284
2025-09-15,MSFT,508.7900085449219,515.469970703125,507.0,515.3599853515625,17143800,0.010707965327386493,0.034443943645268815,-0.009246972560168931,58.026917096917806,1.7010686512427449,-1.3726725062195442,-2.0614281520713993,0.6887556458518551,506.85260320678105,502.769356362156,460.4870275486234,0.016784726153040323,0.025042554463755324,0.11916287434860444,1.0081215109730808,7.97690317249836,1.0129887256276364,516.2219215557195,494.79007795599927,0.9597824517453893,4.2396813509772455,18.852996068103142,20944125.0,0.8185493545325957,522.8200073242188,492.3699951171875,0.014475361271145723,0.0,0.030406015970803175,-0.020024792572129285
2025-09-16,MSFT,516.8800048828125,517.22998046875,508.6000061035156,509.0400085449219,19711900,-0.012263227620067041,0.02132783211554279,-0.015586864091189923,51.5967235269556,-0.11773135669684892,-1.0164205061460052,-1.8524266228863207,0.8360061167403154,507.0609275246992,503.01526429089193,460.9701417873926,0.003903043821348813,0.011977259303498671,0.1042797838730731,1.0080428239876764,8.023551114836646,1.0153356381457042,514.5790310496171,495.6269717580001,0.7077350582611729,3.7521177341937184,18.17922101885543,20741690.0,0.9503516830113651,517.22998046875,492.3699951171875,0.01608905348567579,0.0,0.043199002795106516,-0.007857928518101947
2025-09-17,MSFT,510.6199951171875,511.2900085449219,505.92999267578125,510.0199890136719,15816600,0.001925154118143313,0.01928571655105804,0.0004904172575630472,52.47613657964649,0.6572039227576244,-0.6475474714741267,-1.611450792603882,0.9639033211297552,507.3427429046013,503.2899593780598,461.45819996874866,0.005276996954254188,0.013372072123053478,0.10523551005965841,1.0080525817195891,7.833298597286931,0.9878134057822028,514.6167493012813,495.61425350633596,0.7580970238218838,3.7620100238725427,17.094998829808766,20458470.0,0.7731076664090717,517.22998046875,492.3699951171875,0.014136684071974355,0.0,0.041194542833182794,-0.009764284882992113
2025-09-18,MSFT,511.489990234375,513.0700073242188,507.6600036621094,508.45001220703125,18913700,-0.003078265245401113,0.014850007577466906,0.005398265798739255,50.88122644528746,0.6592526769943424,-0.4764052383267767,-1.384441681748461,0.9080364434216843,507.4481971238804,503.4923143909607,461.92578019002514,0.0019742213862005108,0.009846620642198914,0.10071798113945288,1.007856888019639,7.6602061019171055,0.9636986833292887,514.8618869921361,495.64211691411384,0.6663917019258835,3.8039968181670583,16.368283478349714,20018005.0,0.9448344128198589,517.22998046875,492.3699951171875,0.017268105125236372,0.0,0.044409512336975994,-0.006706664529926072
2025-09-19,MSFT,510.55999755859375,519.2999877929688,510.30999755859375,517.9299926757812,52474100,0.01864486230927631,0.015748183713308883,0.027149775318381586,58.987005053757315,2.489361120080554,0.41934743459012225,-1.0236838584807444,1.4430312930708666,508.4464633669186,504.0584978531105,462.4830360356546,0.018651972217611626,0.027519613064261948,0.11988970907000338,1.0087052703852752,7.888046779347134,0.989447400777618,517.0007320530802,494.8722720973105,1.0419939130223437,4.373762293292863,16.572498581175438,21719545.0,2.415985233576486,519.2999877929688,492.3699951171875,0.0026451357066805356,0.0,0.025293064325962362,-0.024887502776708995
2025-09-22,MSFT,515.5900268554688,517.739990234375,512.5399780273438,514.4500122070312,20009300,-0.0067190170833154594,-0.001765703916477901,0.014234175944486394,55.37447950087303,1.275668045505838,0.8387637941023058,-0.6511943279641345,1.4899581220664402,509.0182299231198,504.4660082199309,463.00012037566836,0.010671095777319863,0.019791232361383602,0.11112284763472079,1.0090238422986137,7.709615912853588,0.9647523390846461,517.9618597576169,494.6331445148441,0.8494624537168353,4.607708934834074,16.76212689094218,21503800.0,0.9305006556980626,519.2999877929688,492.3699951171875,0.009427496298679654,0.0,0.03222862609860609,-0.018291385827244353
2025-09-23,MSFT,513.7999877929688,514.5900268554688,507.30999755859375,509.2300109863281,19799600,-0.010146760806378219,0.00037325640070884347,0.009856028882823997,50.38939831564991,2.874749694207702,0.7413974394292495,-0.37267597448545775,1.1140734139147073,509.0383995481873,504.6528318578289,463.46011928721725,0.00037641843584083955,0.00906995629381247,0.09875691520017514,1.0086902666813784,7.678931154569403,0.9580411994586681,518.23787442533,494.8541299692013,0.614780966499957,4.616312112758967,15.966987623104709,21411850.0,0.9247029098373097,519.2999877929688,492.3699951171875,0.019774908370258967,0.0,0.04280976737471226,-0.00822811372269798
2025-09-24,MSFT,510.3800048828125,512.47998046875,506.9200134277344,510.1499938964844,13533700,0.0018066156556137969,0.0002549015442785407,0.016154061854687374,51.222835678538594,2.398631352198203,0.7300532348468209,-0.15213013261900202,0.8821833674658229,509.1442656765965,504.868406839737,463.92469515397613,0.00197533054516755,0.010461314245840512,0.09963965968047037,1.0084692541243043,7.527576575029848,0.9365508382940455,518.5523252738657,495.3506776558218,0.6378562628092486,4.5766996548984205,15.160173516121286,20546750.0,0.6586783797924246,519.2999877929688,492.3699951171875,0.017935889455956755,0.0,0.04092920837048454,-0.01001663317200662
2025-09-25,MSFT,508.29998779296875,510.010009765625,505.0400085449219,507.0299987792969,15786500,-0.0061158387817614734,-0.0027928279941827894,0.0005723024638093488,48.261689605010645,1.729498817008359,0.4639571309129451,-0.028912679912612593,0.4928698108255577,508.9429069244727,504.95317515109235,464.35360364776045,-0.003758590834354051,0.004112903394622857,0.09190495087426712,1.0079011915752099,7.354891487639323,0.9126681153736842,518.5664569247151,495.36554685946453,0.502758378314776,4.576423266779339,14.080012409260107,20472180.0,0.7711196365018284,519.2999877929688,492.3699951171875,0.024199729884252483,0.0,0.047334537552727735,-0.0020314355793082358
2025-09-26,MSFT,510.05999755859375,513.9400024414062,506.6199951171875,511.4599914550781,16213100,0.00873714116807034,-0.012492038136809103,0.003571102649575275,52.463684394849054,2.2163591834265217,0.603579745774482,0.09758580522480634,0.5059939405496757,509.18262926072083,505.2083444179153,464.82232392445025,0.004472584223196653,0.012374393863913175,0.10033439688711684,1.007866625495633,7.352399761680711,0.9102134498213683,518.767959420865,495.34604204397874,0.6879859215540259,4.61918824571091,13.72879146489837,20382055.0,0.7954595353608849,519.2999877929688,492.3699951171875,0.015328660049413075,0.0,0.0382630863972783,-0.01067530509971019
2025-09-29,MSFT,511.5,516.8499755859375,508.8800048828125,514.5999755859375,17617800,0.006139256605245391,0.0002915023332643596,0.015611070094965873,55.23863777308547,2.71251383314077,0.9565753462527482,0.2693837134303947,0.6871916328223535,509.69856700597956,505.5766436794064,465.31762394098246,0.00961628871893696,0.017847604353046238,0.10591120797781249,1.0081529148509991,7.396511971783874,0.9135568417255282,519.6128132437387,495.2921855355581,0.793885350413259,4.792690495648938,13.846003113985153,20214865.0,0.871526967902086,519.2999877929688,492.3699951171875,0.009133331577949802,0.0,0.031927816732268195,-0.016711962677699962
2025-09-30,MSFT,513.239990234375,518.1599731445312,509.6600036621094,517.9500122070312,19728200,0.006509982083227506,0.017123894964111264,0.0253999390518429,58.05213699182821,1.5787445394990773,1.4894770959312496,0.5134023899305656,0.9760747060006839,510.4844189298892,506.06187381774464,465.84132929686353,0.014624527214350407,0.02349147209925566,0.11185929550050862,1.0087391391072,7.475330365400874,0.9209955612388024,521.0237558287887,495.16424465949257,0.8811368242178141,5.08951319182485,14.148670889904897,20294875.0,0.9720779260773964,519.2999877929688,492.3699951171875,0.0026063819946352176,0.0,0.025253435238100738,-0.023071748094205424
2025-10-01,MSFT,514.7999877929688,520.510009765625,511.69000244140625,519.7100219726562,22632300,0.0033980301653540046,0.018739641655492578,0.028415980401114593,59.492683178052125,0.8440772944617132,2.0304182532399864,0.8168055625924497,1.2136126906475366,511.36304779110515,506.5970953140157,466.37733618916,0.016322990520349207,0.025884330526041506,0.11435522621936474,1.0094077769516903,7.5713787196021505,0.9302077731291257,522.6176871962726,495.0063148789227,0.8946932014027668,5.426635429400899,14.771030800989289,20609235.0,1.0981630322522888,520.510009765625,492.3699951171875,0.0015392964521489228,0.0,0.021781391248241765,-0.02638013775569943
2025-10-02,MSFT,517.6400146484375,521.5999755859375,510.67999267578125,515.739990234375,21222900,-0.007638936272985952,0.01717845389039696,0.015296157243537722,54.91182537054195,1.3161994297078643,2.1143961922002745,1.0763236885140146,1.03807250368626,511.77989945236897,506.9556402128533,466.8685068761771,0.007737878697939346,0.017327650241416408,0.10467933184270127,1.0095161368310037,7.810564733213157,0.9562877639626779,523.3232076346787,495.0777933418838,0.731523945030676,5.5470122801744886,15.504927105684358,20894905.0,1.0156973673725724,521.5999755859375,492.3699951171875,0.011362286156827692,0.0,0.029646797518167112,-0.018885466356697914
2025-10-03,MSFT,517.0999755859375,520.489990234375,515.0,517.3499755859375,15112300,0.003121699658835464,0.011516021251442687,0.04515146583017682,56.378704872342574,1.4371959394064324,2.2845270705165603,1.3179643649145238,0.9665627056020365,512.3103828936612,507.3632612078763,467.3708100474185,0.009836991129891554,0.01968355839223732,0.1069368571251767,1.0097506502027882,7.644809411867575,0.9333845675284526,523.2566077362625,497.37939079889367,0.7717439180333445,5.070802318262041,16.18640224575835,20050780.0,0.7537013522665951,521.5999755859375,495.0299987792969,0.008214941916613698,0.0,0.026442552153295874,-0.021938680045520065
2025-10-06,MSFT,518.6099853515625,531.030029296875,518.2000122070312,528.5700073242188,21388600,0.021687508007657064,0.02714736183649169,0.06095944273997134,64.9393832644131,3.957123539018624,3.286831264040188,1.711737744739657,1.5750935193005313,513.8589185537143,508.1948983104779,467.9797572840036,0.02862865319514094,0.04009310026818247,0.12947194637618592,1.0111453701366653,8.07589829037257,0.9824896170147374,525.8165655687637,497.85643247811134,1.0984774194932407,5.462707943649807,18.109442532425113,20281660.0,1.0545783727761928,531.030029296875,496.7200012207031,0.004654108138124636,0.0,0.011370319318815473,-0.042700128670703344
2025-10-07,MSFT,528.2899780273438,529.7999877929688,521.4400024414062,523.97998046875,14615200,-0.008683857940984696,0.011641988839858453,0.05130309708626046,59.77153383917412,1.1681091804922714,3.6684995723300062,2.103090110257727,1.5654094620722794,514.8228292122891,508.8139211402141,468.5369734350956,0.01778699532511388,0.029806691009062487,0.11833219185920779,1.0118096377131514,8.096190223314707,0.9811049672009142,526.6184306220648,499.6115651054743,0.9023044658146652,5.263316338253035,19.895122798615677,20291895.0,0.7202481581932096,531.030029296875,496.7200012207031,0.013454805700435437,0.0,0.05675787500081539,-0.03431425080909617
2025-10-08,MSFT,523.280029296875,526.9500122070312,523.0900268554688,524.8499755859375,13363400,0.0016603594595525628,0.009890041361472202,0.04892375783447367,60.41455242085416,2.0215692743964735,3.99512250615237,2.481496589436656,1.5136259167157142,515.7777955335889,509.4427860204386,469.097301814706,0.01758931875491674,0.03024321864650129,0.11885097943550689,1.0124351736583332,7.793604161046693,0.941376047109878,527.4311671903376,501.2468265840765,0.9014223178954931,5.090872122224735,21.553254474364056,19879475.0,0.672220971630287,531.030029296875,497.8800048828125,0.011774895681452848,0.0,0.05500618550083253,-0.03591497849436607
2025-10-09,MSFT,522.3400268554688,524.3300170898438,517.4000244140625,522.4000244140625,18343600,-0.004667907565661822,0.012913550055835055,0.04269378701324511,57.621372294724694,2.5862602642419605,4.010057503200869,2.7872087721894987,1.2228487310113705,516.4084839983959,509.950913016267,469.62767716395336,0.011602327617230193,0.024412372014712618,0.11237060721973906,1.0126631226992664,7.769057518963001,0.9354438879006483,527.4207101302304,503.3962851090273,0.7910174452984062,4.661239605508624,21.66413362999384,19852575.0,0.9239909684260103,531.030029296875,503.8500061035156,0.016519916691221676,0.0,0.059953952575311935,-0.031393613414274234
2025-10-10,MSFT,519.6400146484375,523.5800170898438,509.6300048828125,510.9599914550781,24133800,-0.021898990092536486,-0.012351376113668988,0.0020788342249107306,46.75184483589121,0.15877635367728896,3.0634648289102415,2.8424599835336473,0.22100484537659426,515.8895799466513,509.99048471974976,470.03894397282033,-0.009555510875181812,0.001901029066966079,0.08705884481908786,1.0115670691976582,8.210554282396448,0.9905095136075239,527.3850511715789,503.53794382353846,0.31123471384673235,4.626360545610561,20.267775945853362,19878020.0,1.2140947639654251,531.030029296875,505.0400085449219,0.03927907894440562,0.0,0.08368557218399396,-0.009707201225194539
2025-10-13,MSFT,516.4099731445312,516.4099731445312,511.67999267578125,514.0499877929688,14284200,0.0060474330467461535,-0.027470381084910067,-0.002541907784517128,49.52164014051021,1.3845312960915315,2.533416546047988,2.7806512960365155,-0.24723474998852746,515.7143806939197,510.1496809186995,470.47686480685167,-0.003227354061198374,0.007645416669173222,0.0926148047768627,1.01090797462658,8.013370525757638,0.970045264021412,527.3354441004034,503.4565511388544,0.44363181623086273,4.633115715262498,18.971158096294346,19735040.0,0.7237988876637697,531.030029296875,505.0400085449219,0.03303188776797491,0.0,0.0771714499604913,-0.015659931882365582
2025-10-14,MSFT,510.2300109863281,515.280029296875,506.0,513.5700073242188,14684300,-0.00093372333459385,-0.019867119990383153,0.008899101648701002,49.09444554210452,0.4125475901131065,2.0509766682806685,2.634716370485346,-0.5837397022046775,515.51015465871,510.28381136597477,470.9056522945867,-0.00376354823849341,0.006439937707306803,0.09060064329604232,1.0102420323285268,8.103846152266021,0.9849700296888646,527.2385339766712,504.0064611405163,0.4116527290160345,4.505635992641082,18.386215203041925,19483660.0,0.7536725646002855,531.030029296875,505.0400085449219,0.03399735522645822,0.0,0.07817817007674169,-0.012189204346727031
2025-10-15,MSFT,514.9600219726562,517.1900024414062,510.0,513.4299926757812,14694700,-0.0002726301116511287,-0.021758566145320124,0.0066860196375910785,48.96176038316429,-0.22735774692256364,1.6384544938778163,2.43546399516384,-0.7970095012860239,515.3120439936691,510.40719102518284,471.3287800595737,-0.00365225563777237,0.00592233358728142,0.08932451061207433,1.009609686255857,8.038571601490323,0.981214760325022,527.1727963317179,504.4131991516805,0.3961754442653075,4.412544815398029,17.496967792617358,19427565.0,0.7563840347465058,531.030029296875,505.0400085449219,0.03427933091592434,0.0,0.07847219407142408,-0.013341655534800904
2025-10-16,MSFT,512.5800170898438,516.8499755859375,508.1300048828125,511.6099853515625,15559600,-0.0035448013364658415,-0.0206547445601718,0.006214914089223367,47.1769020428279,-1.2240615322033355,1.1513957445490632,2.178650345040885,-1.0272546004918217,514.9594669801352,510.45435943013894,471.72958807242935,-0.006504359747408774,0.002263916254361466,0.08454080110194366,1.0088256814086662,8.0872429658928,0.9909093828988723,527.001588820393,504.90040397745855,0.303584691127949,4.283582161327214,16.96741665359208,19259860.0,0.807877108140973,531.030029296875,505.0400085449219,0.0379586882612692,0.0,0.08230876362318422,-0.030882876107493268
2025-10-17,MSFT,509.0400085449219,515.47998046875,507.30999755859375,513.5800170898438,19867800,0.003850651462417254,0.005127653199039184,-0.008398771354144241,49.330088526569874,-1.1795048437867186,0.9138292192734525,1.9256861198873985,-1.011856900613946,514.8280908001075,510.57693424032345,472.14601025170714,-0.0024242533237144445,0.005881744058784234,0.08775676578532882,1.0083261821572653,8.093152961911619,0.9955617291218882,526.7909563382253,504.6760389010325,0.4026231711738867,4.288051394618418,16.6066655422607,17629545.0,1.1269604519004885,531.030029296875,505.0400085449219,0.033977202434608306,0.0,0.07815715619297414,-0.03958490675911032
2025-10-20,MSFT,514.6099853515625,518.7000122070312,513.4299926757812,516.7899780273438,14665600,0.006250167122328731,0.005330201924795164,0.004548480444725556,52.712419323941,0.20358859364223222,0.9733528515303078,1.7352194662159806,-0.7618666146856727,515.0149372027014,510.820583016285,472.5902288365394,0.00344658124730027,0.011685893657242116,0.09352658284877952,1.0082110124882764,7.8915005740072175,0.9743364659793164,526.9006724758659,504.80031934542313,0.5425098237640876,4.284255478213401,15.637016561656026,17362360.0,0.8446777972579764,531.030029296875,505.0400085449219,0.02755481312522235,0.0,0.07146034994089466,-0.04555037641635193
2025-10-21,MSFT,517.5,518.6900024414062,513.0399780273438,517.6599731445312,15586200,0.0016834597306014665,0.007963794150717352,0.016554331002360145,53.61614072307347,0.05992028089740502,1.0782971556492384,1.6038350041026321,-0.5255378484533937,515.2668453876375,511.08879439386334,473.0386840037831,0.004644443511775611,0.01285721546382391,0.09432904886990429,1.0081748045341676,7.731395134011166,0.9582259106686034,526.9155102114324,505.62847782567695,0.5652030353890636,4.123220440462325,14.80762045976034,17151690.0,0.9087267785273637,531.030029296875,505.0400085449219,0.02582787321014443,0.0,0.06965962104341754,-0.04715445352332844
2025-10-22,MSFT,521.1500244140625,525.22998046875,517.7100219726562,520.5399780273438,18962700,0.0055635069973014595,0.013848013269556425,0.020366527992094152,56.57477089250942,-1.5191988167329882,1.3779741691218987,1.5586628371064855,-0.18068866798458671,515.769048496181,511.45942904615674,473.5113336955598,0.009250127639635002,0.017754192151900897,0.09931894124844858,1.0084261218100141,7.719867433311707,0.9604930318374821,527.2007333340865,506.38225311610864,0.6800556410937793,4.028410004982421,14.622907441788504,17423140.0,1.0883629472069902,531.030029296875,505.0400085449219,0.0201522490343291,0.0,0.0637414878325413,-0.052426286508795716
2025-10-23,MSFT,522.4600219726562,523.9500122070312,518.6099853515625,520.5599975585938,14023500,3.8459161822324006e-05,0.017493818461891575,0.026684809206301674,56.5954963420407,-0.6526934305957166,1.5986574423510547,1.5666617581553994,0.03199568419565524,516.2253293592679,511.8163140858602,473.9794796046448,0.008396852988027479,0.01708363573433638,0.09827538945948157,1.0086144484887738,7.549878820608639,0.9440702688752848,526.9708685813317,507.96511774679317,0.6626878317752276,3.6728360179975064,14.451388210814656,17334990.0,0.8089707579871693,531.030029296875,506.0,0.020113016342756404,0.0,0.06370057879985062,-0.052462727998072424
2025-10-24,MSFT,522.7899780273438,525.3499755859375,520.7100219726562,523.6099853515625,15532400,0.00585905142014953,0.019529514248924018,0.023755511866956125,59.747478910379684,-0.23625612880913005,1.9966429938374404,1.6526580052918078,0.34398498854563253,516.9286299299627,512.2788109982407,474.4733154827236,0.01292510229604631,0.022119154862645055,0.1035604495878714,1.009076734840272,7.3527430496611474,0.9239050445967172,527.5176332083267,508.63335250944664,0.793074042952773,3.64508280340985,14.526157245427127,17300955.0,0.8977770302275221,531.030029296875,506.0,0.014170936675950738,0.0,0.057504604942447836,-0.05798205954987314
2025-10-27,MSFT,531.780029296875,534.5800170898438,529.010009765625,531.52001953125,18734700,0.015106729055933688,0.028502955030460964,0.032879993680619446,66.53491674295101,1.7457876514107604,2.9167011468706505,1.9054666336075765,1.011234513263074,518.3182860824662,513.0333681956137,475.04094437872885,0.02547032162142031,0.03603401353922764,0.11889306768364116,1.0103013141336967,7.611120813134012,0.9600397647899048,529.8771488902818,507.965841222023,1.074978210604387,4.222470619739454,15.86012852437083,17356800.0,1.0793867533185841,534.5800170898438,506.0,0.005757069246972805,0.0,0.04176691442676654,-0.07200108768245551
2025-10-28,MSFT,550.0,553.719970703125,540.77001953125,542.0700073242188,29986700,0.019848712005754443,0.04715457142921142,0.046568191039150664,73.05978946343284,6.088542427861636,4.445900137468357,2.4135533343797326,2.032346803088624,520.580354772157,514.1720599261472,475.7079002289327,0.041280183462680115,0.054257999553843125,0.13950179734948562,1.012463327639641,8.653180124472653,1.0927349693074333,534.9999719946628,505.2550176293607,1.2376885586283912,5.718781387638963,18.619606148671334,17869725.0,1.6780728298840637,553.719970703125,506.0,0.021491621416969933,0.0,0.007748099231247765,-0.10199791133592868
2025-10-29,MSFT,544.9400024414062,546.27001953125,536.72998046875,541.5499877929688,36023000,-0.0009593217190099201,0.040361952304307724,0.042023368603543165,72.31138017799745,5.349674283248014,5.5518419465551005,3.0412110568148063,2.5106308897402942,522.5774626789009,515.2457041562186,476.36304537882364,0.0363056703915406,0.05105192226653641,0.13684298781469417,1.0142296354215858,8.716527191474606,1.1017126605131378,538.7742793696744,503.66470683638033,1.079058451100825,6.736043643393465,20.436451477445235,18539260.0,1.9430656887060218,553.719970703125,506.0,0.022472501494744262,0.0,-0.012150341128544628,-0.10842951259219938
2025-10-30,MSFT,530.47998046875,534.969970703125,522.1199951171875,525.760009765625,41023100,-0.029157009294181968,0.009989265851043205,0.019428432390314443,54.16700155172487,2.3735814528808055,5.095452331019601,3.4520593116557654,1.6433930193638355,522.880562401446,515.6580298663914,476.85455746227444,0.005506893105673071,0.019590463668045698,0.10255842486567726,1.0140064386021972,9.481774726067938,1.1966416133918463,539.1928946281333,504.24809353104627,0.6155970433144611,6.697992793772856,19.9801702591622,19529270.0,2.1005956699866406,553.719970703125,506.0,0.05318008296211807,0.0,0.006771145565408707,-0.09559496506406044
2025-10-31,MSFT,528.8800048828125,529.3200073242188,515.0999755859375,517.8099975585938,34006400,-0.015120990678951118,-0.011076923579053877,0.0008891891260558449,47.68001778633768,0.8530870703493102,4.045625278617308,3.5707725050480743,0.47485277356923383,522.3976514640315,515.7424207562817,477.2620742791533,-0.008781919085165686,0.004008932984958162,0.08495944988020074,1.0129041754951813,9.820221655511745,1.2355642985166788,539.1940188080185,504.2929715484268,0.387295713782689,6.689311430259397,18.7638505117493,20473975.0,1.660957386145094,553.719970703125,506.0,0.06934970995894632,0.0,0.013808200783634785,-0.09567217469437925
2025-11-03,MSFT,519.8099975585938,524.9600219726562,514.5900268554688,517.030029296875,22374700,-0.0015062827396076228,-0.02726141951746952,-0.021832449566638545,47.08424935750967,1.0594093353334404,3.1147875240498024,3.47957550884842,-0.3647879847986175,521.8864493528737,515.7929152088541,477.6577753241058,-0.00930551092487746,0.0023984704937639245,0.08242774640495242,1.011813915942508,9.859491188488585,1.2365374758899559,538.4382119569027,503.89478059680823,0.38025315328809434,6.628099006146439,17.578859466475134,20523280.0,1.0902107265505319,553.719970703125,506.0,0.07096288286416498,0.0,-0.002862583254436892,-0.09479147729553229
2025-11-04,MSFT,511.760009765625,515.5499877929688,507.8399963378906,514.3300170898438,20958700,-0.005222157426142293,-0.05117418388688566,-0.018416664259335747,44.98860730023976,0.14603371919526958,2.1346169417161036,3.210583795421957,-1.0759668537058533,521.166789137347,515.7355466551674,478.0226732521231,-0.013118203596241598,-0.0027252912358654443,0.07595318353983388,1.0105310609621603,9.811672743524,1.225775335481392,538.152406606555,503.2155896092653,0.31812936712124273,6.709792719623617,16.877436707607817,20840455.0,1.0056738204612135,553.719970703125,506.0,0.07658497910768543,0.0,0.000972138477993322,-0.09612505745074959
2025-11-05,MSFT,513.2999877929688,514.8300170898438,506.5799865722656,507.1600036621094,23024300,-0.0139404918816588,-0.06350288044694119,-0.03370481613165588,39.90878121062077,-1.863421268731501,0.7703840246641676,2.7225438412703995,-1.952159816606232,519.8328095682767,515.399250851518,478.31259693779464,-0.02437861880378837,-0.015986145062873314,0.060310781921694465,1.0086021830831784,9.700126870242153,1.2071160258868636,538.1059070209325,501.4930920025051,0.15477945786883945,7.043641837443125,16.35240881093352,21323500.0,1.0797617651886415,553.719970703125,506.0,0.09180528177461658,0.0,0.012500978571083433,-0.08334645616461873
2025-11-06,MSFT,505.6600036621094,505.70001220703125,495.80999755859375,497.1000061035156,27406500,-0.019835944250241266,-0.054511570164656575,-0.04843035438010179,34.092244432829276,-3.9717127279754463,-1.1097456617419539,1.9560859406679287,-3.0658316024098826,517.667780666871,514.6816334104199,478.49953633247844,-0.03973161037153873,-0.03416019955948997,0.03887249277941385,1.0058019308687256,9.817975386904545,1.2165216876716733,539.2811730495231,497.7878241428597,-0.016576585343623468,8.002042105008783,16.834117502958225,21776645.0,1.2585271973713124,553.719970703125,495.80999755859375,0.11390055100465794,0.0,0.03299133714568745,-0.06479579774611942
2025-11-07,MSFT,496.95001220703125,499.3800048828125,493.25,496.82000732421875,24019800,-0.0005632644857351821,-0.040536085308008785,-0.027673368497193818,33.94395799217082,-4.556800957539327,-2.592471151585414,1.0463745222172602,-3.6388456738026744,515.6822784437612,513.9811774854708,478.6818295761774,-0.03657731108477387,-0.03338871327002455,0.037891928682776146,1.0033096561368486,9.554548922326543,1.1790551461949692,540.4384326723389,495.216566106958,0.03545720995267916,8.732998270405274,17.484515943765224,21770945.0,1.1032961591699395,553.719970703125,493.25,0.11452832522860518,0.0,0.033573512398618215,-0.0642687335555392
2025-11-10,MSFT,500.0400085449219,506.8500061035156,498.79998779296875,506.0,26101500,0.018477501993575007,-0.02133344036491469,-0.015659931882365585,42.737907041714514,-2.7969874033501565,-2.992299727593263,0.2386396722551556,-3.2309393998484186,514.7601566872125,513.6681901330994,478.95365216745927,-0.01701793849700672,-0.01492829472487376,0.05646965569663159,1.0021258208607957,9.588509626395851,1.1777745841292024,540.5708486660011,494.2791513339988,0.2531954830245197,8.946552124849456,17.15208266232631,22361810.0,1.1672355681405038,553.719970703125,493.25,0.09430824249629427,0.0,0.014822134387351778,-0.08124503033905632
2025-11-11,MSFT,504.79998779296875,509.6000061035156,502.3500061035156,508.67999267578125,17980000,0.0052964282130063545,-0.010985212269023714,-0.009521612591660622,45.038327865145604,-2.8513575167511265,-3.057666863120062,-0.4206216348198879,-2.637045228300174,514.1810934480286,513.4725745465379,479.24943665012916,-0.010698761277583563,-0.009333666700678395,0.061409683089805045,1.0013798573411938,9.421473224510432,1.1528391991375688,540.5859265217615,493.7750720133948,0.31840736126110336,9.051163873088687,16.523985287032836,22526595.0,0.7981676769169952,553.719970703125,493.25,0.08854285341639319,0.0,0.009475519764133697,-0.08608551281326743
2025-11-12,MSFT,509.3599853515625,511.6700134277344,499.1199951171875,511.1400146484375,26574900,0.004836089502392227,0.00784764365799595,-0.004460156321233533,47.13763845066859,-3.8342873521087166,-2.877794155379206,-0.9120561389317516,-1.9657380164474545,513.8914668956866,513.3811016093575,479.5667558341919,-0.00535415048603554,-0.004365347602189912,0.0658370465219692,1.0009941255818107,9.644940730655893,1.1745658997524475,540.5659113427446,493.5660893896773,0.373914719853812,9.089714256938139,16.253233995498217,23120605.0,1.1494033136243624,553.719970703125,493.25,0.08330389880348918,0.0,0.0046171015454262564,-0.09048401352770392
2025-11-13,MSFT,510.30999755859375,513.5,501.2900085449219,503.2900085449219,25273100,-0.015357839101904136,0.0124522276511847,-0.016262342496938142,41.668261776938415,-7.154057272182203,-3.33028418286699,-1.3957017477187992,-1.9345824351481906,512.8818041956138,512.9853724695757,479.8028080999703,-0.018701766317749013,-0.018899883788068162,0.04895177778963265,0.999798106769664,9.828158639543195,1.1901253155543705,540.8068963165676,492.4931067351901,0.22347453808287918,9.35135767709032,15.773920959149406,23606280.0,1.0706091768800505,553.719970703125,493.25,0.1002006026386312,0.0,0.017544529838361557,-0.07629794600434021
2025-11-14,MSFT,498.2300109863281,511.6000061035156,497.44000244140625,510.17999267578125,28505700,0.01368988856102904,0.026890997050454724,-0.006620242807203525,47.433436931866936,-5.792631488190534,-3.0972188414527864,-1.7360051664655967,-1.3612136749871897,512.6244888127726,512.8753575757015,480.1050686430132,-0.004768590245566971,-0.0052553995042010125,0.06264237975610805,0.9995108582246655,10.137576141155066,1.222340044853002,540.7684174270224,492.19158318332904,0.3703083943719037,9.405365980287812,15.718196649346709,24038175.0,1.1858512553469638,553.719970703125,493.25,0.08534238631935781,0.0,0.0038025843217241156,-0.08877254827224375
2025-11-17,MSFT,508.45001220703125,512.1199951171875,504.9100036621094,507.489990234375,19092800,-0.005272653730103771,0.002944644731966317,-0.01799568139550234,45.540967066368076,-3.474973218178855,-3.0939089386170053,-2.0075859208958784,-1.086323017721127,512.1354889481632,512.6641666995711,480.37755542501685,-0.009070839287723011,-0.010092721124837665,0.056439845082625076,0.9989687639867394,9.928462949292427,1.1921810813673184,540.61595918004,491.4140426510147,0.3267341745494147,9.534977944774857,15.595084989152742,24259535.0,0.7870225047594688,553.719970703125,493.25,0.09109535430915482,0.0,-0.008886833897874563,-0.08394249424754856
2025-11-18,MSFT,495.3699951171875,502.9800109863281,486.7799987792969,493.7900085449219,33815100,-0.026995570263614543,-0.029271810067729276,-0.04611128122309904,37.364656659625155,-4.6387650155313676,-4.14893352058391,-2.435855440833485,-1.7130780797504248,510.38830033833074,511.9240036346829,480.51101266999103,-0.03252090963371614,-0.03542321704200002,0.027635154085533235,0.9970001342280307,10.698572128277121,1.2762205256290142,541.2366170309417,488.40638834015203,0.1019041624120096,10.261853558020167,16.991951189514783,25170980.0,1.3434161085504022,553.719970703125,486.7799987792969,0.121367304159924,0.0,0.0028352009401928033,-0.058526890776193656
2025-11-19,MSFT,490.1000061035156,495.19000244140625,482.8299865722656,487.1199951171875,23245300,-0.013507793418885194,-0.046993032912461374,-0.0642025287602419,34.14998214041806,-5.784970404980746,-5.460319281082889,-3.040748208883366,-2.4195710721995227,508.1722712696504,510.95129741831056,480.5767736893661,-0.041427439753579064,-0.04664104469748038,0.013615350940889946,0.994561074288875,10.817246681195943,1.2812895705280545,542.0213162332793,484.27969084679876,0.04918989119855573,11.252376249880308,18.541801818026748,25385110.0,0.9157060969993827,553.719970703125,482.8299865722656,0.13672190887979307,0.0,0.013241115683373984,-0.04563553270565723
2025-11-20,MSFT,492.7099914550781,493.57000732421875,475.5,478.42999267578125,26802500,-0.01783955191434028,-0.0493950117170302,-0.08093208291148113,30.47165820016221,-6.979959018761964,-7.118751974451072,-3.8563489619969076,-3.2624030124541648,505.33967330832957,509.6759521342898,480.5554126842559,-0.053250678808527865,-0.061305539976262736,-0.004422840638923602,0.9914920866723201,11.33530101284043,1.331069476260282,543.3843358091352,478.7036707826617,-0.004231219743464441,12.656574504216017,20.411552934289524,26024060.0,1.029912319599632,553.719970703125,475.5,0.15736885057364186,0.0,0.03149887664846145,-0.02830085536990867
2025-11-21,MSFT,478.5,478.9200134277344,468.2699890136719,472.1199951171875,31769200,-0.013188967362399162,-0.07460111745852183,-0.09833653229474526,28.104489699780103,-6.909063863850539,-8.840330078209206,-4.853145185239367,-3.9871848929698386,502.1758944329827,508.20316950616814,480.471478181101,-0.05985133824420604,-0.07100147451666497,-0.017381849793726218,0.9881400285656556,11.286352684356292,1.3149839505653558,544.3974847691723,472.54152279918713,-0.005866286811047226,14.131813498196433,22.521174930317613,26835900.0,1.1838321055004677,553.719970703125,468.2699890136719,0.17283736429270052,0.0,0.04528510781990001,-0.015313862034069129
2025-11-24,MSFT,475.0,476.8999938964844,468.0199890136719,474.0,34421000,0.003982048848293118,-0.06599143013423425,-0.10821797376884723,29.852954674874482,-4.646953494244236,-9.938428430066438,-5.8702018342047815,-4.068226595861656,499.4924759155558,506.86186874122035,480.40708536337866,-0.05103675659744176,-0.06483397305627264,-0.013336783654080246,0.9854607472367821,11.114470698531735,1.2855588083243175,542.8641128666646,468.32289274856976,0.07616064296286083,14.743310525977721,24.492655983544086,27620215.0,1.24622491171774,553.719970703125,468.0199890136719,0.1681855922006853,0.0,0.04113924050632911,-0.01921937837882384
2025-11-25,MSFT,474.07000732421875,479.1499938964844,464.8900146484375,476.989990234375,28019800,0.006307996275052741,-0.03402259669054952,-0.12005832495897262,32.65797997038091,-3.991388590939519,-10.446985713479478,-6.78555861005972,-3.661427103419758,497.34938204115764,505.69042252526566,480.3730844168214,-0.04093579391458413,-0.05675494534298136,-0.007042638924188553,0.9835056388007976,11.33914988063996,1.3015634118391328,537.6137049616273,467.0652989446228,0.1406791712254993,14.043969415645833,26.484269852150856,27521870.0,1.0180921572553028,546.27001953125,464.8900146484375,0.14524419949113238,0.0,0.03461290614822462,-0.012809462413582898
2025-11-26,MSFT,486.30999755859375,488.30999755859375,481.20001220703125,485.5,25709100,0.01784106572434263,-0.003325659249109214,-0.1034991950076386,40.01067188656993,-4.051383399209486,-10.04751288341447,-7.437949464730671,-2.6095634186837984,496.2208694658093,504.8986412497651,480.4240985022262,-0.02160503542978853,-0.0384208624561714,0.010565459796039553,0.9828128438561908,11.337782555181303,1.2910199008537524,530.5543317814421,468.51967334551097,0.27372322315639364,12.418431090707507,26.97708931281226,27006175.0,0.9519711695565921,534.969970703125,464.8900146484375,0.10189489331230668,0.0,0.016477857878475798,-0.03011327521562822
2025-11-28,MSFT,487.6000061035156,492.6300048828125,486.6499938964844,492.010009765625,14386700,0.013408876963182381,0.028384543815685337,-0.06419278639135217,44.96134557941076,-3.27710606868339,-9.100717005240483,-7.7705029728326345,-1.3302140324078486,495.8198352086489,504.3932047209753,480.5393812013645,-0.007683890745154747,-0.02455067760518406,0.023870319505517976,0.9830026070294303,11.037227007154959,1.247204064135916,526.5633666292317,469.13563849772146,0.39831579643061843,11.535158282936749,26.867506758329068,25674355.0,0.5603529280482411,529.3200073242188,464.8900146484375,0.07583178556949836,0.0,0.0030283738232983817,-0.042946290651440275
2025-12-01,MSFT,488.44000244140625,489.8599853515625,484.6499938964844,486.739990234375,23964000,-0.010711203891482723,0.03096669335845137,-0.06000271812191682,41.94367355263013,-4.773647868450459,-8.675613906540207,-7.95152515957415,-0.7240887469660571,494.9550880682419,503.7009217999322,480.60107880368304,-0.016597663165620807,-0.03367262363735352,0.012773403351430231,0.9826368518436718,10.774569068725365,1.2096327072422286,523.8610619066781,468.7309424878532,0.3266644066142251,11.10831422674083,26.919266142124282,25172235.0,0.9520012823652727,524.9600219726562,464.8900146484375,0.07852248121194534,0.0,0.013888338540603415,-0.03258410171706993
2025-12-02,MSFT,486.7200012207031,493.5,486.32000732421875,490.0,19562700,0.00669764110414528,0.03375527426160341,-0.05227941853519413,44.4283913200047,-2.640626342522684,-7.983630769200488,-7.957946281499417,-0.02568448770107068,494.48317491888554,503.16363074895446,480.6946004076265,-0.009066385159860989,-0.026161729394790497,0.019358236153438225,0.9827482447068976,10.5178136120865,1.1734086553846719,520.9151427099646,468.9738587548792,0.40480595865328456,10.494365303225385,26.479942221641842,25031635.0,0.7815190657741694,515.5499877929688,464.8900146484375,0.05214283223054836,0.0,0.004693852638711735,-0.039020398198341834
2025-12-03,MSFT,476.32000732421875,484.239990234375,475.20001220703125,477.7300109863281,34615100,-0.025040793905452774,0.001551438745264866,-0.07116054845603592,37.86052761911489,-6.360496717885808,-8.329299733695052,-8.032216971938544,-0.29708276175650816,492.88763549673723,502.16623389551813,480.66510200542456,-0.03075269781343382,-0.04866162091311423,-0.0061063118725505116,0.9815228548387177,10.823683196435232,1.1991186716237099,518.5150264614217,467.7139743930705,0.19716199144421998,10.302080353414063,26.91873273148374,25714455.0,1.3461339157294991,514.8300170898438,464.8900146484375,0.07765893967372564,0.0,0.030498349426612836,-0.014338655612974796
2025-12-04,MSFT,479.760009765625,481.32000732421875,476.489990234375,480.8399963378906,22318200,0.006509922508618482,-0.009598359757176933,-0.05189685135690281,40.27070915230169,-5.2513339000394,-8.257112202234907,-8.077196017997817,-0.17991618423709,491.74024129113275,501.32991085404257,480.6668422475387,-0.02216667264127496,-0.04087111914237518,0.00036023722697886877,0.9808715391695375,10.395564188821554,1.1444164262985463,516.8771115230196,466.7198885990507,0.2815169364588618,10.198734424310787,27.326181062051212,25679150.0,0.8691175525669658,513.5,464.8900146484375,0.0679228098969513,0.0,0.023833274150150116,-0.020713733322797776
2025-12-05,MSFT,482.5199890136719,483.3999938964844,478.8800048828125,483.1600036621094,22608700,0.004824905045104577,-0.017987451327934223,-0.02804265192164046,42.075634218879856,-2.1527379450500668,-7.92138506537276,-8.046033827472806,0.12464876210004583,490.92307580265435,500.61736547396674,480.69164982380306,-0.0158132149886261,-0.03487166649788371,0.0051350046109831125,0.980635330813714,9.975880247739434,1.0919135379682288,516.3264290156476,465.8765708622821,0.34258635073435384,10.272796592890778,27.406727227786373,25439260.0,0.8887326125052379,513.5,464.8900146484375,0.06279492529996,0.0,0.018917095913533615,-0.025416008540070933
2025-12-08,MSFT,484.8900146484375,492.29998779296875,484.3800048828125,491.0199890136719,21965900,0.01626787253081341,0.008793193214381212,-0.011674284902060794,47.827759895839414,0.8006228312484166,-6.941071410836173,-7.825041344145481,0.8839699333093076,490.9323056322751,500.24099776964147,480.7944193679809,0.00017860584930110137,-0.0184331328241429,0.021268070580213475,0.9813915848983373,9.916173382248003,1.079320748707548,515.899777327514,465.723220719361,0.5041551275003293,10.223182771387547,26.320572008323417,25336565.0,0.8669644050012304,513.5,464.8900146484375,0.045782272594409895,0.0,0.0022402470940648335,-0.041016627798219026
2025-12-09,MSFT,489.1000061035156,492.1199951171875,488.5,492.0199890136719,14696100,0.002036576967077819,0.004122426558514025,-0.027628480210134643,48.528086045981546,2.840540214020443,-6.0141467936256845,-7.462862434041522,1.4487156404158377,491.03589452574147,499.9186052694074,480.90611657838576,0.0020041192485141532,-0.015799804553141072,0.023110274650612748,0.9822316860184068,9.46644636331511,1.0257484030942157,514.2293241031152,465.99567284512693,0.5395468825146195,9.841342836217251,25.311999304536386,24766295.0,0.5933911390460301,513.5,464.8900146484375,0.04365678522408814,0.0,-0.004755896894720679,-0.04296570180662305
2025-12-10,MSFT,484.0299987792969,484.25,475.0799865722656,478.55999755859375,35756200,-0.027356594763681685,0.0017373548933048433,-0.059212069573935766,40.62367470866636,1.3640605159727965,-6.293118029622235,-7.228913553157666,0.9357955235354307,489.8477138622036,499.0810128101598,480.8827721105272,-0.02304331730898943,-0.041117603605112046,-0.004830230331893774,0.9814993984724694,10.000271797464478,1.0776947152720573,511.63454302635773,465.5784544101657,0.2818637782424298,9.426008196167833,25.511727581486735,25655105.0,1.3937265117410356,513.5,464.8900146484375,0.07301070423699216,0.0,0.023236365709455257,-0.017552645309548465
2025-12-11,MSFT,476.6300048828125,486.0299987792969,475.8599853515625,483.4700012207031,24669200,0.010259954210878552,0.005469605072046413,-0.054133921498526805,44.19455012284484,1.9978905528909547,-6.048287588714857,-6.992788360269104,0.9445007715542477,489.2403126582511,498.46881627723997,480.9085156837628,-0.011794431669368024,-0.03008977606373419,0.0053263468069355375,0.9814862970006591,10.012396199626613,1.073354188815736,507.871469697293,466.574526396457,0.40912168005190164,8.475983988108641,25.466346011070222,25559820.0,0.9651554666660407,513.5,464.8900146484375,0.06211346868156185,0.0,0.012844626221686247,-0.028895280338863974
2025-12-12,MSFT,479.82000732421875,482.45001220703125,476.3399963378906,478.5299987792969,21248100,-0.01021780550795981,-0.00958275694949784,-0.049196306990495375,41.490936358671505,0.3228597195855562,-6.181616781749028,-6.830554044565089,0.6489372628160606,488.2202827650174,497.68690186555597,480.8848488488925,-0.019848179864302064,-0.03849187715097645,-0.0048969105082692435,0.9809787658364035,9.806511105568461,1.046803086603227,505.57358307788365,466.39641203930387,0.3097106406188552,8.06139515322308,25.424205981397744,25358570.0,0.8379060806662205,512.1199951171875,464.8900146484375,0.07019412873503593,0.0,0.02330051182773783,-0.018870287761126564
2025-12-15,MSFT,480.1000061035156,480.7200012207031,472.5199890136719,474.82000732421875,23727700,-0.0077528921165697096,-0.032992509575821116,-0.0693088436614443,39.53485673142202,-2.1997925181835734,-6.51158493473929,-6.766760222599929,0.2551752878606397,486.9440660563699,496.79016090315065,480.82450216705496,-0.024898257474088595,-0.04422421236964663,-0.012487913606262162,0.980180575982258,9.691761184244374,1.0300526248707236,500.92212446978186,467.51187211224936,0.21873929995388772,6.899851198006241,25.70209411965562,25119670.0,0.9445864535640794,512.1199951171875,464.8900146484375,0.078556057490432,0.0,0.03133820111470591,-0.01120426107189312
2025-12-16,MSFT,471.9100036621094,477.8900146484375,470.8800048828125,476.3900146484375,20705600,0.003306531527738965,-0.031766949949669776,-0.06128194877612181,40.806659012055974,-3.1747311654550026,-6.570658146292658,-6.727539807338475,0.15688166104581747,485.9389183032335,495.9901551676717,480.7803779131384,-0.01965041962092303,-0.039517196692358175,-0.009131743861422932,0.9797350073187615,9.500207511485845,1.006646388555784,495.82691727155117,469.49708175188636,0.2617917188051957,5.455129168300215,26.09437676864329,25200310.0,0.8216406861661623,502.9800109863281,464.8900146484375,0.05581560385457122,0.0,0.027939287452143923,-0.014462970332243714
2025-12-17,MSFT,476.9100036621094,480.0,475.0,476.1199951171875,24527200,-0.0005668035075194755,-0.0050986343485750485,-0.03578446935328561,40.648302796544655,-2.1818620475531016,-6.563601301469305,-6.694752106164642,0.1311508046953369,485.00378276170534,495.21093320490763,480.73400594501953,-0.01831694506366902,-0.03855112399107851,-0.009597845733342436,0.979388277279856,9.178764117808285,0.9703598973798044,494.1876008694392,469.3693968112248,0.2720018857983541,5.151372283726489,26.125679815320787,24735915.0,0.9915622688709919,495.19000244140625,464.8900146484375,0.040052943627215246,0.0,0.028522257475242764,-0.013904047687722335
2025-12-18,MSFT,478.19000244140625,489.6000061035156,477.8900146484375,483.9800109863281,28573500,0.016508476749030443,0.001054894335402956,-0.006446017741694177,47.08543241091906,-1.228569186463648,-5.856263746289187,-6.527054434189552,0.6707906879003644,484.90628068785986,494.77050488261045,480.7663045026445,-0.0019102035556598335,-0.021809088839769186,0.006684550172475585,0.9800630310469053,9.485996036988272,0.9992641284305768,493.8342074750516,469.4087917925266,0.5965597221842337,5.071496123220697,24.814595689832583,25002325.0,1.1428337164643687,493.57000732421875,464.8900146484375,0.019814860366540038,0.0,0.011818672446917871,-0.02991861369815368
2025-12-19,MSFT,487.3599853515625,487.8500061035156,482.489990234375,485.9200134277344,70836100,0.00400843505386228,0.015443158563285486,0.0156554163965823,48.56813790477606,1.714357953877977,-5.0805858231578895,-6.23776071198322,1.1571748888253302,485.002826663086,494.4234267863408,480.8175851884663,0.0018910957096039732,-0.017198645731406823,0.010611983414184126,0.9809462909464304,9.191283167856296,0.9653263080880748,494.25355057102536,469.73845077174803,0.6600651348954881,5.08616249203925,23.59716043045068,27204005.0,2.6038849794359322,493.5,464.8900146484375,0.015599247536226244,0.0,0.007779055554086646,-0.041097301343553425
2025-12-22,MSFT,486.1199951171875,488.7300109863281,482.69000244140625,484.9200134277344,16963000,-0.002057951869374297,0.021271231093299425,0.027111790313752104,47.82424540768237,0.8485186592041909,-4.494734620440738,-5.889155493674724,1.3944208732339858,484.99493968829063,494.05074390953274,480.8584053699516,-0.00015448874704632784,-0.018481361670554038,0.008446578062117804,0.9816702953433841,8.96619212336098,0.9401935226825154,494.07330886761474,471.1986943062134,0.5998491946034517,4.739516837987489,22.34721963455439,26463695.0,0.6409913657182037,493.5,464.8900146484375,0.01769361200750739,0.0,0.009857293258549367,-0.057225932590087805
2025-12-23,MSFT,484.9800109863281,487.8299865722656,484.739990234375,486.8500061035156,14683600,0.003980022730220467,0.021956781488791988,0.027109717517965537,49.43399280579597,0.7637226619417772,-3.830552813743111,-5.477434957688401,1.64688214394529,485.1716126802168,493.768362034787,480.91802328769853,0.0034593809271464175,-0.014011339047243273,0.012334706807751316,0.9825895095442232,8.54646385297024,0.895180068187366,494.1318992125565,472.42510457162314,0.6645339291454334,4.4915705035396405,21.186560324079263,25476825.0,0.5763512525599246,493.5,464.8900146484375,0.013659225250313375,0.0,0.0058539715883451126,-0.0635719663531247
2025-12-24,MSFT,485.67999267578125,489.1600036621094,484.8299865722656,488.0199890136719,5855900,0.0024031691393415766,0.024993686504502843,0.023124172425247558,50.43237233449945,-0.6109730901233165,-3.1731974588109324,-5.016587457912908,1.8433899991019755,485.44288661673636,493.5429356418021,480.9886896133301,0.0053087653933843034,-0.011190407620662606,0.014618429813795117,0.9835879546841584,8.245289084175491,0.863378375639737,494.46799454190864,473.19200912020074,0.6969350467002173,4.397409284498467,19.90811141411152,24368630.0,0.24030485094976614,493.5,470.8800048828125,0.011229070754670648,0.0,0.0034425294684236984,-0.0658169661904723
2025-12-26,MSFT,486.7099914550781,488.1199951171875,485.9599914550781,487.7099914550781,8842200,-0.0006352148796615609,0.0077068895079952515,0.00455199063867795,50.14983881102086,-0.8759801745522147,-2.646742812654395,-4.5426185288612055,1.8958757162068105,485.65880136324506,493.31419273251885,481.05556823862116,0.004223520887658919,-0.011360308217362357,0.013832961628158747,0.9844817127055057,7.810625839742197,0.8182546528088352,494.6909029504261,473.19009985719106,0.6753185699586991,4.442860853940885,18.72098028342719,23525285.0,0.3758594210442084,493.5,470.8800048828125,0.011871826795361373,0.0,0.004080336238377887,-0.07879681234564363
2025-12-29,MSFT,484.8599853515625,488.3500061035156,484.17999267578125,487.1000061035156,10893400,-0.0012507132563402967,0.002428368132971981,-0.009979479207035458,49.56146874210642,1.784522022001276,-2.252775835161742,-4.084649990121314,1.8318741549595714,485.7960589575565,493.07049913922464,481.11571189896836,0.00268414517144742,-0.012108801978889343,0.012438367853186895,0.9852466529748414,7.550582096027353,0.7919024602860706,493.90789273109857,473.4821097103077,0.666701314674038,4.222864195255731,17.891380968071907,23350620.0,0.4665143794897095,493.5,470.8800048828125,0.013138973139582085,0.0,0.005337725458708138,-0.09940466602549054
2025-12-30,MSFT,485.92999267578125,489.67999267578125,485.5,487.4800109863281,13944500,0.0007801372984006516,0.005279216134013609,0.0015203615211414334,49.955375039216676,0.8294226643845971,-1.8881258098914486,-3.6453451540753408,1.7572193441838921,485.95643534124906,492.8512643096993,481.17903825804655,0.0031352103486584604,-0.010898325138506564,0.013094861220663735,0.9860103250863964,7.309825708866917,0.7679137735421409,493.9939974279777,473.47000708862384,0.6826159857832664,4.242843194896701,16.885473931252722,22849645.0,0.610272063307767,493.5,470.8800048828125,0.012349201768276606,0.0,0.004554035387443583,-0.10010670634844866
2025-12-31,MSFT,487.8399963378906,488.1400146484375,483.29998779296875,483.6199951171875,15601600,-0.007918305945161852,-0.00663450949128952,-0.013020418128188771,46.02354150066147,1.0636734062388815,-1.888835736236274,-3.2940432705075278,1.4052075342712538,485.73391722467176,492.48925375313024,481.2033263859982,-0.004352016675225249,-0.018009039930013602,0.005022136379104669,0.9862832813569457,7.133411505052763,0.7505765642108215,493.26421768641956,473.56178634190076,0.5105059674822787,4.075693302089064,16.308691462029515,22651590.0,0.6887640117095533,492.29998779296875,470.8800048828125,0.017947960720023488,0.0,0.012571889399176892,-0.09292420266973597
2026-01-02,MSFT,484.3900146484375,484.6600036621094,470.1600036621094,472.94000244140625,25571600,-0.02208343902983856,-0.030900346116443878,-0.010026601709681948,37.28052224699633,-0.3959405361637987,-2.7198319804577977,-3.179201012497582,0.4593690320397843,484.515449150075,491.72261644678815,481.12110425719635,-0.023890769074493116,-0.03819758005256288,-0.017004246422365737,0.9853430225585443,7.659596397548994,0.806063455847328,493.77041033467924,472.57659283914893,0.01714696289773949,4.386378273212885,17.405626781210838,22199415.0,1.1519042281069118,492.29998779296875,470.1600036621094,0.040935394028042735,0.0,0.03543791956507515,-0.07244049898246778
2026-01-05,MSFT,474.05999755859375,476.07000732421875,469.5,472.8500061035156,25250300,-0.00019029123657554603,-0.030468896704838655,-0.016616733830852826,37.21636379087884,-0.7430904166902621,-3.347081372765558,-3.2127770845511776,-0.13430428821438056,483.4044545742122,490.98251408038533,481.03880477308013,-0.021833577185367516,-0.03693106670169714,-0.017023156111963526,0.9845655205860683,7.5817686065968335,0.7981051652512954,494.25798823065173,471.2900159197389,0.06792023965631178,4.757499826458225,18.489498505663374,22346020.0,1.1299685581593502,492.29998779296875,469.5,0.04113351261159785,0.0,0.035634991828311084,-0.07226395894399952
2026-01-06,MSFT,473.79998779296875,478.739990234375,469.75,478.510009765625,23037700,0.011969976925135795,-0.017634974810624704,-0.009624128365841034,43.77046261634521,0.5019773739704515,-3.348862440727089,-3.23999415578636,-0.10886828494072898,482.93831697339436,490.49339626412024,481.0136426337025,-0.009169508925118725,-0.02443129018610153,-0.005204910310587654,0.9845969806152933,7.682355865723845,0.8084681317971425,494.17216187261556,470.9108428881266,0.3266868436207622,4.820584109292401,18.974483120593618,22367470.0,1.029964497549343,492.29998779296875,469.5,0.028818577973108807,0.0,0.023385095845512474,-0.08323758391042343
2026-01-07,MSFT,479.760009765625,489.70001220703125,477.95001220703125,483.4700012207031,25564200,0.010365491533829152,-0.008225998349166042,-0.01537613124087811,48.81327450469694,-0.10537827059956968,-2.9164253557822235,-3.175280395785533,0.2588550400033096,482.98895356837613,490.21796900751565,481.03808401267764,0.0009959806508471013,-0.013765239573886479,0.005055560648627114,0.9852534670367628,7.9729018753149985,0.8379505696162012,493.14114706233283,471.1868589191125,0.5594871590215396,4.553282287156292,17.67297500457565,22547385.0,1.1337988862123036,492.1199951171875,469.5,0.017891480080758207,0.0,0.0005584400541712733,-0.12917039743800554
2026-01-08,MSFT,481.239990234375,482.6600036621094,475.8599853515625,478.1099853515625,18162600,-0.011086553158639045,-0.011393262936305715,-0.02827121656173781,44.20008598756536,-1.6072661879223824,-2.9719653687535583,-3.1346173903791383,0.16265202162558,482.5242899286796,489.7431461190469,481.00894870261686,-0.009148357231445381,-0.023753595858708752,-0.006026838708247478,0.9852599137985413,7.946981446302543,0.8346371018230552,491.5888649383366,471.3481406768978,0.334071280618495,4.203956051830557,16.738425220093298,22720710.0,0.7993852304791531,489.70001220703125,469.5,0.02424134029944256,0.0,0.011775543400694007,-0.1194076636904192
2026-01-09,MSFT,474.05999755859375,479.82000732421875,472.20001220703125,479.2799987792969,18491000,0.0024471637564189574,0.01340549817135872,0.001504516099081199,45.41281403155811,-1.1630814345174492,-2.888276668228059,-3.0853492459489225,0.1970725777208635,482.21530981921455,489.3328266155273,480.9917452207928,-0.006087137799540496,-0.020543947369647885,-0.003558785485414405,0.9854546508854881,7.923625279937183,0.8334613339892393,491.5882806854726,471.4207250518321,0.3896988742827661,4.188445905176081,16.333625226462296,21857450.0,0.8459815760758918,489.70001220703125,469.5,0.02174097282230351,0.0,0.009305607299360518,-0.12155735668922225
2026-01-12,MSFT,476.6700134277344,480.989990234375,475.67999267578125,477.17999267578125,23519900,-0.004381585104457186,0.009157209509092601,-0.013010132022752918,43.581970832988546,-1.9862407941879137,-2.9573156186012852,-3.0597425204793955,0.10242690187811032,481.7357558055543,488.85624489240007,480.9538173347728,-0.009456975270924015,-0.02388483800424561,-0.007846542688660535,0.9854343906593357,7.736937585555509,0.8155048317063571,491.40051535268117,470.97948953013133,0.3036332846121294,4.243859124034164,15.77642700081878,21799985.0,1.0788952377719525,489.70001220703125,469.5,0.026237519852926165,0.0,0.013747427929257134,-0.1438031689727846
2026-01-13,MSFT,474.67999267578125,475.7799987792969,465.95001220703125,470.6700134277344,28545800,-0.013642607292779108,-0.016384184610329644,-0.01642527191944676,38.41204936805783,-3.5551772420230603,-3.4970189457339416,-3.147197805530305,-0.34982114020363664,480.6818755790953,488.14305934476613,480.8514909277376,-0.020828457780521094,-0.03579492852051562,-0.021173850330295146,0.9847151698199151,7.98644064864083,0.8444654709687702,491.94849141922,469.6455149284362,0.045935505501765665,4.638751145193868,16.369065730269448,22164870.0,1.2878848375830763,489.70001220703125,465.95001220703125,0.04043172124076406,0.0,0.027768875079710938,-0.13196085175856834
2026-01-14,MSFT,466.4599914550781,468.20001220703125,457.1700134277344,459.3800048828125,28184300,-0.023987099714937177,-0.049827282514047,-0.032517590251548545,31.44527392566728,-5.8087771562242105,-4.780638827318967,-3.4738860098880373,-1.3067528174309295,478.6531259889731,487.01509642468955,480.6378443004249,-0.04026531962230319,-0.05674380885675561,-0.04422839289434943,0.9828301617401495,8.380266316595057,0.8888141390950964,494.39735222005436,465.6526538834613,-0.21821933656070072,5.9881668983591885,17.687914997241144,22387700.0,1.2589189599646233,489.70001220703125,457.1700134277344,0.06600201794144979,0.0,0.05302796180207433,-0.14597935662371875
2026-01-15,MSFT,464.1199951171875,464.25,455.8999938964844,456.6600036621094,23225800,-0.005921026583203148,-0.04486411567765225,-0.0414156686321151,30.032056704818757,-6.249230560456474,-5.948823859530648,-3.9688735798165595,-1.9799502797140889,476.5585429102242,485.82470063007855,480.39925882143666,-0.0417546585705911,-0.06003131773692171,-0.04941567815397289,0.9809269522363976,8.37810487280367,0.8913859221450424,496.6229757227978,461.45402928208506,-0.1363141664780144,7.341569885717793,19.013096204173397,22513710.0,1.0316291717358002,489.70001220703125,455.8999938964844,0.07235143932020084,0.0,0.05930010588863082,-0.14089255862551278
2026-01-16,MSFT,457.8299865722656,463.19000244140625,456.4800109863281,459.8599853515625,34246700,0.007007361415038327,-0.04051914012100699,-0.03415107521712657,33.80139776885646,-5.665878602669569,-6.541006483791023,-4.483300160611453,-2.05770632317957,474.9682040951136,484.8064765015093,480.1948879411394,-0.03180890555049789,-0.051456596310278595,-0.04234718673654323,0.9797068049144223,8.258953914394702,0.8816217890005484,497.67876359702603,458.7722404312943,0.027957906072323877,8.135601928769525,20.243621610610493,22999685.0,1.4890073494484817,489.70001220703125,455.8999938964844,0.06488937460530733,0.0,0.051928860182423264,-0.14687074365844097
2026-01-20,MSFT,451.2200012207031,456.79998779296875,449.2799987792969,454.5199890136719,26130000,-0.01161222221543845,-0.0474873297496059,-0.06087032791420066,30.817763447114203,-6.017122202828754,-7.3564084587123375,-5.0579218202316305,-2.298486638480707,473.02075503973816,483.61877110982937,479.93941631002036,-0.039111954029399855,-0.06016884338335396,-0.05296382508397387,0.9780860117448059,8.424741961385482,0.9017746549994167,498.55887273401714,454.9461290970375,-0.009770999204101799,9.147879361561461,21.95256946388674,22877510.0,1.1421697553623624,489.70001220703125,449.2799987792969,0.07740038731784156,0.0,0.06428760434521658,-0.13684762649147683
2026-01-21,MSFT,452.6000061035156,452.69000244140625,438.67999267578125,444.1099853515625,37980500,-0.022903291194518283,-0.056430253295178034,-0.08604302543795062,25.99968724152596,-6.095914268409887,-8.74185008779375,-5.794707473744055,-2.947142614049695,470.2673484027691,482.06940696244635,479.58290455918996,-0.055622324492755476,-0.07874264797276556,-0.0739661878486524,0.9755179266943242,8.954402988278707,0.9602441785760951,500.2419755622426,449.0820234611949,-0.09718613691842377,10.778185772965928,24.196198228386802,21234730.0,1.7886029160719257,489.70001220703125,438.67999267578125,0.1026548115538971,0.0,0.08923466301132801,-0.11661520734857203
2026-01-22,MSFT,447.6199951171875,452.8399963378906,444.70001220703125,451.1400146484375,25349400,0.01582947812197899,-0.01793719828201279,-0.06966097055990239,33.554583600622024,-4.591306159426253,-9.166887772505277,-6.4691435334962994,-2.697744239008977,468.4456975690232,480.8564896167989,479.29989072923223,-0.036942772685057586,-0.06179905150504012,-0.058752102025207524,0.9741902369713944,8.93837498813938,0.9597937825644224,500.03839585752195,445.90760328798586,0.09666238220565701,11.444795499623345,26.252145223555313,21654050.0,1.1706539885148506,489.70001220703125,438.67999267578125,0.08547235072606568,0.0,0.07226132581332177,-0.1303808250528514
2026-01-23,MSFT,451.8699951171875,471.1000061035156,450.5299987792969,465.95001220703125,38000200,0.03282794050120974,0.02034338122546786,-0.04292902050830116,46.05042533733846,-2.624813964653667,-8.214004241351404,-6.818115675067321,-1.395888566284083,468.2080132488335,480.2719218752394,479.16705611707107,-0.004822645016547785,-0.029820418425228142,-0.027583373567340107,0.974881086990672,9.769205869287905,1.0486006535233312,498.3763984468349,445.4796013090244,0.3869877195905806,11.208658344385784,25.4611925444514,22819880.0,1.6652234805792143,489.70001220703125,438.67999267578125,0.05097113290652159,0.0,0.03818001408150901,-0.15802125325430222
2026-01-26,MSFT,465.30999755859375,474.25,462.0,470.2799987792969,29291200,0.009292813518248622,0.022659100073184835,-0.0363509500302005,49.066356855404194,-2.7281945949289703,-7.028424150023341,-6.860177370058525,-0.1682467799648153,468.4053452041157,479.8800817538299,479.0786276858494,0.004002203634897181,-0.02000517074900747,-0.0183657303792774,0.97608832500866,9.946405450053053,1.0664190425913573,496.4402813202018,445.6417194122201,0.4850192297118063,10.784318534583688,24.365649486535574,23991645.0,1.2208916895861037,489.70001220703125,438.67999267578125,0.041294576588718955,0.0,0.028621228821162175,-0.16577356395644816
2026-01-27,MSFT,473.70001220703125,482.8699951171875,473.1600036621094,480.5799865722656,29213900,0.021901819808846534,0.057335206786273796,-0.01461935373015466,55.44675314425089,0.5166177859445648,-5.197803409514961,-6.527702577949813,1.329899168434852,469.5648348582252,479.90752900161175,479.09356658024166,0.023458212575407585,0.0014012232149240066,0.003102567213820038,0.9784485686963398,10.13523337061288,1.0855232520207132,495.3267910477774,446.04220919636316,0.7007825993132856,10.470831701199526,22.80302916933988,25010230.0,1.168078022473204,489.70001220703125,438.67999267578125,0.018977123246047226,0.0,0.006575395876653302,-0.18365304780492575
2026-01-28,MSFT,483.2099914550781,483.739990234375,478.0,481.6300048828125,36875400,0.0021848981228622666,0.08448362065434933,-0.01122972932080124,56.05116795308762,0.49032008627545015,-3.6205600192780025,-5.946274066215452,2.325714046937449,470.71389867009066,479.9750770753843,479.11880477230704,0.023190533025608816,0.0034479452923099497,0.005241288977790916,0.9807048764662418,9.821287432310173,1.051913893263959,494.4320395993598,446.3899605227105,0.733524548425097,10.21278819381688,21.437663270426473,26309330.0,1.401609239003806,489.70001220703125,438.67999267578125,0.016755615809655136,0.0,-0.08124494837553443,-0.18543279416390213
2026-01-29,MSFT,439.989990234375,442.5,421.0199890136719,433.5,128855300,-0.09993149179840488,-0.03910097547472913,-0.11073276805157461,33.57025034495,-9.153777053988833,-6.182998664082788,-5.9936189857889195,-0.18937967829386881,467.1697178443677,478.1525250332124,478.6648863168612,-0.07207170447546928,-0.09338552594720845,-0.09435596302955754,0.9770307451830714,13.449053749226636,1.4303215592145557,495.31790617946865,440.1060928439689,-0.11964998874111149,11.804660430593977,23.082807746809813,32054870.0,4.0198353635500625,489.70001220703125,421.0199890136719,0.1296424733726208,0.0,0.014071525036944924,-0.09499421609176759
2026-01-30,MSFT,439.1700134277344,439.6000061035156,426.45001220703125,430.2900085449219,58566800,-0.0074048245791883405,-0.07653182257298641,-0.11027250136616673,32.63026176117272,-8.579260146347172,-8.37621346011457,-6.47013788065405,-1.90607557946052,463.6573645777538,476.27556360229903,478.18354424947876,-0.07196554736754594,-0.09655241329109222,-0.10015722264078933,0.973506515998619,13.427692331173617,1.417499389910606,496.07956896271645,434.01143140349444,-0.05995705695247886,13.346680601098926,24.610441903451488,34203130.0,1.712322819578208,489.70001220703125,421.0199890136719,0.13806967970976458,0.0,0.0010457637419348706,-0.10967022590411754
2026-02-02,MSFT,430.239990234375,430.739990234375,422.25,423.3699951171875,42219900,-0.016082208023224243,-0.09974909369710261,-0.10481246472772221,30.638560922584148,-7.838828286575322,-10.551112579900462,-7.286332820503333,-3.264779759397129,459.82047224817603,474.2008354264123,477.63813580040124,-0.07927110542245554,-0.107192641833953,-0.11361768798522315,0.9696745300642372,13.074999324259428,1.373376483958433,498.25238169904634,426.8816179347427,-0.049202539420091354,15.429281334932131,26.180429269722854,35035545.0,1.2050590336185723,489.70001220703125,421.0199890136719,0.15667151157342563,0.0,0.0007322142857760707,-0.09840093568883647
2026-02-03,MSFT,422.010009765625,422.04998779296875,408.55999755859375,411.2099914550781,61424100,-0.02872193070447404,-0.14434640862173365,-0.13035849392575316,27.465997082209242,-9.952702632714141,-13.10488155471694,-8.450042567346054,-4.654838987370885,455.19090264883334,471.7306062510659,476.97715923975124,-0.09662080445330236,-0.12829486574330348,-0.13788326445127594,0.9649382436011991,13.198927769569023,1.379491634769299,501.2200201571093,417.749978011836,-0.07835130291866292,18.16599939314406,28.08921882918714,36844235.0,1.6671291994527773,489.70001220703125,408.55999755859375,0.19087576270754944,0.0,0.030325141606062818,-0.07173950198927176
2026-02-04,MSFT,411.0,419.79998779296875,409.239990234375,414.19000244140625,45012400,0.007246932341753887,-0.14002450378442555,-0.13441726612098004,29.395490451877947,-9.931280034126386,-14.718632649413507,-9.703760583759545,-5.014872065653963,451.28605501003074,469.47411198402045,476.352411410912,-0.08220075084704283,-0.11775752513590311,-0.13049668161726374,0.9612586583376725,13.01043275449936,1.355046245075642,501.41740387732625,411.12059355919723,0.033992439726221076,19.790257626923662,29.861666277261122,37942970.0,1.1863172545533467,489.70001220703125,408.55999755859375,0.182307659094951,0.0,0.022912166345003728,-0.07841814335178923
2026-02-05,MSFT,407.44000244140625,408.29998779296875,392.32000732421875,393.6700134277344,66289200,-0.04954245368724164,-0.09188001516093569,-0.1857405579792638,24.55224204675322,-13.3877446661883,-17.452156047780193,-11.253439676563675,-6.198716371216518,445.7988129545739,466.50140223671514,475.5297009832187,-0.11693346418163579,-0.15612255067139977,-0.17214421598951382,0.955621592597835,13.643258637548513,1.4140134743794077,502.70527736642055,400.852721290806,-0.07052064415289938,22.544774375740605,31.99490616610555,39979220.0,1.6580913784711158,483.739990234375,392.32000732421875,0.2287956251033442,0.0,0.07623130597818768,-0.030380830555314164
2026-02-06,MSFT,399.1700134277344,401.7900085449219,392.9200134277344,401.1400146484375,53515300,0.01897528632079659,-0.06774499364988429,-0.16098800079761488,29.12993933297402,-9.675524559329483,-18.79902293148399,-12.762556327547738,-6.036466603936251,441.5455940682752,463.93821056658663,474.7895050992905,-0.09150941593041867,-0.13535896481011214,-0.15512029996419338,0.9517336231672633,13.302311243237012,1.3724529044875713,501.8604481305658,394.00055345634826,0.06619199113492026,24.079604867977565,33.97577177717538,41746855.0,1.281900157508871,483.739990234375,392.32000732421875,0.2059130791485078,0.0,0.056189802074714426,-0.048437010729004464
2026-02-09,MSFT,404.8500061035156,414.8900146484375,400.8699951171875,413.6000061035156,45480500,0.03106145236096225,-0.023076715701044415,-0.1370388767381594,36.094890417504956,-8.3211436197199,-18.646067206556438,-13.939258503349478,-4.70680870320696,438.88410950020284,461.9641633327407,474.1806543630142,-0.05760997686947577,-0.10469244384740198,-0.12775858251931183,0.9500392981437504,13.353576120952226,1.3720389139819582,498.5395338609626,390.7534684583734,0.21196188542376668,24.24084415855649,34.50174626000206,43096330.0,1.0553218800765634,483.739990234375,392.32000732421875,0.1695840983941006,0.0,0.024371340482385803,-0.07710351590385635
2026-02-10,MSFT,419.6199951171875,423.67999267578125,412.70001220703125,413.2699890136719,44857900,-0.0007979136483889926,0.005009599964495903,-0.13393269760480686,35.99399100463552,-11.305938794557333,-18.340065455372155,-14.819419893754015,-3.5206455616181405,436.4446694538666,460.0545878692478,473.57457809088146,-0.05309878218742753,-0.10169358178180478,-0.12733916022332745,0.9486801804874243,13.184033574366353,1.3494990302144918,494.82539162325446,388.07661032987056,0.23600624174397722,24.18134312918942,34.21483243855879,44163230.0,1.0157296012995427,483.739990234375,392.32000732421875,0.1705180707384287,0.0,0.007718930786674466,-0.07636653615694722
2026-02-11,MSFT,416.17999267578125,416.4599914550781,401.010009765625,404.3699951171875,42491000,-0.021535543671403534,-0.023708943398767723,-0.14086305993387116,33.29121232762962,-14.015055676021007,-18.601287921766414,-15.575793499356495,-3.0254944224099187,433.3899385646591,457.8708783495592,472.88597527522285,-0.06696035340271729,-0.11684709764731223,-0.1448890086413716,0.9465330927506352,13.345887011158267,1.359640155894635,492.0722468159786,384.1997533060917,0.18698225242422103,24.620778364448388,34.440438282651286,44860490.0,0.9471809157679731,483.739990234375,392.32000732421875,0.19628062436775426,0.0,0.017904370556170546,-0.0560377969081075
2026-02-12,MSFT,405.0,406.20001220703125,398.010009765625,401.8399963378906,40802400,-0.006256643197682599,0.020753378798194833,-0.12525579679855736,32.5431204153257,-16.38436731333479,-18.795792173594577,-16.21979323420411,-2.575998939390466,430.3851821621097,455.67358885890553,472.1790501116673,-0.06632474120232863,-0.11814069069884975,-0.14896690938986346,0.9445032424193733,12.977609541890265,1.3162129187488791,490.47882050688884,380.0391787606893,0.1974002924357687,25.37331608056798,34.769170585376536,45491395.0,0.8969256713275116,483.739990234375,392.32000732421875,0.20381244934020418,0.0,0.0278966542833932,-0.05009457760866096
2026-02-13,MSFT,404.45001220703125,405.5400085449219,398.04998779296875,401.32000732421875,34091600,-0.0012940200537794322,0.0004487028698421103,-0.12118424187382448,32.38206016713174,-16.674625074103165,-18.77546508795683,-16.730927604954655,-2.044537483002177,427.61707027278675,453.5420758575452,471.47398500930467,-0.06149675674030607,-0.11514272062759838,-0.14879713391546145,0.9428388082059617,12.585638914037613,1.2711268587616071,488.6825142336912,376.3014854000978,0.22262228940052461,25.984533559273356,35.0744220093357,46034685.0,0.7405633382741731,483.739990234375,392.32000732421875,0.20537222517184525,0.0,0.029228496597912133,-0.04886378827681539
2026-02-17,MSFT,399.2200012207031,400.5199890136719,394.5299987792969,396.8599853515625,32078800,-0.011113380572260079,-0.040473937391005355,-0.13699822121256444,30.96643618504818,-8.452137173803346,-18.901359123091254,-17.165013908581976,-1.736345214509278,424.68782408981303,451.3192487788793,470.7315571520137,-0.06552539809185919,-0.1206668307958622,-0.156929295854698,0.9409920477331223,12.171665316243631,1.2259780856403955,486.10299588770545,372.58100374608364,0.21387029197999066,26.44092406287682,35.510277762473095,45926290.0,0.6984844628207504,483.739990234375,392.32000732421875,0.2189185306899831,0.0,0.04079525031243492,-0.03817465719821462
2026-02-18,MSFT,398.1300048828125,402.55999755859375,396.32000732421875,399.6000061035156,23223400,0.006904250499142339,-0.03307760852120334,-0.12083073184379634,32.906975053559194,-7.132399505437795,-18.566016792934363,-17.445214485452453,-1.1208023074819096,422.29850809111804,449.291043183767,470.0237805246655,-0.05374989859709562,-0.1105987707391862,-0.14983023697766729,0.9399219381241715,11.7479742389673,1.180087219801514,483.53262894996345,369.65937239281,0.2629294587327298,26.69346556881384,35.699408427928134,45780960.0,0.5072720187606377,483.739990234375,392.32000732421875,0.21056051763188124,0.0,0.033658612322365514,-0.044769805743704434
2026-02-19,MSFT,400.69000244140625,404.42999267578125,396.6700134277344,398.4599914550781,28234000,-0.002852889467029107,-0.01461533677936866,-0.10278983900879268,32.497662151527805,-5.883743285873238,-18.18264699860771,-17.592700988083504,-0.5899460105242049,420.0281731733999,447.2976686061714,469.3117030214855,-0.05134936915152538,-0.10918384015565454,-0.15096941139599834,0.9390350155015402,11.463117453901557,1.1480430771764172,481.9148854334824,366.7121165196426,0.27558256832506994,27.150389664410696,35.67105774214063,45293635.0,0.6233546943185284,483.739990234375,392.32000732421875,0.21402399389679005,0.0,0.03661596308480442,-0.04203684274256271
2026-02-20,MSFT,396.1099853515625,400.1199951171875,395.1600036621094,397.2300109863281,34015200,-0.0030868355547025716,-0.011472191403481324,-0.11949727781101427,32.034684118896166,-3.399718090331766,-17.773194496302153,-17.628799689727234,-0.144394806574919,417.856919631774,445.334231052452,468.59447225496655,-0.04936356842821412,-0.10801824048521888,-0.15229471428721467,0.9382995747806266,10.998608453985597,1.0991389331475208,478.9907061964462,364.2452953904679,0.28745999830558544,27.215491414037125,35.72632812618427,45726925.0,0.7438768296796691,483.739990234375,392.32000732421875,0.21778309003703186,0.0,0.03982573413161655,-0.03907061174132729
2026-02-23,MSFT,395.0,395.3599853515625,383.1000061035156,384.4700012207031,43238300,-0.032122471647954565,-0.04198645917471744,-0.17486856712458865,27.636016169818916,-7.175451132456412,-18.267747366154765,-17.75658922501274,-0.5111581411420261,414.67721311643396,442.94739851003055,467.75741284169027,-0.07284512131427177,-0.1320188299694982,-0.1780568502698964,0.9361771048014015,11.222279627473231,1.1175694142879402,473.29493503999566,361.79306544828563,0.203377179732092,26.704220280141538,36.376175647158526,45988830.0,0.9401913464639131,483.739990234375,383.1000061035156,0.2581995700535454,0.0,0.07433606388410893,-0.007178738931156893
2026-02-24,MSFT,384.1400146484375,389.3599853515625,381.7099914550781,389.0,33884700,0.01178245055508631,-0.019805436782949104,-0.17283320360269394,31.24540936356864,-1.1862761369787806,-18.085670682179057,-17.822405516446004,-0.2632651657330527,412.2317642482021,440.83181425473526,466.97375699251927,-0.05635607506027694,-0.117577299502218,-0.1669767429645264,0.9351225363466904,10.967116360974028,1.0900599229559609,464.9468559530931,362.01314465725847,0.2621770361041436,24.894483704136285,37.04306362823481,46218505.0,0.7331414116488623,483.739990234375,381.7099914550781,0.24354753273618188,0.0,0.061825161421513494,0.002262223349132391
2026-02-25,MSFT,390.5299987792969,401.4700012207031,390.1600036621094,400.6000061035156,43625500,0.029820067104153303,0.002502502464279077,-0.16642386845779167,39.558992402145236,-0.13461846866489824,-16.811556888103667,-17.62023579077754,0.8086789026738721,411.123977758232,439.2540962880208,466.3133216602904,-0.025598048822404466,-0.08799938466404059,-0.1409209484361393,0.9359593484329292,11.074465279526107,1.0984106811585135,450.92453486954884,368.0374676939277,0.3928542717115859,20.241981170352698,36.296336999944266,46939085.0,0.9294066980640974,483.739990234375,381.7099914550781,0.20753864918657958,0.0,0.031078336245047463,-0.02675986284916097
2026-02-26,MSFT,404.7099914550781,407.489990234375,398.739990234375,401.7200012207031,34405900,0.002795794059219592,0.00818152345413714,-0.1659157503726385,40.30946459955612,-2.8723415637085794,-15.532390551339006,-17.202666742889832,1.6702761915508262,410.228360945134,437.78217099126323,465.67060205392636,-0.020740544863422555,-0.08237468805297625,-0.13733012251827179,0.937060456382359,10.908432045274242,1.0795830094068894,430.47872557358045,380.4922766236852,0.4246695863172015,12.327555193579224,35.00935477581256,46815610.0,0.7349236718265553,442.5,381.7099914550781,0.10151348863730693,0.0,0.02820369047554837,-0.03649308876222779
2026-02-27,MSFT,390.8800048828125,396.82000732421875,389.8800048828125,392.739990234375,51367200,-0.022353905603506474,-0.011303327109662087,-0.09402539738321802,36.40623497107692,-4.967696499882477,-15.06954155647162,-16.77604170560619,1.7065001491345697,408.5628018298236,436.01581096158134,464.94492432437863,-0.03872797896573848,-0.09925287028414527,-0.15529782198381023,0.9370366660071012,10.974972351889699,1.0834165512785718,425.4378317900639,381.45716943063917,0.2565404929905064,10.901210762959005,34.364426056486785,42941205.0,1.1962216710034104,439.6000061035156,381.7099914550781,0.11931562110895787,0.0,0.051713596943548774,-0.03213320627129486
2026-03-02,MSFT,392.8599853515625,401.19000244140625,390.6300048828125,398.54998779296875,35474900,0.014793496213936663,0.036621808015089075,-0.07376425229878303,40.425626571466935,-1.439277739321904,-14.071702321556927,-16.235173828796338,2.163471507239411,407.60920049298034,434.5465629941848,464.28427818973773,-0.022225240963783338,-0.08283709564559984,-0.14158198647834763,0.9380104117828084,10.945331295225703,1.0774164263663017,420.14145841346794,383.57954073203985,0.409454645989022,9.098161605905442,33.3365728812954,41786610.0,0.848953767726073,430.739990234375,381.7099914550781,0.0807677918136774,0.0,0.03638188544502525,-0.0462426125712364
2026-03-03,MSFT,393.1400146484375,406.70001220703125,392.6700134277344,403.92999267578125,38199200,0.013498946299321357,0.038380443896609995,-0.045917289051212284,43.95787913080947,0.5201065988795286,-12.700383986495638,-15.528215860336198,2.8278318738405606,407.2587997484852,433.3459131777768,463.68373803537,-0.008173689739202105,-0.06788092285510455,-0.12886745955932274,0.9398007166192184,11.165664686945073,1.0948226292023078,416.33968710122224,385.4373118001449,0.5984226356538889,7.708471393771887,31.861124018104267,41585575.0,0.9185685180498285,423.67999267578125,381.7099914550781,0.04889461133888243,0.0,0.022578157805943768,-0.07941966963075943
2026-03-04,MSFT,401.2699890136719,411.0299987792969,400.30999755859375,405.20001220703125,35808000,0.0031441575378865494,0.0114827908972297,-0.014615353160025157,44.79006797758289,0.9668107275992145,-11.37994345953598,-14.698561380176155,3.3186179206401754,407.0627247445372,432.2421523553947,463.1018104151876,-0.004575984054238681,-0.06256247800221254,-0.1250303862043751,0.9417469409828507,11.133831582213505,1.0881848496940711,415.4469772470225,385.72902372953996,0.6551927765159483,7.4185830532265085,30.097208380474882,40304770.0,0.8884308234484405,423.67999267578125,381.7099914550781,0.04560705802572352,0.0,0.019373088226677212,-0.0877838258949626
2026-03-05,MSFT,404.4200134277344,411.6099853515625,404.3999938964844,410.67999267578125,39001300,0.013524136978431578,0.022304071064053188,-0.008474395192871742,48.35375360451631,3.4823383143493682,-9.77857487868971,-13.714564079878867,3.935989201189157,407.4072264522747,431.3965774659981,462.5802002884273,0.008033157025725777,-0.04802213525175606,-0.1121972094358669,0.9443914201762178,10.853557287418122,1.0573560687138661,414.6965035867825,386.12849641321753,0.8594052820485887,7.13464419156869,28.405631868401336,40004215.0,0.974929766775826,423.67999267578125,381.7099914550781,0.03165481696660848,0.0,0.005770904742025101,-0.1107674857447655
2026-03-06,MSFT,409.20001220703125,413.04998779296875,408.510009765625,408.9599914550781,31123900,-0.004188178755669236,0.041299591648468414,0.0388395801199386,47.32129366462867,2.342338640790164,-8.549712699009376,-12.68159380370497,4.131881104695594,407.55510883349405,430.5167113479228,462.0466658721751,0.0034470985423422527,-0.05007173780862488,-0.1148946163628053,0.9466650145994605,10.402587340269951,1.0105941431362597,415.57195014081003,386.78204766192437,0.7703375796225403,7.176359202478583,26.69504591933166,38245950.0,0.8137828972740905,423.67999267578125,381.7099914550781,0.03599374395605149,0.0,0.0030565337101864285,-0.12825210970597953
2026-03-09,MSFT,404.9200134277344,410.2099914550781,403.5,409.4100036621094,30131900,0.0011003819846291396,0.027248817467740105,0.020616215564831508,47.636324714506316,2.748083230902177,-7.453597906972334,-11.635994624358444,4.18239671738611,407.73176548383833,429.6889973210282,461.52291798948784,0.004116034904171729,-0.04719458442117839,-0.1129151170962334,0.9488997112467691,10.138830491327678,0.9819325851854774,416.42582423031047,386.75517247379105,0.7635434291847151,7.388285300143956,25.546717484264168,37076780.0,0.8126892356887518,423.67999267578125,381.7099914550781,0.034855008148381786,0.0,0.001929626872463717,-0.12977212185235534
2026-03-10,MSFT,410.0299987792969,410.20001220703125,402.92999267578125,405.760009765625,31706400,-0.008915253325116002,0.004530530346907424,-0.01895550343857688,45.27151699812282,2.1473701743019764,-6.801044829090529,-10.669004665304863,3.867959836214334,407.5439792249609,428.7506056521888,460.9680631812902,-0.004377366738992206,-0.053622305329672715,-0.11976546278424662,0.9505385505054372,9.933915422750701,0.9589502676111207,415.1306034833494,387.26639358696315,0.6637050268940277,6.945242815744122,24.530460213759074,36388075.0,0.8713404047892064,423.67999267578125,381.7099914550781,0.04416399467386434,0.0,0.008009660690508324,-0.12194403045018842
2026-03-11,MSFT,405.57000732421875,409.010009765625,401.5899963378906,404.8800048828125,25512100,-0.002168781697636457,-0.00078975151672811,-0.0203014599508744,44.69541656312471,5.308607588968459,-6.282480330472026,-9.791699798338296,3.50921946786627,407.2902673828515,427.8145036612329,460.40997304896706,-0.005917800382333559,-0.05360851159123192,-0.12060982910170047,0.9520253845937056,9.75435099453525,0.9380960161061024,413.7005375990088,387.8574610582178,0.6586887516169425,6.448211254602521,23.71005768786304,35420785.0,0.7202578937762107,416.4599914550781,381.7099914550781,0.028601033473157754,0.0,0.0030626116859831095,-0.12003557972091582
2026-03-12,MSFT,404.6300048828125,406.1199951171875,401.7099914550781,401.8599853515625,27263900,-0.007459048347235875,-0.021476593653253162,-0.00620721071279684,42.68777566414878,3.305908830735861,-6.045515625152973,-9.042462963701233,2.99694733854826,406.7730976655859,426.7966794137949,459.82738610670435,-0.012078262653599911,-0.05842757281167903,-0.12606339358328303,0.9530840263900077,9.372611899361972,0.8982354549875269,413.4815074850403,387.82549019562373,0.5470254793493677,6.403542553272694,22.948255342388148,34659430.0,0.7866228613684645,413.04998779296875,381.7099914550781,0.027845525429999653,0.0,0.007315987031737492,-0.11342255570031565
2026-03-13,MSFT,401.0,404.79998779296875,394.25,395.54998779296875,26848000,-0.015701980263283843,-0.03279050259756866,-0.01565301762453941,38.76931660346475,-1.2606136379443644,-6.294326380643781,-8.492835647089743,2.198509266445962,405.70423005867,425.57131895807623,459.1878100040801,-0.025028682260061257,-0.07054359593265933,-0.13858778657592363,0.9533166639423736,9.456710177476742,0.9025810068376792,413.34245077980495,387.33554604636697,0.3158561863011782,6.496220662120707,22.934146409490857,33961710.0,0.7905373433787639,413.04998779296875,381.7099914550781,0.04424219577819699,0.0,0.022373925866855864,-0.09927945955145832
2026-03-16,MSFT,398.07000732421875,400.6300048828125,394.7900085449219,399.95001220703125,27733700,0.011123813803188609,-0.023106400357734147,-0.0034137224463884897,42.7178998521758,-0.44060266063263587,-6.06653426851733,-8.00757537137526,1.9410411028579304,405.1562093108949,424.56656183058425,458.5983791802289,-0.01284985145042829,-0.057980424830007544,-0.12788611917476653,0.954281956553527,9.198373474649161,0.8744774972633113,413.26699014317285,387.27400717128023,0.4876702704517659,6.493854295805054,22.921045257514802,33643815.0,0.8243327934123998,413.04998779296875,381.7099914550781,0.03275403221929734,0.0,0.011126344677168366,-0.10918867882201465
2026-03-17,MSFT,400.2699890136719,404.3999938964844,397.75,399.4100036621094,26228300,-0.001350190094862036,-0.01564965977594368,0.006425486077382914,42.35688387413764,1.698328052550472,-5.862007976064319,-7.578461892313072,1.7164539162487529,404.6089516300582,423.5800301377029,458.0094401203471,-0.012849315238834105,-0.057061298351898174,-0.12794373068563814,0.95521252854749,9.016346361923105,0.8549668655980907,413.3079002360485,387.4880989094593,0.46173495302509915,6.448534047158152,22.37050243796661,33351290.0,0.7864253526625207,413.04998779296875,381.7099914550781,0.03415033175382962,0.0,-0.0035302161918363017,-0.10798428804326939
2026-03-18,MSFT,397.1300048828125,398.0,391.0,391.7900085449219,25908500,-0.019078127856892224,-0.032330557646775726,-0.019544538136394785,37.536230233361366,-1.6961433835392368,-6.242825927495687,-7.311334699349596,1.0685087718539084,403.3880999076643,422.33336262426053,457.3505403036762,-0.028751694374219768,-0.07232048609551181,-0.14334853898985808,0.9551414489282194,8.973036169079267,0.8486209179330437,413.4517444749947,386.5632549146537,0.19438628631551388,6.7219963577820145,22.50040851318961,33485545.0,0.7737219149337423,413.04998779296875,381.7099914550781,0.05426370960046877,0.0,0.0017866246565419151,-0.09063531226206217
2026-03-19,MSFT,390.1000061035156,392.489990234375,387.05999755859375,389.0199890136719,25138800,-0.007070163788856276,-0.03195141792148748,-0.02369121779813743,35.93514606665991,-3.691234603140017,-6.691014473959115,-7.1872706542715,0.4962561803123853,402.01970839395074,421.02695581600216,456.6706343206911,-0.03233602509740649,-0.07602118192241814,-0.14813881213897423,0.9548550344354698,8.719961633843694,0.8230711283559771,413.8016379111928,385.269361234315,0.131452103238447,7.1413620835667935,22.958901482629887,33330785.0,0.7542216602459259,413.04998779296875,381.7099914550781,0.061770601660400264,0.0,-0.004652710939565984,-0.08416017469278261
2026-03-20,MSFT,386.7900085449219,387.0,380.1199951171875,381.8699951171875,50853200,-0.018379502592174246,-0.0345847379546409,-0.038667813217338476,32.12599952835316,-5.75765458711872,-7.536278352828447,-7.257072193982889,-0.27920615884555744,400.10068808187805,419.49138872977414,455.92634935349207,-0.04556526271446878,-0.08968335137106072,-0.1624305205025264,0.9537756884435402,8.732821081175171,0.8231041263524953,414.9697935620113,382.56520399658245,-0.021454025146383716,8.12618622746976,23.921964596383244,34172685.0,1.4881242138275057,413.04998779296875,380.1199951171875,0.0816508054428647,0.0,0.01398380707091663,-0.06701232530730156
2026-03-23,MSFT,383.8999938964844,387.2099914550781,381.67999267578125,383.0,29680100,0.002959135038786531,-0.04238032676507886,-0.003823448425197884,33.328833409180476,-6.740039244530162,-8.022495778922575,-7.4101569109708265,-0.612338867951749,398.47205112169917,418.06035387762614,455.2007140365419,-0.038828447511300455,-0.08386433574107546,-0.15861291911494174,0.953144796979094,8.504048059612435,0.80070050426579,415.1661529020202,382.2218445345032,0.023620330917739588,8.263055996184484,24.782744024893304,33494775.0,0.8861113412465078,413.04998779296875,380.1199951171875,0.07845949815396519,0.0,0.030522199585917103,-0.06976501624204472
2026-03-24,MSFT,382.3599853515625,382.4700012207031,371.8500061035156,372.739990234375,42733600,-0.02678853724706265,-0.06677352390576707,-0.04179951096561696,28.406489923535403,-8.856612377125815,-9.130473221935915,-7.754220173163844,-1.376253048772071,396.0213786562397,416.2830847151457,454.38020932209247,-0.05878821113360567,-0.10459972091002999,-0.17967380051503457,0.9513270973458561,8.693044190817574,0.817311277184455,417.4926114559274,378.2693850040336,-0.14097246121351753,9.85802956823342,26.257377793290896,33937220.0,1.2591956559788928,413.04998779296875,371.8500061035156,0.10814508401217464,0.0,0.11168644624537333,-0.04415944595783311
2026-03-25,MSFT,376.9200134277344,377.05999755859375,369.6300048828125,371.0400085449219,31181200,-0.004560770869753483,-0.052962044838927635,-0.07378930880733792,27.67711017842396,-9.372021878794804,-10.030106815228294,-8.209397501576735,-1.8207093136515589,393.6422005503999,414.50884643396046,453.55095359296644,-0.057418112117743024,-0.10486829958637307,-0.1819221068645195,0.9496593472899836,8.602826225457836,0.8075142803404056,419.1732988212785,373.63269788282304,-0.0569313817664589,11.488460260840466,27.7618229470012,33315005.0,0.9359506324552556,413.04998779296875,369.6300048828125,0.11322223555565869,1.0,0.13416342613432752,-0.0397801030231434
2026-03-26,MSFT,370.82000732421875,374.7200012207031,365.19000244140625,365.9700012207031,36836600,-0.013664314379738696,-0.05925142266187944,-0.08899233269781637,25.56852644465293,-9.806291302069264,-11.025089766717258,-8.77253595460484,-2.252553812112419,391.0067529951907,412.6053623079504,452.67950133055587,-0.06403150734022096,-0.11302655114899007,-0.1915472201745126,0.9476531056408317,8.669052836446339,0.8126892700651506,420.793453150644,368.4375435534576,-0.04713015878702416,13.26757560608473,29.42026823307369,33436540.0,1.101686956844219,413.04998779296875,365.19000244140625,0.12864438728646854,1.0,0.17927694929288895,-0.026477586712257774
2026-03-27,MSFT,361.8999938964844,362.45001220703125,356.510009765625,356.7699890136719,37883400,-0.02513870584021738,-0.06572919167376057,-0.09158731505604345,22.255187487150295,-11.882536872391482,-12.412896873239902,-9.500608138331852,-2.9122887349080493,387.74610880647464,410.41573982582184,451.72517782491525,-0.07988763546370742,-0.1307107540147383,-0.2102056592649059,0.9447642260772722,8.725548452062894,0.8174563075649262,423.7701874132271,361.86380916880415,-0.08228263871326007,15.759597602382797,31.407098595440335,32762350.0,1.15630899492863,413.04998779296875,356.510009765625,0.15774869106812678,1.0,0.2096869127513047,-0.001373406534920803
2026-03-30,MSFT,361.8999938964844,365.3599853515625,356.2799987792969,358.9599914550781,44797000,0.0061384155305796995,-0.06276764633138876,-0.09933508355407628,24.754839867482445,-10.675358448279896,-13.184051569654116,-10.237296824596307,-2.9467547450578095,385.00457382062734,408.39786734069463,450.80214114461836,-0.06764746222906758,-0.12105321755848984,-0.20373050903517526,0.9427193543580553,8.750865460648802,0.819255936424941,424.97123819579383,356.7037587524484,0.033049890240962713,17.466972772538536,32.75732874841396,33228455.0,1.3481517572815227,413.04998779296875,356.2799987792969,0.15068530651182482,1.0,0.20230665490829636,0.011449788185252314
2026-03-31,MSFT,364.54998779296875,372.8999938964844,363.07000732421875,370.1700134277344,45244400,0.031229168262500107,-0.006894824472750138,-0.08357878805782237,36.0832602980709,-6.416375969784703,-12.743740230625406,-10.738585505802128,-2.005154724823278,383.5917585451137,406.8987358146962,449.99983141609215,-0.034989659757772844,-0.09026501965758912,-0.1773996619890797,0.9427204480669668,9.121518102131477,0.8525794617348823,423.86060914743973,354.4383898759978,0.2266079033029134,17.839472839756628,32.835975361120816,33580715.0,1.3473328367189323,413.04998779296875,356.2799987792969,0.11583859526645694,1.0,0.1716238389787869,-0.01626285034680489
2026-04-01,MSFT,373.489990234375,373.989990234375,368.20001220703125,369.3699951171875,29417200,-0.0021612185793732364,-0.00450089852650537,-0.08842550841666041,35.67051858942371,-7.645959784097775,-12.317358274898709,-11.054340059621444,-1.263018215277265,382.23730488531123,405.42702049322526,449.19754448774484,-0.03366314486751753,-0.0889359207784726,-0.17771145534998586,0.9428017511519006,8.883550953932353,0.8296253426582104,422.2685299931808,352.44746732127237,0.24236995468594733,18.024944086334234,32.748810544998726,33261175.0,0.8844305710787427,413.04998779296875,356.2799987792969,0.11825538959092516,1.0,0.17416145853816362,-0.01413217448549661
2026-04-02,MSFT,367.2099914550781,373.6400146484375,364.1499938964844,373.4599914550781,24099100,0.011072898156205158,0.02046613167579836,-0.09063017893371572,39.48176076444163,-6.497086194411969,-11.516662068672531,-11.14680446143166,-0.3698576072408706,381.4013702729081,404.1734115113371,448.4439369948825,-0.02082157914678586,-0.07599069899578835,-0.16720918570621662,0.9436577454383309,8.92687022521955,0.8337137569907175,419.1828970269569,351.81110016542596,0.32133462811073715,17.476607368376158,32.974768354903425,32516065.0,0.7411444158449062,413.04998779296875,356.2799987792969,0.10600866824754004,1.0,0.16130247450937227,-0.018475858336526377
2026-04-06,MSFT,373.489990234375,373.7300109863281,369.5,372.8800048828125,16146600,-0.0015530085833448393,0.04515518783874861,-0.08822375617696288,39.12774627938988,-4.826566081238182,-10.804358704104288,-11.078315309966186,0.27395660586189763,380.58981166432756,402.94621909453224,447.69205707336937,-0.020257522784963376,-0.0746159482009336,-0.16710605204750423,0.9445176394000094,8.591380279584449,0.8029014924262832,415.9955904650464,351.3904080701098,0.3326296129207575,16.837727693301627,33.17001181092588,31767200.0,0.5082789795764184,410.2099914550781,356.2799987792969,0.10011259945139045,1.0,0.16310879244740695,-0.016949171962720236
2026-04-07,MSFT,370.3399963378906,372.45001220703125,366.55999755859375,372.2900085449219,21443300,-0.0015822686391459007,0.037135105324159534,-0.09066704473548493,38.7471362831975,-4.3005452010750105,-10.170224907489626,-10.896697229470874,0.7264723219812481,379.79935422438416,401.74401475925345,446.94178793378285,-0.019771875849545994,-0.0733153578703143,-0.16702796964673378,0.9453765090986591,8.429139354201185,0.7897173840755136,412.22468178882394,351.4493172346136,0.3429134726410208,15.916572943933662,33.58168995147228,31332770.0,0.68437294244971,410.20001220703125,356.2799987792969,0.10182922665660234,1.0,0.1649520595573529,-0.014075104439234085
2026-04-08,MSFT,384.9800109863281,385.0,371.4100036621094,374.3299865722656,33064800,0.005479540091115842,0.0112380068445046,-0.07745963731495864,40.88820383431511,-1.9744962006266065,-9.394763145482159,-10.596310412673132,1.201547267190973,379.2784620670395,400.668954830352,446.2192824475986,-0.013047077516094808,-0.06573748212970115,-0.16110755115961412,0.9466130517340171,8.797771995893289,0.8260320535641378,408.73200033820757,351.79899636589397,0.3957456771002006,14.971908894980759,32.10421807420724,31400690.0,1.0529959691968551,409.010009765625,356.2799987792969,0.09264559195730954,1.0,0.15860344552787797,-0.019448078007214223
2026-04-09,MSFT,372.5,373.5,367.04998779296875,373.07000732421875,30435300,-0.0033659586280663234,0.01001708924910738,-0.07856648185874415,39.95914598763626,-2.5926873827105092,-8.780655971155454,-10.233179524369598,1.452523553214144,378.68718066296134,399.5866431634448,445.49142896378385,-0.014833280938923473,-0.06636016566844997,-0.1625652412842547,0.9476972945466151,8.689359623279259,0.8180742489546717,404.93148734367173,352.41850960457043,0.3932646482599131,13.867558711481735,31.139921446786243,31646850.0,0.9617165689476204,406.1199951171875,356.2799987792969,0.0885892383309344,1.0,0.1625164277280581,-0.008148627563833983
2026-04-10,MSFT,372.9800109863281,375.6400146484375,370.0299987792969,370.8699951171875,28111100,-0.005897049250381925,-0.006935137356479548,-0.07711638720949976,38.32181249419907,-0.5016888893546589,-8.374952965378839,-9.861534212571446,1.486581247192607,377.9426868014591,398.4605001028073,444.7489271344645,-0.018713661968506382,-0.06924276052080716,-0.16611379479492355,0.9485072841698101,8.469406497983643,0.7994012725494986,401.3014023579013,352.9495955669034,0.3706252307746341,12.821144930276473,29.960925205393117,31689210.0,0.8870874344926869,404.79998779296875,356.2799987792969,0.09148756470595568,1.0,0.1694125108988413,0.0004044379390599661
2026-04-13,MSFT,373.6099853515625,384.5400085449219,371.0199890136719,384.3699951171875,35745800,0.036400895671633515,0.03081417636750472,-0.028264424272041344,51.464253184528374,3.592600869254174,-6.884730348711969,-9.26617343979955,2.381443091087581,378.55481140295706,397.9079312798418,444.1481417412578,0.01536153692692176,-0.03402278541950773,-0.13459055888360424,0.9513628194978727,8.840878421537267,0.8417860895097891,399.49745155044656,353.63554710678005,0.670152022320823,12.178965607783608,27.84309612845433,32134100.0,1.1123946212901559,404.3999938964844,356.2799987792969,0.05211124446170684,1.0,0.1283399269362946,0.0055935528886142125
2026-04-14,MSFT,387.9200134277344,394.69000244140625,386.5199890136719,393.1099853515625,37504500,0.022738482049594833,0.055924081572896744,-0.017102204392303033,57.742143820846785,7.415904046870837,-4.941511352869384,-8.401241022413517,3.4597296695441333,379.9410184456814,397.71977653755636,443.6402993891216,0.03466055589300316,-0.011590550578413456,-0.11389928756954135,0.9552982799933835,8.946530486014515,0.859177560586913,397.9210498127418,354.5279461589379,0.8891283624337496,11.533832561705514,26.85934217040704,32622640.0,1.1496463805504398,404.3999938964844,356.2799987792969,0.02871971958388457,1.0,0.10325361442846244,0.009208684006152114
2026-04-15,MSFT,398.0,414.3699951171875,396.7300109863281,411.2200012207031,45063400,0.04606857252161789,0.09854945094364154,0.02956860732157507,67.2071983173175,15.26193735004562,-1.918059177359055,-7.104604653402625,5.18654547604357,382.9199691861597,398.249197113366,443.31770935759505,0.07390586626936942,0.032569567500332755,-0.07240339706573905,0.9615084524003606,9.826064720272408,0.9495688953888234,401.4476817490773,352.18231397846176,1.1983608346765369,13.074152581481508,27.319022522978457,33564395.0,1.3425953305578724,414.3699951171875,356.2799987792969,0.007660118396803747,0.0,0.05466662837312485,-0.03212390305885992
2026-04-16,MSFT,419.8599853515625,420.82000732421875,412.1400146484375,420.260009765625,41642400,0.0219833872819577,0.12649101111040406,0.07266648102241957,70.7313387765212,17.07711716340907,1.1937408916796244,-5.444935544386175,6.6386764360658,386.47616352706115,399.112366236984,443.0882795109088,0.08741508384435774,0.05298669076087704,-0.051520816056073844,0.9683392353159492,9.809917676218351,0.9542589987954022,408.75582625722546,347.7211695923839,1.188486085398534,16.136553259307707,28.094569882473454,34351090.0,1.2122584756408021,420.82000732421875,356.2799987792969,0.0013325026069124538,0.0,0.03198020779779073,-0.05294341475033185
2026-04-17,MSFT,424.82000732421875,431.5799865722656,420.69000244140625,422.7900085449219,48568200,0.0060200797613549906,0.13999518459650173,0.08680792885957112,71.64960775482425,14.215088529168538,3.8199802684295605,-3.5919523818230283,7.411932650252589,389.9346249573336,400.0409012294521,442.8863066654761,0.08425869744494531,0.056866953467894166,-0.04537574952782064,0.9747368925500874,9.917779042677084,0.9705910115343317,415.89396285503415,343.96003494770025,1.095866385869701,18.933618330717437,29.327860589754078,35522560.0,1.3672494324733353,431.5799865722656,356.2799987792969,0.02079041095979397,0.0,0.025804781195415065,-0.058610653701538395
2026-04-20,MSFT,421.1499938964844,423.3299865722656,416.29998779296875,418.07000732421875,27582200,-0.011163937475598185,0.08767597012029182,0.09479669172730443,67.40106220716306,13.184615115145053,5.457518369149852,-1.7820582316284523,7.239576600778305,392.6141851827512,400.74792499787435,442.63937831382185,0.064836735661037,0.043224384321980544,-0.055506518835258,0.9797036009227814,9.711509023864211,0.9577752283244493,421.36957271428395,342.10442630915355,0.9583730613048911,20.764334216101332,29.968696073200174,34359010.0,0.8027646896694637,431.5799865722656,356.2799987792969,0.03231511232894944,0.0,0.037386094694641006,-0.04798238861233822
2026-04-21,MSFT,420.239990234375,427.17999267578125,417.20001220703125,424.1600036621094,32048500,0.014566929536200313,0.07898557520175564,0.1074673724859252,69.88250840360517,13.575754663703979,7.1641075477322715,0.007174924243692482,7.156932623488579,395.61854884745196,401.6660457298051,442.45550393917796,0.07214387418842372,0.05600164159117294,-0.041349921323576816,0.98494396788913,9.730685555641768,0.9664751588642424,427.53768619010214,340.05231319954635,0.9613914599374528,22.794818343157168,30.75708071502881,34477430.0,0.929550143383657,431.5799865722656,356.2799987792969,0.017493358275399946,0.0,0.02249153258806918,-0.061651248752147204
2026-04-22,MSFT,426.19000244140625,433.70001220703125,423.6700134277344,432.9200134277344,29378200,0.02065260677572822,0.052769836444275464,0.161453090009255,73.05925947592888,16.10169699600574,9.11834078806487,1.829408097007928,7.288932691056942,399.17106928366934,402.8916915218808,442.36062343657653,0.0845475705557243,0.0745319959129083,-0.02134143390860756,0.9907652048515615,9.752065071617134,0.9755781198464981,435.1301533800784,338.47784832890596,0.9771330859499535,24.987410894834845,31.801293118586642,33809660.0,0.8689291758627564,433.70001220703125,356.2799987792969,0.0018017156867409995,0.0,-0.006929686563221864,-0.0806384610997818
2026-04-23,MSFT,419.8900146484375,423.6600036621094,411.4100036621094,415.75,38308000,-0.03966093711350327,-0.010731474946046315,0.12049911175458883,59.755033586827906,11.673692674412475,9.175834810750416,3.298693439756426,5.87714137099399,400.750015066177,403.3959389131796,442.0958411138246,0.037429780087084856,0.030625149871623472,-0.05959305350497826,0.9934408763406688,10.591918264046267,1.0651193711855915,438.36799794304517,339.711002911447,0.7707410616368257,25.359120326664087,31.41646497279351,34166000.0,1.1212316337879764,433.70001220703125,356.2799987792969,0.04317501432839737,0.0,0.03408301485925286,-0.042669850233012625
2026-04-24,MSFT,416.9700012207031,424.95001220703125,415.79998779296875,424.6199951171875,27457400,0.021334925116506254,0.004328358133541821,0.1602590204138472,63.457181872021586,13.434672708277198,9.823890025214155,4.603732756847972,5.220157268366183,403.0233464996066,404.2282548427485,441.9219520989327,0.05358659443715859,0.05044610323534075,-0.03915161240478905,0.9970192376987311,10.49249640283091,1.0612115394906925,442.4264985446457,341.5175016994949,0.82353899073258,25.74392987604347,31.135681167484456,33697040.0,0.8148312136614967,433.70001220703125,356.2799987792969,0.02138386603140958,0.0,0.01248179165252019,-0.06266776331203767
2026-04-27,MSFT,422.3800048828125,427.1099853515625,417.07000732421875,424.82000732421875,30867300,0.00047103812663373823,0.016145621263773835,0.19073918885015617,63.538632230784415,13.871391155554983,10.235627819155866,5.73011176930955,4.505516049846316,405.09921895909343,405.0357745479042,441.75178349420923,0.04868137839366374,0.04884564282845728,-0.038328710381341106,1.0001566390308585,10.460173661724683,1.0633573202067195,445.0465289745394,345.70247310065594,0.7963992765103323,25.126571292071375,31.007507148827422,33346235.0,0.9256607230171562,433.70001220703125,356.2799987792969,0.020902981803386064,0.0,0.012005098666700381,-0.0631090746583708
2026-04-28,MSFT,424.57000732421875,429.9200134277344,421.8999938964844,429.25,30438100,0.01042792853303709,0.012000179870673033,0.1958157182364384,65.37922994387718,15.74136642258309,10.79495880770071,6.743081176987783,4.0518776307129265,407.39929334394174,405.98535201661383,441.6273876385455,0.05363462090645068,0.05730415609288798,-0.028026766421189116,1.003482739759707,10.285876938119348,1.0505508490894064,447.6968911008352,350.08111182885233,0.8110255202753912,24.471915473604827,31.063183845789016,32628290.0,0.9328745085936162,433.70001220703125,363.07000732421875,0.010366947482891646,0.0,0.008037302753712871,-0.07277807858910891
2026-04-29,MSFT,424.5799865722656,426.82000732421875,420.2900085449219,424.4599914550781,38288300,-0.011159018159398681,-0.019541766862825938,0.14666227964989487,61.74947618984169,10.43005355443208,10.7280526748267,7.540075476555566,3.187977198271133,409.0241217354785,406.7098476808673,441.4565677760234,0.03773828705775493,0.043643260362209765,-0.03850112912935207,1.0056902336341413,10.191170832187833,1.045106061591145,449.7548775491953,353.45212318322655,0.7373399518980337,23.97956050635839,30.918046760728238,32280485.0,1.1861129100135888,433.70001220703125,364.1499938964844,0.021768885025600822,0.0,0.019412950378917375,-0.06231442826632674
2026-04-30,MSFT,410.80999755859375,414.4200134277344,398.010009765625,407.7799987792969,70909400,-0.039296972651300055,-0.019170177319791093,0.10398788252934099,51.108636351503854,3.731783463758832,9.222778623084423,7.876616105861338,1.3461625172230853,408.9056338348898,406.75181439060964,441.12147753725003,-0.0027527990872520513,0.0025277929988527445,-0.07558344006303251,1.0052951686214502,11.352514464849639,1.1651470593723408,449.3893676055866,357.6586334930462,0.5463966441689979,22.73241095639108,28.825707107876717,34355095.0,2.0640140858291907,433.70001220703125,364.1499938964844,0.06356371942058645,0.0,0.061111416700998754,-0.0169208737974882
2026-05-01,MSFT,412.79998779296875,417.1099853515625,410.44000244140625,414.44000244140625,31372400,0.016332345093055922,-0.023974360116912896,0.10973065903702683,54.481464437209276,0.7830361390848155,8.469612309174408,7.995215346523953,0.47439696265045583,409.4327165593199,407.05331196122916,440.85599022286357,0.012229813787635803,0.018146739660677765,-0.05991976601725049,1.005845437263796,11.208048186807924,1.1509225867183412,449.50364157996347,361.64236061730213,0.6009204651425658,21.663493557179372,26.868159324912046,34718760.0,0.9036152212809444,433.70001220703125,366.55999755859375,0.04647237151859621,0.0,0.044059477024558244,-0.03271884344830075
2026-05-04,MSFT,411.5400085449219,420.7799987792969,410.79998779296875,413.6199951171875,28066500,-0.001978591157678289,-0.026364135431322766,0.10925764240745117,53.987626740304165,-1.5799777504741823,7.71759125321978,7.939690527863118,-0.22209927464333834,409.8315049934025,407.3108289477374,440.58498529643896,0.009244018767776186,0.015489807098302423,-0.06120269886434857,1.0061885809718738,11.12033124391651,1.1416297903701498,448.99222055189597,366.22778066880716,0.5726156609689562,20.304810912185197,25.347387684477834,35314755.0,0.7947527881759339,433.70001220703125,366.55999755859375,0.04854701737558552,0.0,0.04612933928505552,-0.030801195263216143
2026-05-05,MSFT,415.32000732421875,416.7799987792969,408.79998779296875,411.3800048828125,25700900,-0.005415575312649912,-0.04163073993520672,0.1049987790181961,52.58541421571136,-2.698740138485806,6.861762529678799,7.7241049282262555,-0.8623423985474563,409.97898117334637,407.4704044746031,440.2943884764029,0.003417306188372007,0.009594808273868384,-0.06567057030557628,1.0061564635644566,10.896022654088767,1.1193517679817002,447.65058801439346,371.47841284009877,0.5238342209791463,18.59833435144746,23.753106271186702,35527635.0,0.7234058782691277,433.70001220703125,367.04998779296875,0.05425642243010053,0.0,0.051825579928932275,-0.025523846262268085
2026-05-06,MSFT,408.0,418.4200134277344,405.1099853515625,413.9599914550781,30285900,0.006271541012307091,-0.02473731379017674,0.10586916972830274,54.06526136096971,-0.9830927349814056,6.31885562065014,7.443055066711033,-1.124199446060893,410.3581250097018,407.7248980816806,440.0323546751957,0.008777373288980643,0.01529240280084254,-0.05925101402909901,1.0064583422312676,11.068451612808989,1.1368287557619692,446.04838565824707,377.04361568452634,0.5349829553031007,16.76720703424354,22.177189160089437,35388690.0,0.8558073214916969,433.70001220703125,367.04998779296875,0.04768581785540792,0.0,0.04527012546811965,-0.031597223988456456
2026-05-07,MSFT,420.1099853515625,427.9800109863281,418.760009765625,420.7699890136719,34942400,0.01645085925974743,0.03185538837917745,0.12785799113569363,57.80847262958738,-0.7992301535196193,6.36473912257361,7.22739187788355,-0.8626527553099397,411.34973110531797,408.236470275092,439.84068934523026,0.022900848587019032,0.03070161450821397,-0.04335819944250264,1.0076261212726219,11.279277892697634,1.1579953024164806,443.7403551099632,384.12164440175553,0.6147121294065653,14.403055278143311,21.295237115683125,35614045.0,0.9811410077119855,433.70001220703125,370.0299987792969,0.03072943301795037,0.0,0.07025215279227832,-0.047270443829617086
2026-05-08,MSFT,417.3900146484375,418.6300048828125,414.0,415.1199951171875,33383800,-0.013427749231185726,0.0016407505833788694,0.11931404692368797,53.88511742338564,-4.111618257056661,5.877443331796087,6.957402168666057,-1.0799588368699702,411.70880386835313,408.50641242576245,439.5947122882348,0.008285446453375126,0.01618966677206546,-0.0556756405090687,1.0078392684794675,10.95718582991008,1.1248148838738359,438.46948818913467,393.81751132258404,0.4770781786049304,10.729946975681894,20.027025612094224,35877680.0,0.9304893738948561,433.70001220703125,371.0199890136719,0.0447581839188416,1.0,0.12333786088183392,-0.034303310854383394
2026-05-11,MSFT,407.8699951171875,412.69000244140625,405.5,412.6600036621094,35657900,-0.005925976787467646,-0.002320950308038472,0.07360098057679232,52.223235318882615,-0.7432342364138605,5.232440834550573,6.612409901842961,-1.3799690672923877,411.79939432490136,408.6692983565996,439.32670523722857,0.002089875189396254,0.00976512138679801,-0.060699022520653706,1.0076592393431263,10.861672207572752,1.1152693208497297,434.61561851892,400.500381847291,0.3564278897390911,8.170179150362085,19.077325027802267,35873285.0,0.9939959499109156,433.70001220703125,386.5199890136719,0.05098630436243978,1.0,0.13003441861558937,-0.028546499963060315
2026-05-12,MSFT,414.4800109863281,415.5,406.6400146484375,407.7699890136719,38594200,-0.01184998450308139,-0.00877538000459932,0.03729237162215249,48.988863202553546,-3.9682554512924724,4.277381403676031,6.145404202209575,-1.868022798533544,411.41564143811763,408.63403132354364,439.0127080608748,-0.008861239236559513,-0.0021144648845647404,-0.07116586484523958,1.0068070936372173,10.718694575000592,1.1011009444583724,432.0180952120443,404.5639055203776,0.11677938884014609,6.563418688814895,17.93539296214456,35927770.0,1.0742164069743265,433.70001220703125,396.7300109863281,0.06358982733398244,1.0,0.1435858937342831,-0.01689674158592472
2026-05-13,MSFT,403.20001220703125,406.30999755859375,401.0299987792969,405.2099914550781,29667100,-0.006278043082047158,-0.02113730838877348,-0.014615071610778463,47.33601864381606,-4.616076345522597,3.2761540511238536,5.571554171992432,-2.295400120868578,410.82462715401863,408.4997552502705,438.6763626220112,-0.013666745681328292,-0.008053282169476088,-0.07628943343767429,1.0056912443003123,10.43450140781305,1.0735192378339413,432.560835624787,403.42016413107234,0.06142024985223256,6.971610958197595,17.3480321155937,35157955.0,0.8438232542251106,433.70001220703125,398.010009765625,0.07030927507401179,1.0,0.15081073309594176,-0.010685784318192585
2026-05-14,MSFT,404.4800109863281,411.8399963378906,400.8800048828125,409.42999267578125,27077500,0.010414356283638071,-0.026950582584258753,-0.025769801642282264,50.31208837865673,-4.617357559515143,2.7910198517600975,5.015447307945966,-2.224427456185868,410.69180482275794,408.53623514931013,438.38535396582984,-0.003072406442396023,0.0021877068655720856,-0.06605001975569069,1.005276324320801,10.472036411189126,1.078850007605506,432.44060043089314,402.4573976159819,0.23255004152964395,7.1824828625898425,16.272613184012474,34429710.0,0.7864573939193795,433.70001220703125,398.010009765625,0.059277580942803186,1.0,0.1389493092009199,0.00036634809165813096
2026-05-15,MSFT,414.2699890136719,428.1700134277344,412.9100036621094,421.9200134277344,50771200,0.03050587640227831,0.016380849851926005,-0.0020577475806055068,57.89592269031444,-0.5984022236433946,3.375477392565301,4.687453324869833,-1.3119759323045317,411.76115802323187,409.06108919944444,438.22151973161994,0.024671718559547348,0.0314352173008084,-0.03719923730324576,1.0066006493775064,11.062606721243698,1.1392010425412948,432.33979741861134,402.47120111654493,0.6511458427607429,7.1557745057209035,16.239899822373236,34539860.0,1.4699306829848182,433.70001220703125,398.010009765625,0.02791998104947563,1.0,0.10523320175256184,-0.031664807176606954
2026-05-18,MSFT,416.6199951171875,425.1199951171875,415.6099853515625,423.5400085449219,32564100,0.003839578748650485,0.02636554254412582,0.01308393600323754,58.77481553535793,3.8648314808973265,3.9241491231419445,4.534792484524255,-0.6106433613823103,412.8829533110119,409.6288899580906,438.0754350431951,0.0258113229147592,0.03396029657052384,-0.03318019075148549,1.007943930305436,10.951706938699505,1.1265068331133565,432.85042572014623,402.5075729370803,0.6931594652029419,7.264634523602993,16.209523129422514,34788955.0,0.9360470873586171,433.70001220703125,398.010009765625,0.02398829734412623,1.0,0.10100580326819232,-0.059167958287312104
2026-05-19,MSFT,429.8999938964844,432.70001220703125,416.489990234375,417.4200134277344,33018700,-0.014449626938935034,0.0236653620277556,-0.01589020694120924,54.17409851959382,0.7190452101084138,3.8210957503064833,4.3920531376807,-0.5709573873742171,413.31505427450924,409.93442421180214,437.8699084599567,0.009931792008956827,0.01826045526751033,-0.04670312948461596,1.008246758171642,11.327300869696415,1.1622991479535867,432.21918487910716,402.4648147546819,0.5026219210997779,7.129493350173174,16.70447212499918,34837465.0,0.9477928431359744,433.70001220703125,398.010009765625,0.039001481135535684,1.0,0.11714817767105017,-0.04853626830025606
2026-05-20,MSFT,414.1700134277344,422.1000061035156,411.29998779296875,421.05999755859375,27864000,0.008720195519541285,0.03911553623492714,-0.02739539753599396,56.3620212052921,1.7987530896078505,3.9871797820247252,4.311078466549505,-0.32389868452477977,414.0526679206125,410.370721205794,437.7026456649183,0.016923764006091965,0.026047853320020967,-0.038022726778455945,1.0089722451543297,11.289637829757163,1.155220444214672,429.94573481077197,403.552263236103,0.6633357901767547,6.333181756048954,16.633832873120923,34761755.0,0.801570576629402,432.70001220703125,398.010009765625,0.02764455117068601,1.0,0.10749064273037887,-0.088015954432804
2026-05-21,MSFT,424.75,426.3399963378906,415.7099914550781,419.0899963378906,31393500,-0.004678671049555105,0.023593786080442047,0.008033665274541413,54.83607574933543,1.8741774912649014,3.91471355813502,4.231805484866608,-0.3170919267315879,414.5324134841628,410.71265356391547,437.5174451741021,0.010994515037849794,0.020397089549790186,-0.04211820360415239,1.0093003219820493,11.242521190689688,1.1469062255847946,430.14243953920607,403.68955814145795,0.5821837691278382,6.344894768089454,16.871460064635183,34416030.0,0.9121766804596579,432.70001220703125,398.010009765625,0.03247516282437708,1.0,0.11269658402499545,-0.08785704179522501
2026-05-22,MSFT,419.5400085449219,424.3999938964844,416.3299865722656,418.57000732421875,22390300,-0.001240757398686787,-0.00793990803209288,-0.014248004951578075,54.41728060053672,1.1136380240361687,3.7718453011976862,4.1398134481328235,-0.36796814693513724,414.9169462308348,411.02078508392736,437.32891345420273,0.008804318856023749,0.018367008468318388,-0.04289427374425903,1.0094792314362175,11.015913057370335,1.1200335078941703,429.3904140674476,403.83658483391963,0.576564175789674,6.133701684468069,17.092113885326995,34162675.0,0.6554024238441516,432.70001220703125,398.010009765625,0.033757805469964194,1.0,0.11407888564508036,-0.08672388770184712
2026-05-26,MSFT,416.42999267578125,419.7699890136719,413.0199890136719,416.0299987792969,30398000,-0.00606830040489359,-0.017731523856331144,-0.02069113599495187,52.315481534196685,-1.126503875784018,3.4143057253562006,3.994711903577499,-0.5804061782212986,415.02295123545025,411.21722483668697,437.11698395494994,0.002426486392737604,0.011703726526828412,-0.048241056627134585,1.0092547835277903,10.711204981843883,1.0862814786091937,428.3836527831844,403.9643452636906,0.49410301688425606,5.86757163513202,16.923312517006874,34139210.0,0.8904131056342546,432.70001220703125,398.010009765625,0.04006925817043724,1.0,0.12088072661221873,-0.0811480178465078
2026-05-27,MSFT,411.010009765625,415.94000244140625,409.5799865722656,412.6700134277344,28901500,-0.008076305462157207,-0.011379425631737994,-0.03862547832793395,49.58707107058534,-0.5901863842433078,2.8272396395966553,3.7612174507813303,-0.933977811184675,414.79886192042966,411.2741969382967,436.8737305168682,-0.005132242848592127,0.003393882961364274,-0.055402088517655164,1.0085701096941433,10.406834069357265,1.052832939563773,426.0494804430299,404.6405189466185,0.37505296473450117,5.154500839577143,16.385178792669162,34062380.0,0.8484873928363197,432.70001220703125,398.010009765625,0.04853756785699774,1.0,0.13000700838632515,-0.0856616787100428
2026-05-28,MSFT,412.9800109863281,429.489990234375,412.6700134277344,426.989990234375,47250500,0.034700793226276616,0.014083486225632269,0.005960511780212396,59.32373465814635,3.4725891642261453,3.4774026551057773,3.70445449164622,-0.2270518365404426,415.95992175985305,411.8905025577508,436.7753848424156,0.02651714239164113,0.036658984809942535,-0.02240372270880382,1.0098798568474656,10.864915693448934,1.0950799637589699,426.65302212072345,404.28997714685465,1.0150680783428776,5.382570162714015,16.952554748643088,34510490.0,1.3691634050979862,432.70001220703125,398.010009765625,0.013372730282323487,0.0,0.09210992760803476,-0.12578747203323593
2026-05-29,MSFT,432.54998779296875,450.3299865722656,432.3599853515625,450.239990234375,79654400,0.05445092515456418,0.074327696124175,0.10412475251896502,69.5924301211897,10.415185610748606,5.8018619674834895,4.123935986813674,1.6779259806698157,419.224690185998,413.3944040352655,436.9093610154699,0.07398252243830472,0.08912937823891351,0.03051120073948939,1.0141034472015593,11.755992882337626,1.178281996464613,435.9503071983432,399.2386912147428,1.3892414608611952,8.791211582852473,18.638810866129234,34947740.0,2.279243235757162,450.3299865722656,400.8800048828125,0.0001998852608445036,0.0,0.03571432444610974,-0.184723668963438
2026-06-01,MSFT,464.8399963378906,466.32000732421875,458.2699890136719,460.5199890136719,53628900,0.022832265019252507,0.10022213955946269,0.11118614588556874,72.85539579723746,13.649712180092049,8.3769583459856,4.974540458648059,3.40241788733754,423.1575757886336,415.24246619128144,437.1442926373426,0.08829432665929779,0.10903875809641597,0.053473639642647376,1.0190614165019072,12.06485175430235,1.2011843682467636,446.01805826488675,393.77893880542575,1.2776067226791414,12.440892177919336,20.843841422561354,36060565.0,1.487189676589926,466.32000732421875,400.8800048828125,0.01259449849933587,0.0,-0.01524361413433341,-0.20292274802143018
2026-06-02,MSFT,446.8800048828125,453.5,440.42999267578125,441.30999755859375,37036800,-0.04171369737114239,0.060764845932919975,0.06694551222931344,59.91652928355319,7.786436131477448,8.766599115107908,5.732952189940029,3.0336469251678793,424.8863778619632,416.26472232333293,437.18574243755404,0.03865414508997561,0.060166701361271925,0.009433645063639725,1.0207119534187485,12.638076367415797,1.2485460412065141,448.8215275789963,393.74446973545685,0.8636178054074529,13.073648359674838,21.255458283794816,36509080.0,1.0144544863907827,466.32000732421875,400.8800048828125,0.056672202995592245,0.0,-0.0020846636496924175,-0.17341551109803674
2026-06-03,MSFT,438.45001220703125,440.3900146484375,424.25,427.3399963378906,39037000,-0.03165575513355168,0.03554894330291636,0.03879622554728823,52.60045706006246,1.2845996249676774,7.857552906756155,6.157872333303255,1.6996805734529001,425.1200558120515,416.69904679449206,437.08777481467183,0.005221914363928751,0.025536294419810486,-0.02230164977941629,1.0202088511656986,12.953927881071365,1.2685959143386427,449.3490555304957,394.81294092946524,0.5964314774967627,12.920769906660245,20.460713558131772,37175885.0,1.0500624262206535,466.32000732421875,400.8800048828125,0.09121545214669582,0.0,0.020615897491672724,-0.18285202602256634
2026-06-04,MSFT,435.80999755859375,436.1499938964844,426.4100036621094,428.04998779296875,26899500,0.0016614205577816232,0.002482488074279976,0.034037096890363605,52.91512616720793,1.0648295691216936,7.112429948973897,6.348783856437383,0.763646092536514,425.3990969530912,417.1441817356088,436.9978465856002,0.006231538474962619,0.026143972599555875,-0.02047575030985582,1.0197891174776432,12.72436090630734,1.2363520585786254,449.9055512556939,395.66544483805603,0.5970589863072587,12.829225852875444,19.72273631287323,37006565.0,0.7268845406213735,466.32000732421875,400.8800048828125,0.0894054914674116,0.0,0.003317400930335222,-0.18420740061806565
2026-06-05,MSFT,428.3399963378906,429.4700012207031,414.3999938964844,416.6700134277344,34782200,-0.026585620113925623,-0.07456018464545,-0.009743982919381389,47.474901093288395,-0.17967514155375863,5.539786600220111,6.186984405193929,-0.6471978049738176,424.56775566496196,417.1255869000059,436.7955795890045,-0.0186018418305414,-0.0010921734043150893,-0.046075480388805407,1.0178415541953774,12.891907079015297,1.2422772873339223,449.82011312577964,395.34088540937665,0.39150936810977954,12.892035437230792,18.383009010171666,36998555.0,0.9400961740262559,466.32000732421875,400.8800048828125,0.11915902823925043,0.0,0.0011759671168656873,-0.16192670229772813
2026-06-08,MSFT,414.1400146484375,417.1600036621094,408.55999755859375,411.739990234375,32086700,-0.011831960627074034,-0.10592373825894597,-0.008142235793432095,45.30196748134125,-2.213463016733571,3.851248945740849,5.719837313303313,-1.868588367562464,423.34606371919176,416.9143870307655,436.5462702421923,-0.02741509719697103,-0.012411173510327101,-0.056823942154069745,1.01542685234307,12.585342723622464,1.2036518075111902,449.87518088873077,394.94781715814423,0.3057159844516618,13.00328325757507,17.493485241154332,36933700.0,0.8687648407822666,466.32000732421875,400.8800048828125,0.1325594267847896,0.0,0.0005829425308348063,-0.15189192089829331
2026-06-09,MSFT,409.0299987792969,411.9800109863281,398.4800109863281,403.4100036621094,35317300,-0.020231181740505533,-0.08588066009416051,-0.022415547709765504,41.81909894069381,-3.7414380712488495,1.8199313537517128,4.939856121392993,-3.1199247676412805,421.44739133280297,416.3848033692496,436.21655614686813,-0.0427986696362062,-0.031160598566884176,-0.0752070319717832,1.0121584359529636,12.65067538622086,1.2008840305632127,450.34954883211117,393.5484492147639,0.17361555522304956,13.461603119999872,17.240094584481053,36916670.0,0.956676211586798,466.32000732421875,398.4800109863281,0.1559455717285627,0.0,0.004040566341973436,-0.13437939308139632
2026-06-10,MSFT,398.54998779296875,405.0400085449219,397.1600036621094,397.3599853515625,32576000,-0.014997194555478321,-0.07015493808967843,-0.025529106953872338,39.44700891251132,-5.067257950048783,-0.2749192898589854,3.8969010391425978,-4.171820329001584,419.15335266792295,415.63873207443834,435.8299236016412,-0.051993780265969465,-0.043977486486033696,-0.08826823530648861,1.0084559506183224,12.309913207405975,1.1606939187272025,451.1979899574511,391.659007723213,0.09575201682018569,14.127896522915467,17.077795947155746,36615760.0,0.8896715512664493,466.32000732421875,397.1600036621094,0.17354546133185503,0.0,0.011047953518906676,-0.12119985635172079
2026-06-11,MSFT,395.2099914550781,396.8500061035156,384.0,390.3399963378906,47224100,-0.017666572560045224,-0.08809716745820118,-0.036697010021373044,36.83608402193621,-6.175036059126772,-2.473050179364236,2.622910795441231,-5.095960974805467,416.40922349363416,414.6466247906522,435.3772875094646,-0.0626048264181689,-0.058620104444437486,-0.10344428261107863,1.0042508454129364,12.384918360560011,1.1606235383206172,452.6959727502663,388.67402541867904,0.026021872008720172,15.218500177310057,17.613905543968702,37493610.0,1.2595239562154725,466.32000732421875,384.0,0.19465084720797413,0.0,0.029230936540339862,-0.10539525674239979
2026-06-12,MSFT,391.42999267578125,391.739990234375,382.2699890136719,390.739990234375,34865800,0.0010247320290952544,-0.06223155580610695,-0.04564883563917721,37.09158388193581,-5.314179000117656,-4.135141247156014,1.2713003869217823,-5.406441634077796,413.96453461179993,413.70910971001393,434.9331352977722,-0.056102739330566,-0.05551997511425092,-0.10160905545433033,1.000617402169278,12.176709993427377,1.1341118002227537,454.0319071930175,385.46909073178716,0.0768769396392625,16.334183432947295,18.196601445225564,37883025.0,0.9203541691826352,466.32000732421875,382.2699890136719,0.1934279034109329,0.0,0.02817733029839341,-0.1063110484351169
2026-06-15,MSFT,396.79998779296875,401.75,392.8500061035156,399.760009765625,32266400,0.023084454513702557,-0.029095984730389213,-0.05252181208963891,42.71855140450361,-6.3771941009210655,-4.670679514332903,0.0829044066708452,-4.753583921003749,412.61172272168807,413.16208618278296,434.5831539491937,-0.031147231763775363,-0.032437817663716714,-0.08012999092836373,0.9986679236079459,12.093374262870062,1.119745362532196,453.98775115798674,383.29724640060704,0.2328850730592547,16.88564944158879,17.93449108045147,36957785.0,0.8730609802508457,466.32000732421875,382.2699890136719,0.16649988976540447,0.0,-0.007304416040629846,-0.1264758763344951
2026-06-16,MSFT,395.7900085449219,396.8399963378906,390.69000244140625,393.8299865722656,31506800,-0.014833957996038927,-0.02374759426607531,-0.07014690790304667,40.174368588995705,-12.528874574811718,-5.510083944049086,-1.035693263473141,-4.474390680575945,410.8229859455526,412.4039646294293,434.1776497961894,-0.0413633120702235,-0.0450383110983269,-0.09292892723258235,0.9961664318981551,11.877419481537826,1.0930980400897785,454.0188349067312,380.29516045459695,0.18358859916099657,17.672884516387782,17.81536413311056,36904920.0,0.8537289878964648,466.32000732421875,382.2699890136719,0.1840642491011827,0.0,0.00441820280648904,-0.11332294616180787
2026-06-17,MSFT,390.25,390.3699951171875,377.32000732421875,378.9100036621094,41987800,-0.03788432424867805,-0.0464314031850227,-0.09225721941167064,34.59215961131292,-17.721268847928265,-7.29514207476177,-2.287583025730867,-5.007559049030903,407.7836542995104,411.09047596404423,433.6277229689847,-0.07080629724357149,-0.07828075371113541,-0.12618593417466736,0.9919559759763831,12.208316607717043,1.1157895194460883,455.6853908244427,374.77760356032286,0.051075430950749894,19.48498315064816,18.41926390226609,37353375.0,1.1240697795045294,466.32000732421875,377.32000732421875,0.23068803361564574,0.0,0.04396823388428095,-0.07840909759028644
2026-06-18,MSFT,377.82000732421875,381.3699951171875,373.2799987792969,379.3999938964844,59714200,0.0012931572923366996,-0.028026854906091248,-0.09894077780759036,34.91202083998044,-14.028688224741485,-8.57146882998802,-3.5443601865822982,-5.027108643405723,405.08044854684124,409.84771196139485,433.0881435752285,-0.06339593713416967,-0.07429032095652735,-0.12396587271020096,0.9883682078112865,11.914150874158013,1.0827362036046693,456.3821296733014,369.91486434525325,0.10969618982681474,20.928858740615606,19.17710291497828,38945885.0,1.5332608310223275,466.32000732421875,373.2799987792969,0.22909861577765187,0.0,0.04261996227692667,-0.07959932044092995
2026-06-22,MSFT,375.739990234375,381.6300048828125,367.07000732421875,367.3399963378906,45171100,-0.03178702623248908,-0.05988635532914999,-0.12348183075760333,30.905952100080682,-14.040342704678407,-10.435810465338136,-4.922650242333466,-5.51316022300467,401.4861197650364,408.18074272125745,432.4339331549565,-0.08504932486116625,-0.1000555442941522,-0.1505292064897697,0.9835988760479233,12.10313992304628,1.0931285794668149,458.047730232626,363.0742637859287,0.04491499269805041,23.132608099290845,20.176515835703118,39634765.0,1.1396838104123994,466.32000732421875,367.07000732421875,0.269450677772869,0.0,0.07684981561430979,-0.049382001175210063
2026-06-23,MSFT,372.3800048828125,377.2200012207031,370.6700134277344,373.94000244140625,40647600,0.01796702283800511,-0.06458876999566998,-0.10662494708619363,35.28264400340217,-12.641043545066847,-11.251054160385195,-6.188331025943812,-5.0627231344413826,398.86268001992875,406.8379685926359,431.8519039936277,-0.06248435571178832,-0.08086257599071356,-0.1341012995813394,0.9803968921575907,11.944344563029583,1.0720572625707814,458.23402620135255,358.42496732892084,0.15544716369198047,24.443264486924875,21.104542119233322,40547630.0,1.0024654955172472,466.32000732421875,367.07000732421875,0.24704499192296908,0.0,0.06690909999015772,-0.06616032003222651
2026-06-24,MSFT,371.57000732421875,378.8800048828125,364.7799987792969,365.4599914550781,44509900,-0.022677464114465473,-0.07203614779084822,-0.12155375206739849,32.43939529898333,-12.290306554910728,-12.438028824526441,-7.438270585660339,-4.999758238866102,395.6814715851811,405.2153028225356,431.191287948468,-0.07637830502658982,-0.09810910666635964,-0.15244115159684146,0.9764721836244895,12.098320387350014,1.0795646279869424,458.9102060776081,352.6917867202435,0.12020706777679373,26.1750021069307,22.254115088279516,41253225.0,1.078943525021377,466.32000732421875,364.7799987792969,0.2759810053832881,0.0,0.11090132908373028,-0.04449181751279478
2026-06-25,MSFT,362.7699890136719,364.2300109863281,349.20001220703125,352.8299865722656,66179000,-0.03455919985256439,-0.06882905396475214,-0.1450069666037117,28.72638244884675,-14.30757396884767,-14.233772568285701,-8.797370982185413,-5.436401586100288,391.6003777744272,403.160976695074,430.4115735069138,-0.09900498927632373,-0.12484092715370984,-0.18024976954622193,0.9713251043902706,12.395581734542647,1.0993233051534004,460.57168857001506,345.04630154228965,0.06737640297286286,28.679942217184333,23.979126534347962,43117100.0,1.5348666770260524,466.32000732421875,349.20001220703125,0.3216563927984281,1.0,0.1506674763632124,0.007369005477041842
2026-06-26,MSFT,357.1499938964844,376.6099853515625,355.42999267578125,372.9700012207031,186201600,0.05708135763656941,-0.01694779330316909,-0.126513478650917,40.434553325026386,-7.545673673204786,-13.871875215306716,-9.812271828809674,-4.0596033864970416,389.82605619788205,401.97701687254965,429.8400155737177,-0.04323993922207826,-0.07216088093176577,-0.13230507233513078,0.9697720014711161,13.20875438059652,1.164454192160529,458.14657049240606,342.0694207185315,0.2662072644130896,29.011454669437253,24.41537603269155,50064655.0,3.719222673161335,466.32000732421875,349.20001220703125,0.25028824248059556,0.0,0.08853256000643457,-0.035043052474573254
2026-06-29,MSFT,377.5,380.5,359.8999938964844,368.57000732421875,51229900,-0.011797179081651343,0.003348426521997183,-0.1813921123879788,38.92995315590784,-7.245313843534583,-13.781250019213076,-10.606067466890355,-3.1751825523227204,387.80167059086654,400.66693806673277,429.2303637503396,-0.04959149154088424,-0.08010875790596941,-0.14132354453237986,0.9678903691481415,13.7367009322336,1.202670057144991,450.7790567969073,341.26993612301453,0.24929495400206075,27.652107799590226,24.482752877092548,48643430.0,1.053172031659774,466.32000732421875,349.20001220703125,0.2652142009862791,1.0,0.10152747691495997,-0.0030387581597280584
2026-06-30,MSFT,371.0299987792969,374.1499938964844,367.45001220703125,373.0199890136719,44945700,0.012073640288203347,-0.0024603236394280525,-0.1900026102827912,41.308619956798054,-4.437159268000301,-13.198211796115345,-11.124496332735355,-2.0737154633799904,386.3938913930385,399.5827439862206,428.6710565390295,-0.03461209578430596,-0.06647623144973608,-0.1298223117153481,0.9669934380508737,13.23407812917785,1.151975172841487,438.50466840834287,344.79432451157896,0.3012011623091229,23.927094185947485,24.54531708975062,48209270.0,0.9323040983611658,453.5,349.20001220703125,0.21575254237482208,0.0,0.08838668755495221,0.0008847169040897008
2026-07-01,MSFT,380.8299865722656,388.8299865722656,374.8900146484375,384.2799987792969,48065800,0.030186076074363744,0.05149676507484968,-0.12922888467244587,46.940269541096995,-1.6532711308108676,-11.692774098184202,-11.238151885825124,-0.4546222123590784,386.19256828696786,398.9826363310471,428.2293544717685,-0.004952372636673328,-0.03685031931953801,-0.1026304134304014,0.9679432965762752,13.418072374136129,1.160502621350486,429.7920418940059,347.8039511479863,0.4448944633227898,21.08758056359789,23.374551362709997,48760720.0,0.9857483646672978,440.3900146484375,349.20001220703125,0.146013365377796,0.0,0.056495241813370574,-0.02844278315421423
2026-07-02,MSFT,384.4800109863281,392.20001220703125,383.70001220703125,390.489990234375,42128900,0.01616006941502235,0.10673696991566772,-0.08623111906047509,49.80110187594683,-2.318896163897162,-9.884665197711286,-10.967454548202358,1.0827893504910726,386.6018465676733,398.6495913860796,427.8538384097049,0.010057229941401943,-0.02046810363791955,-0.08732853330054945,0.9697786098901594,13.066781490269262,1.1236360582402098,423.974517611776,349.9364748198646,0.5477388905118499,19.133477497013622,22.033901890769755,48915315.0,0.8612619585502005,436.1499938964844,349.20001220703125,0.1169300233143077,0.0,0.039693719141678345,-0.043893530076332635
2026-07-06,MSFT,387.0400085449219,389.1499938964844,381.2200012207031,386.739990234375,34224500,-0.009603319147180267,0.03691982992895859,-0.09650741440640764,48.11406578906476,-1.8002682831744325,-8.654555202210133,-10.504874679003914,1.8503194767937803,386.6150031073592,398.1825482036598,427.44474539303496,0.0003232857649373001,-0.02873696504506822,-0.09522810982559135,0.9709491409191919,12.795582027655163,1.0945856837468992,416.75848590203634,353.02150677374493,0.5290254405179864,16.559791040226834,20.961727418171673,49281565.0,0.6944686111327836,429.4700012207031,349.20001220703125,0.11048769732975496,0.0,0.049775043921198775,-0.03462270380351584
2026-07-07,MSFT,392.489990234375,395.57000732421875,388.2200012207031,388.8399963378906,29297500,0.0054300205733650575,0.05499630629423691,-0.06679150453112814,49.152851568090185,2.6206731360506015,-7.424644545600188,-9.88882865232317,2.464184106722982,386.82690722455266,397.81617362068846,427.0606185367649,0.005204108286524565,-0.022563630837584944,-0.08949694853585245,0.9723760190639839,12.512327389240061,1.0668497081806045,411.9411066740347,355.05588429276213,0.5938996215693921,14.833232216353014,19.467327738399597,49007330.0,0.5978187344627834,417.1600036621094,349.20001220703125,0.07283203268937749,0.0,0.044105529415707355,-0.039836411841015065
2026-07-08,MSFT,384.0299987792969,385.30999755859375,381.3299865722656,383.3399963378906,25908300,-0.014144635458798516,0.02766609733571279,-0.06897555391769994,46.52563725748124,1.038482473587293,-6.8151744352010155,-9.27409780889874,2.458923373697724,386.49482047344196,397.2484803939121,426.62558747010945,-0.00816265566427717,-0.035012051002006966,-0.10146037275659521,0.9729296386236449,12.155018987553271,1.0334542959722597,407.4044736384115,356.75251793873696,0.5249052683532316,13.25695014453343,18.580387179796606,48698410.0,0.5320153163111485,411.9800109863281,349.20001220703125,0.07471178306996437,0.0,0.05908591358288583,-0.026060391114444102
2026-07-09,MSFT,374.45001220703125,384.6499938964844,373.3500061035156,384.3599853515625,31083200,0.0026607946559606965,0.0002081465923797765,-0.04722247375526889,47.09044208948586,4.633306795706604,-6.178636912456284,-8.65500562961025,2.4763687171539654,386.29150284278677,396.74304921578073,426.20503421519857,-0.005000155263602459,-0.031211797884537842,-0.09818055983474763,0.9736566364712528,12.093945330797235,1.0254128806024052,404.53134715340354,357.7206425926902,0.5690865584883722,12.282212494140165,18.29604681635592,48486705.0,0.6410664531648418,405.0400085449219,349.20001220703125,0.053803788067178546,1.0,0.1933864604086097,-0.018133965471847383
2026-07-10,MSFT,387.79998779296875,391.9100036621094,381.5,385.1000061035156,24644600,0.0019253324491523838,-0.013803130081834536,-0.03085358289713025,47.52350470663206,2.9844369656220637,-5.550480366988154,-8.03410057708583,2.4836202100976763,386.1780269628562,396.28645928980956,425.79602896035595,-0.0027915126808710994,-0.028228199384710998,-0.09557633253697925,0.9744921076913156,11.973663783033816,1.0123172236843831,402.80105343337726,358.2249383879118,0.602902870476545,11.714741815528752,17.42863918524531,48090135.0,0.5124668500098825,401.75,349.20001220703125,0.043235506706298985,1.0,0.21225652801574646,-0.020020751318829282
2026-07-13,MSFT,387.75,393.6499938964844,384.1499938964844,390.989990234375,28914900,0.015294687191659273,0.01098929541117366,0.0016651993200351711,50.96374492252912,6.98571646041178,-4.525225303923321,-7.3323255224533295,2.8071002185300085,386.6363091791913,396.078754620969,425.4497002168139,0.011260404032995053,-0.012847859995580217,-0.08099596724331395,0.9761601819546855,11.796973512817114,0.9946780768505589,402.89259335324056,358.198397857697,0.7336879434365843,11.744770602114905,16.481627879037184,47174675.0,0.6129326805113124,401.75,349.20001220703125,0.027519911083081675,1.0,0.25744905541384766,-0.034783436726308854
2026-07-14,MSFT,382.82000732421875,388.19000244140625,378.6499938964844,384.92999267578125,27863900,-0.015499111767442342,-0.010055559353291721,-0.014869216624356252,47.51250699584036,9.097867903849775,-4.153811879655791,-6.696622793893822,2.5428109142380313,386.47380284553316,395.64154827017734,425.04651904725137,-0.003994604959987255,-0.02707388958826263,-0.09438149608045694,0.9768281529967509,11.835760857465221,0.9971359075331288,402.2121001768128,358.2978912782653,0.6064575012393504,11.548621159999952,16.01129049638049,46824580.0,0.5950699397624069,401.75,349.20001220703125,0.04369627632104484,1.0,0.2974826902149827,-0.019587920325279826
2026-07-15,MSFT,387.79998779296875,398.9599914550781,386.3999938964844,395.6300048828125,36253700,0.027797294081066015,0.03206033459156443,-0.010331210681213121,53.50021995598337,6.075556636712031,-2.961919341225382,-5.949682103360135,2.9877627621347527,387.3458220871788,395.6410955883199,424.75381741377436,0.021387045692128733,-2.8032238387439206e-05,-0.06856633498502686,0.9790333370480461,11.992492137596054,1.0090065043686833,401.33541478076876,358.7615761860281,0.8659878910082336,11.202212112585617,15.039190963780188,47023945.0,0.7709625383408389,398.9599914550781,349.20001220703125,0.008416921191940369,0.0,0.26239161913248404,-0.04610365748113006
2026-07-16,MSFT,398.30999755859375,405.989990234375,392.04998779296875,401.1000061035156,37047400,0.013826052506617614,0.04355297478909392,0.018459791735325304,56.24805311346083,8.826002694972768,-1.5579929605617053,-5.07134427480045,3.5133513142387445,388.655744374449,395.85517051048447,424.51845610720466,0.03201872584977726,0.013249380035298108,-0.0551647394048165,0.9818129794117574,12.13160001643964,1.0189765717032262,402.8452691120772,357.97872380784474,0.9611010164315702,11.794198322279964,14.644952546620903,47300975.0,0.783226984221784,405.989990234375,349.20001220703125,0.01219143369845115,0.0,0.25046120649809084,-0.059112418584603726
2026-07-17,MSFT,394.8599853515625,398.3900146484375,389.3900146484375,393.82000732421875,33049800,-0.018150083940457584,0.02264347203972572,0.03934972293686201,51.856005052756714,5.576113592610855,-1.0210363773581435,-4.261282695311989,3.2402463179538454,389.14757894109374,395.7753601894545,424.21299890538387,0.012006828863844157,-0.004940562404642173,-0.07164559233118614,0.9832536789425469,12.101485119199532,1.014392945231372,404.3206655624175,357.9943277237153,0.77333286574994,12.154119556012393,14.053103567618225,46854075.0,0.7053772804179785,405.989990234375,349.20001220703125,0.03090239877055581,0.0,0.2827687351594699,-0.04171954794123751
2026-07-20,MSFT,391.4100036621094,403.17999267578125,389.6499938964844,402.2900085449219,27915800,0.021507290292974046,0.028901042463448157,0.060332142901095676,56.14643974773088,4.6866893470478725,0.08696145759938645,-3.391633864729714,3.4785953223291006,390.3992389033631,396.0308365955513,423.9948596978171,0.030457973419620636,0.015804759051535087,-0.05119130729170707,0.9857799010284127,12.203521809206487,1.02100316619047,407.201630211253,357.4023645397235,0.9013716045789176,13.02615890406081,13.858040739122528,45264155.0,0.6167308325981121,405.989990234375,349.20001220703125,0.009197299487590817,0.0,0.2770140186352258,-0.06189563093189253
2026-07-21,MSFT,398.80999755859375,401.4700012207031,396.32000732421875,397.75,24126600,-0.011285412136739392,0.03330477637011975,0.08278435227656855,53.39946926706467,1.8592050877584567,0.5918939918589672,-2.594928293411978,3.1868222852709454,391.0993113887571,396.09825476827484,423.7337168152518,0.017005114602802348,0.00417003915528852,-0.06132086209835563,0.9873795369726048,11.758270338599104,0.9829635256780788,408.5954645616833,359.0495305555042,0.7811028335780147,12.908553907425787,13.676910969805094,44211930.0,0.5457033882031388,405.989990234375,349.20001220703125,0.020716505931803842,0.0,0.2915901457416719,-0.05118789528991201
2026-07-22,MSFT,399.5799865722656,401.0,386.9599914550781,390.3399963378906,28142500,-0.018629801790344125,-0.013371100471736952,0.043857286702174036,49.17096353173481,0.9308595424367474,0.3896397708186896,-1.9980146805658447,2.3876544513845346,391.02699566962696,395.8724407121814,423.40144098960644,-0.001756910237258312,-0.01397532084915484,-0.07808533805279921,0.987760084956057,11.921251639050732,0.9949845879059338,409.1368458313551,360.1481486754808,0.6163023190093038,12.736163451954347,12.743956280650732,43586675.0,0.6456675119173463,405.989990234375,349.20001220703125,0.040093236776426074,1.0,0.31610899546161064,-0.03317615876145885
2026-07-23,MSFT,389.9700012207031,391.7799987792969,377.3900146484375,381.5799865722656,30351800,-0.022441998892785864,-0.048666215991560735,0.044108782066693,44.667821864502486,-1.8670943920378662,-0.4720660505682872,-1.6928249545663334,1.2207589039980462,390.1272805174973,395.3119523145376,422.9853071148071,-0.021908988097150774,-0.034737036565354984,-0.09788831868645283,0.9868846065324226,12.09758967417992,1.0076235086928795,408.3757004677342,362.5212935508205,0.4156349259075297,11.896377148361289,12.627327436823938,42878770.0,0.7078514612242842,405.989990234375,349.20001220703125,0.06397086985977556,1.0,0.34632317874841456,-0.002437215547218232
2026-07-24,MSFT,387.04998779296875,389.0299987792969,380.6499938964844,381.70001220703125,27659400,0.0003145490827332065,-0.03077546821334931,0.08182418369605493,44.74249291889615,-0.4278145110153937,-1.1322373295019474,-1.5807074295534562,0.4484701000515088,389.3246835355481,394.7781507416942,422.5745081605009,-0.019584351187999224,-0.03312781750989062,-0.09672731119394624,0.9861859953599221,11.832047903367961,0.9836818120316716,404.42307520204974,369.3609213799815,0.3519205035055057,9.06251718230029,12.519029224699057,40952790.0,0.6753972073697543,405.989990234375,355.42999267578125,0.06363630403597939,1.0,0.34589982719232054,0.01647885204659651
2026-07-27,MSFT,390.0799865722656,394.20001220703125,387.989990234375,389.1000061035156,27856200,0.01938693649417722,-0.03278729812135861,0.043247459125453025,49.286510907084306,1.2332243034137829,-1.0462496465594313,-1.4738158729546513,0.42756622639522,389.30328568487835,394.55547840294213,422.24142853804335,-0.0005221625114339927,-0.013826882651607883,-0.0784892722376285,0.986688329004265,11.879758767413106,0.9852806362029629,404.0370280375396,371.35996903277294,0.5428896483050976,8.428471899744412,11.925924024799576,33035520.0,0.8432196617459026,405.989990234375,359.8999938964844,0.04340782283710873,1.0,0.3203031930358747,-0.0009252527974642254
2026-07-28,MSFT,393.1600036621094,400.32000732421875,391.29998779296875,393.3500061035156,32367500,0.010922641823010837,-0.011062209670608114,0.06723281408380788,51.741044196171174,2.142300667162904,-0.6279259673701745,-1.304637891837756,0.6767119244675814,389.68868762951047,394.5082049794352,421.95395169789884,0.0093954959182343,-0.0029358042780883767,-0.0677892587076951,0.9877834800668417,11.832633228362393,0.9791622807570783,402.8664300649821,375.00856688326,0.6583936140618873,7.162555241141321,11.318712809894862,32092400.0,1.0085721229948523,405.989990234375,367.45001220703125,0.03213419075817416,1.0,0.30603780983177276,-0.011719882541268944
2026-07-29,MSFT,393.3999938964844,401.25,388.739990234375,390.5400085449219,47209000,-0.007143758777149345,0.000512405105568714,0.04696804473555405,50.01732087750313,-0.1150877773580311,-0.5171829929944352,-1.1471469120690918,0.6299639190746567,389.7697658119306,394.35258943298373,421.641375149113,0.001976147973886022,-0.009667949419436384,-0.07376260594253135,0.988378867683756,11.881017266738294,0.9818362252035185,401.6788191109302,377.948179790437,0.5306148133822457,6.087690486330997,10.518690313124088,32205565.0,1.4658646727669582,405.989990234375,373.3500061035156,0.03956056063760738,1.0,0.31543495987212844,0.10728732775060824
2026-07-30,MSFT,437.8999938964844,458.69000244140625,432.44000244140625,451.1000061035156,110160700,0.15506733300956488,0.1821898998313527,0.17388364613427454,71.81230398776538,17.19014228217546,4.406472225142124,-0.03642308462684862,4.442895309768973,395.61074107779586,396.5779783220242,421.93449585512695,0.14026228123772755,0.13748122881704491,0.06912331306137791,0.9975610414669975,15.900229883148727,1.3033205872612816,422.15829147345573,364.15070816033335,1.4989298463587732,14.754398929718086,12.88521675920913,35310310.0,3.1197885263539176,458.69000244140625,373.3500061035156,0.016825529228986315,1.0,0.13883833632860212,-0.003923785207938629
2026-07-31,MSFT,450.0,466.8399963378906,449.3299865722656,464.7200012207031,60846000,0.030192850660396786,0.21750061922618547,0.19009452954677464,74.50489054274922,17.46328526279381,9.300315984026042,1.8309247291037296,7.4693912549223125,402.19257537712036,399.25021451412925,422.360222276675,0.1554663851886203,0.1639818447843483,0.1002930122436564,1.0073697164234985,16.01521416046846,1.3027338726690725,439.39861445375,354.33338627867187,1.297670238594289,21.43424432845937,15.334017352030518,36246165.0,1.6786879384343143,466.8399963378906,373.3500061035156,0.004561876208510068,1.0,0.10546130814105252,0.02212084427675566
2026-08-03,MSFT,476.1300048828125,491.6499938964844,475.0,487.6499938964844,66762100,0.049341523101114504,0.2532767572528658,0.2609246682789519,78.26855092577537,21.57815668809339,14.857710755190851,4.436281934321154,10.421428820869696,410.33137714086934,402.7168725291236,423.00987174552887,0.18842969624784722,0.2109003301350837,0.15280996134728758,1.0189078360782962,16.79484119727652,1.3540244941834123,459.66125771548616,344.1617433831467,1.242327739149302,28.737548981424858,18.24909973802018,37873045.0,1.7627866996171024,491.6499938964844,373.3500061035156,0.008202604429539045,0.0,0.05348095334499633,-0.021531836627540043
2026-08-04,MSFT,480.8999938964844,499.44000244140625,479.1700134277344,492.80999755859375,50455500,0.010581367223813976,0.2528536669932169,0.26738504834866883,79.01914896276503,25.135845917772247,19.454100560286633,7.4398456595142495,12.014254900772384,418.18648384731927,406.24993625576946,423.70440036058426,0.17844554186624428,0.21307095356275216,0.16309860633781129,1.0293822756049213,17.04306604130476,1.3613045055198676,476.7179839775809,337.5020172431222,1.1155902872240715,34.1961549767242,21.126157860390066,38930945.0,1.2960255652669104,499.44000244140625,373.3500061035156,0.013453470740565073,0.0,0.04245040282014352,-0.03177696016657504
2026-08-05,MSFT,496.3599853515625,498.239990234375,485.67999267578125,487.4599914550781,33388900,-0.010856123313284671,0.24816915242886828,0.27161265746299046,76.0848401280069,21.17128964207067,22.406780398639228,10.433232607339246,11.973547791299982,424.7839607623439,409.4346443028012,424.3387843515743,0.14754801612624863,0.1905685027830043,0.14875191575985267,1.0374890514838553,16.722846863968257,1.323659709915686,489.2255784416846,335.4064222907372,0.9885216703121563,37.306133163478556,23.797711831162104,39304975.0,0.8494827944808513,499.44000244140625,373.3500061035156,0.024576398466195186,0.0,0.05389157976894764,-0.021150448732865635
2026-08-06,MSFT,488.54998779296875,501.55999755859375,488.5199890136719,499.8599853515625,36441500,0.02543797258000624,0.10809128483331865,0.3004995431414528,78.11346763183082,25.67190077977687,25.453958925858444,13.437377871043086,12.016581054815358,431.93405834226945,412.98073610863497,425.0902390878926,0.15725994673813753,0.2103711908249242,0.1758914681835594,1.0458939620579486,16.5355010953645,1.2968733619407344,502.6969269084491,333.4850738239728,0.9832343804220955,40.47249353281022,26.35591323644916,39572890.0,0.9208703230923999,501.55999755859375,377.3900146484375,0.0034009767872009013,0.0,0.027747760420215328,-0.04543270539870418
2026-08-07,MSFT,499.2099914550781,505.17999267578125,498.7300109863281,499.989990234375,28846200,0.0002600825963716691,0.07589513883849719,0.29833804806530373,78.13440938852291,28.090893816981,27.561646663751844,16.26223162958484,11.299415034167005,438.41557566532714,416.39286372140907,425.835510243579,0.14044759809366744,0.20076503176792443,0.17413878882101513,1.0528892636321727,15.815106852085114,1.2299390649556814,514.1127031699609,333.5582959755469,0.921781400105182,42.60011428406099,28.817338137354856,39782970.0,0.7250891524690087,505.17999267578125,377.3900146484375,0.010380212689804803,0.0,0.03558079043574603,-0.045680907186130194
2026-08-10,MSFT,503.44000244140625,513.72998046875,502.2699890136719,506.05999755859375,31206100,0.012140257690705702,0.037752494396662284,0.2943042282367414,79.13810966364169,32.622258862298445,29.383093234531998,18.886403950574273,10.496689283957725,444.85790155992396,419.90922191110263,426.63376384870355,0.13757673132040682,0.20516523846606435,0.1861695919080066,1.0594144599522561,15.66688423653439,1.2093789923786173,525.265384384348,333.9126154935817,0.8996336089773668,44.54321896462742,31.300115417042587,39897530.0,0.7821561886161875,513.72998046875,377.3900146484375,0.015156271879142496,0.0,0.02315937200099333,-0.057127620838598396
2026-08-11,MSFT,504.3299865722656,505.3299865722656,499.54998779296875,503.80999755859375,23049800,-0.0044461131305670865,0.022320975740132143,0.3088353912264319,77.71407519906788,31.99108762022542,30.29581526879531,21.16828621421848,9.12752905457683,450.47238689313065,423.1994484070827,427.40168657218504,0.11840372954561744,0.1904788615744372,0.17877400437797222,1.0644446456362404,15.012821774326577,1.153091859656925,534.1002964659767,336.9657039002342,0.8463471148662991,45.262837140437995,33.33020566848302,39656825.0,0.5812316038916379,513.72998046875,377.3900146484375,0.019689928660064995,0.0,0.027728770381648723,-0.05291678170600174
2026-08-12,MSFT,499.989990234375,501.5,491.5199890136719,492.42999267578125,29001500,-0.022587890152951928,0.010195711048752054,0.2446730192307871,70.77706997679623,26.556151362479252,29.757852766312283,22.88619952463724,6.871653241675041,454.4683493486212,425.91437171173754,428.04873439411136,0.08352978459681408,0.1561713465941973,0.15040637457508022,1.067041592238658,14.818335115083384,1.133360073784502,540.1267627313606,340.6192364141472,0.7609274650634366,45.304214043725175,34.42009219852571,39294215.0,0.7380602971709703,513.72998046875,377.3900146484375,0.04325485472001447,0.0,0.05147947322084494,-0.03102978901887748
2026-08-13,MSFT,493.2699890136719,501.3399963378906,493.010009765625,496.8800048828125,23039000,0.009036842339457563,-0.0059616303686603755,0.23879331169737772,71.83577172720241,26.32007046468724,29.352238072719103,24.179407234253613,5.17283083846549,458.5075546375918,428.6973377184464,428.73362265768054,0.08368989748827699,0.1590461641941568,0.15894807083871473,1.069536743749789,14.396311439870955,1.0981287271518256,546.1036158513484,344.22038317208916,0.7561778146938055,45.35050900586692,35.43212969070821,38593795.0,0.5969612472678575,513.72998046875,377.3900146484375,0.03391155896867187,0.0,0.04206251853300416,-0.039707798245939445
2026-08-14,MSFT,496.3599853515625,500.010009765625,493.9200134277344,495.3999938964844,16217600,-0.0029786084603609098,-0.00918017645861069,0.2579350583593847,70.91557659470209,26.849998222269456,28.581886788826864,25.059903145168267,3.521983643658597,462.02112028129585,431.3131281568009,429.3969696351811,0.07224534150054901,0.1485854743479661,0.15371096893715802,1.0711965162194883,13.803003218300931,1.0515100333085488,550.5584756633723,349.9235220172918,0.7250803971864876,44.56168011417174,36.37187879059196,37752185.0,0.4295804335563624,513.72998046875,377.3900146484375,0.03700037706519573,0.0,0.04517568767888805,-0.03683891849989284
