signal_id,market,symbol,source_run_at,ingested_at,status,final_bias,decision,signal_type,final_score,confidence_pct,price,best_timeframe,entry_price,entry_zone,stop_loss,take_profit_1,model_profile,watch_threshold,trade_ready_threshold,reason,source_file
1ff84b50e046edd8f95b,crypto,BTCUSD,2026-05-09 22:54:25,2026-05-09T16:15:51.346820+00:00,SIGNAL,NEUTRAL,WAIT,WAIT,2.29,22.92,80521.17969,4h,,WAIT,79683.52793,81669.07284,,,,"4h strongest: BULLISH score=5 | above_ema200,ema_bull_stack,trend_strength_bull,regime_trend | weighted_score_neutral",C:\Users\GF\Documents\secret_project\cryto\logs\crypto_models_summary.csv
885e48026465b9b988fa,crypto,ETHUSD,2026-05-09 22:54:25,2026-05-09T16:15:51.346820+00:00,SIGNAL,NEUTRAL,WAIT,WAIT,-1.36,13.58,2316.11011,1h,,WAIT,2329.39869,2298.23926,,,,"1h strongest: BEARISH score=-5 | below_ema200,ema_bear_stack,volume_confirmation,regime_range | weighted_score_neutral",C:\Users\GF\Documents\secret_project\cryto\logs\crypto_models_summary.csv
689b8fd4e4e68b39aad0,crypto,SOLUSD,2026-05-09 22:54:25,2026-05-09T16:15:51.346820+00:00,SIGNAL,NEUTRAL,WAIT,WAIT,2.10,21.00,92.90000,4h,,WAIT,90.63670,96.06863,,,,"4h strongest: BULLISH score=5 | above_ema200,ema_bull_stack,momentum_positive,trend_strength_bull,rsi_long_too_hot,regime_trend | weighted_score_neutral",C:\Users\GF\Documents\secret_project\cryto\logs\crypto_models_summary.csv
e983be27df7225470fa3,crypto,BNBUSD,2026-05-09 22:54:25,2026-05-09T16:15:51.346820+00:00,SIGNAL,NEUTRAL,WAIT,WAIT,1.28,12.83,648.01001,4h,,WAIT,640.03540,658.45950,,,,"4h strongest: BULLISH score=5 | above_ema200,ema_bull_stack,trend_strength_bull,regime_trend | weighted_score_neutral",C:\Users\GF\Documents\secret_project\cryto\logs\crypto_models_summary.csv
36e676743496a8fcbe4e,crypto,XRPUSD,2026-05-09 22:54:25,2026-05-09T16:15:51.346820+00:00,SIGNAL,NEUTRAL,WAIT,WAIT,2.54,25.42,1.41440,4h,,WAIT,1.38851,1.45078,,,,"4h strongest: BULLISH score=7 | above_ema200,ema_bull_stack,momentum_positive,trend_strength_bull,regime_trend | weighted_score_neutral",C:\Users\GF\Documents\secret_project\cryto\logs\crypto_models_summary.csv
b930c16031f7dfb9b549,crypto,BTCUSD,2026-05-11 14:40:25,2026-05-11T07:40:25.372098+00:00,SIGNAL,NEUTRAL,WAIT,WAIT,3.04,30.42,80713.60156,4h,,WAIT,79791.70609,81976.93981,,,,"4h strongest: BULLISH score=8 | above_ema200,ema_bull_stack,momentum_positive,trend_strength_bull,volume_confirmation,regime_trend | weighted_score_neutral",C:\Users\GF\Documents\secret_project\cryto\logs\crypto_models_summary.csv
b8304f10a1d716bf07ff,crypto,ETHUSD,2026-05-11 14:40:25,2026-05-11T07:40:25.372098+00:00,SIGNAL,NEUTRAL,WAIT,WAIT,1.33,13.33,2329.33008,4h,,WAIT,2290.49051,2381.56260,,,,"4h strongest: BULLISH score=7 | above_ema200,ema_bull_stack,momentum_positive,volume_confirmation,regime_range | weighted_score_neutral",C:\Users\GF\Documents\secret_project\cryto\logs\crypto_models_summary.csv
e4dded8f0c693d0c83f9,crypto,SOLUSD,2026-05-11 14:40:25,2026-05-11T07:40:25.372098+00:00,SIGNAL,NEUTRAL,WAIT,WAIT,2.96,29.58,95.34000,4h,,WAIT,92.75585,98.95780,,,,"4h strongest: BULLISH score=7 | above_ema200,ema_bull_stack,momentum_positive,trend_strength_bull,regime_trend | weighted_score_neutral",C:\Users\GF\Documents\secret_project\cryto\logs\crypto_models_summary.csv
653652963012538c7b16,crypto,BNBUSD,2026-05-11 14:40:25,2026-05-11T07:40:25.372098+00:00,SIGNAL,NEUTRAL,WAIT,WAIT,1.69,16.92,650.51001,15m,,WAIT,652.76630,647.55349,,,,"15m strongest: BEARISH score=-5 | below_ema200,momentum_negative,trend_strength_bear,regime_range | weighted_score_neutral",C:\Users\GF\Documents\secret_project\cryto\logs\crypto_models_summary.csv
8c93246238a59000456c,crypto,XRPUSD,2026-05-11 14:40:25,2026-05-11T07:40:25.372098+00:00,SIGNAL,NEUTRAL,WAIT,WAIT,2.53,25.33,1.44700,4h,,WAIT,1.40747,1.50255,,,,"4h strongest: BULLISH score=7 | above_ema200,ema_bull_stack,momentum_positive,trend_strength_bull,regime_trend | weighted_score_neutral",C:\Users\GF\Documents\secret_project\cryto\logs\crypto_models_summary.csv
c1000072117c64ff5497,crypto,BTCUSD,2026-05-11 14:56:28,2026-05-11T07:56:29.019910+00:00,SIGNAL,NEUTRAL,WAIT,WAIT,3.04,30.42,80715.21094,4h,,WAIT,79793.31546,81978.54918,,,,"4h strongest: BULLISH score=8 | above_ema200,ema_bull_stack,momentum_positive,trend_strength_bull,volume_confirmation,regime_trend | weighted_score_neutral",C:\Users\GF\Documents\secret_project\cryto\logs\crypto_models_summary.csv
9ad1197c0e2b224d398a,crypto,ETHUSD,2026-05-11 14:56:28,2026-05-11T07:56:29.019910+00:00,SIGNAL,NEUTRAL,WAIT,WAIT,1.33,13.33,2329.67993,4h,,WAIT,2290.84037,2381.91245,,,,"4h strongest: BULLISH score=7 | above_ema200,ema_bull_stack,momentum_positive,volume_confirmation,regime_range | weighted_score_neutral",C:\Users\GF\Documents\secret_project\cryto\logs\crypto_models_summary.csv
3c50e5be5e0bff6bc38f,crypto,SOLUSD,2026-05-11 14:56:28,2026-05-11T07:56:29.019910+00:00,SIGNAL,NEUTRAL,WAIT,WAIT,2.96,29.58,95.36000,4h,,WAIT,92.77585,98.97781,,,,"4h strongest: BULLISH score=7 | above_ema200,ema_bull_stack,momentum_positive,trend_strength_bull,regime_trend | weighted_score_neutral",C:\Users\GF\Documents\secret_project\cryto\logs\crypto_models_summary.csv
0f6b76997d459d07ad2e,crypto,BNBUSD,2026-05-11 14:56:28,2026-05-11T07:56:29.019910+00:00,SIGNAL,NEUTRAL,WAIT,WAIT,1.69,16.92,650.59998,15m,,WAIT,652.76413,647.76419,,,,"15m strongest: BEARISH score=-5 | below_ema200,momentum_negative,trend_strength_bear,regime_range | weighted_score_neutral",C:\Users\GF\Documents\secret_project\cryto\logs\crypto_models_summary.csv
ec923c1ab52a14602142,crypto,XRPUSD,2026-05-11 14:56:28,2026-05-11T07:56:29.019910+00:00,SIGNAL,NEUTRAL,WAIT,WAIT,3.02,30.17,1.44860,4h,,WAIT,1.40907,1.50415,,,,"4h strongest: BULLISH score=8 | above_ema200,ema_bull_stack,momentum_positive,trend_strength_bull,volume_confirmation,regime_trend | weighted_score_neutral",C:\Users\GF\Documents\secret_project\cryto\logs\crypto_models_summary.csv
3677e4d704df278b3d15,crypto,BTCUSD,2026-05-11 15:07:44,2026-05-11T08:07:44.333227+00:00,SIGNAL,NEUTRAL,WAIT,WAIT,3.44,34.42,80749.00781,4h,,WAIT,79827.11234,82012.34606,,,,"4h strongest: BULLISH score=8 | above_ema200,ema_bull_stack,momentum_positive,trend_strength_bull,volume_confirmation,regime_trend | weighted_score_neutral",C:\Users\GF\Documents\secret_project\cryto\logs\crypto_models_summary.csv
86446c24c89c734e7453,crypto,ETHUSD,2026-05-11 15:07:44,2026-05-11T08:07:44.333227+00:00,SIGNAL,NEUTRAL,WAIT,WAIT,1.93,19.33,2329.65991,4h,,WAIT,2290.82035,2381.89243,,,,"4h strongest: BULLISH score=7 | above_ema200,ema_bull_stack,momentum_positive,volume_confirmation,regime_range | weighted_score_neutral",C:\Users\GF\Documents\secret_project\cryto\logs\crypto_models_summary.csv
709a5b77b1806bbeea1f,crypto,SOLUSD,2026-05-11 15:07:44,2026-05-11T08:07:44.333227+00:00,SIGNAL,NEUTRAL,WAIT,WAIT,2.81,28.08,95.07000,4h,,WAIT,92.46329,98.71939,,,,"4h strongest: BULLISH score=7 | above_ema200,ema_bull_stack,momentum_positive,trend_strength_bull,regime_trend | weighted_score_neutral",C:\Users\GF\Documents\secret_project\cryto\logs\crypto_models_summary.csv
d80c83618b3717c9e781,crypto,BNBUSD,2026-05-11 15:07:44,2026-05-11T08:07:44.333227+00:00,SIGNAL,NEUTRAL,WAIT,WAIT,1.69,16.92,650.35999,15m,,WAIT,652.42756,647.65076,,,,"15m strongest: BEARISH score=-5 | below_ema200,momentum_negative,trend_strength_bear,regime_range | weighted_score_neutral",C:\Users\GF\Documents\secret_project\cryto\logs\crypto_models_summary.csv
aa6fa765f561fcf2390a,crypto,XRPUSD,2026-05-11 15:07:44,2026-05-11T08:07:44.333227+00:00,SIGNAL,NEUTRAL,WAIT,WAIT,2.87,28.67,1.44640,4h,,WAIT,1.40687,1.50195,,,,"4h strongest: BULLISH score=8 | above_ema200,ema_bull_stack,momentum_positive,trend_strength_bull,volume_confirmation,regime_trend | weighted_score_neutral",C:\Users\GF\Documents\secret_project\cryto\logs\crypto_models_summary.csv
d6504a9fe7341a9e027c,crypto,BTCUSD,2026-05-11 15:15:55,2026-05-11T08:15:55.537932+00:00,SIGNAL,NEUTRAL,WAIT,WAIT,3.29,32.92,80740.25781,4h,,WAIT,79814.95268,82008.26854,,,,"4h strongest: BULLISH score=8 | above_ema200,ema_bull_stack,momentum_positive,trend_strength_bull,volume_confirmation,regime_trend | weighted_score_neutral",C:\Users\GF\Documents\secret_project\cryto\logs\crypto_models_summary.csv
4e914df7563be7ca1deb,crypto,ETHUSD,2026-05-11 15:15:55,2026-05-11T08:15:55.537932+00:00,SIGNAL,NEUTRAL,WAIT,WAIT,1.93,19.33,2330.48999,4h,,WAIT,2291.50956,2382.91195,,,,"4h strongest: BULLISH score=7 | above_ema200,ema_bull_stack,momentum_positive,volume_confirmation,regime_range | weighted_score_neutral",C:\Users\GF\Documents\secret_project\cryto\logs\crypto_models_summary.csv
7b7d09cb41353a272ba1,crypto,SOLUSD,2026-05-11 15:15:55,2026-05-11T08:15:55.537932+00:00,SIGNAL,NEUTRAL,WAIT,WAIT,2.81,28.08,95.05000,4h,,WAIT,92.43211,98.71506,,,,"4h strongest: BULLISH score=7 | above_ema200,ema_bull_stack,momentum_positive,trend_strength_bull,regime_trend | weighted_score_neutral",C:\Users\GF\Documents\secret_project\cryto\logs\crypto_models_summary.csv
04ffc2c84f906d698139,crypto,BNBUSD,2026-05-11 15:15:55,2026-05-11T08:15:55.537932+00:00,SIGNAL,NEUTRAL,WAIT,WAIT,2.18,21.75,650.70001,4h,,WAIT,641.07214,663.31584,,,,"4h strongest: BULLISH score=6 | above_ema200,ema_bull_stack,trend_strength_bull,volume_confirmation,regime_trend | weighted_score_neutral",C:\Users\GF\Documents\secret_project\cryto\logs\crypto_models_summary.csv
c9f23c52f2d2835eff75,crypto,XRPUSD,2026-05-11 15:15:55,2026-05-11T08:15:55.537932+00:00,SIGNAL,NEUTRAL,WAIT,WAIT,3.09,30.92,1.44840,4h,,WAIT,1.40887,1.50395,,,,"4h strongest: BULLISH score=8 | above_ema200,ema_bull_stack,momentum_positive,trend_strength_bull,volume_confirmation,regime_trend | weighted_score_neutral",C:\Users\GF\Documents\secret_project\cryto\logs\crypto_models_summary.csv
2b36272ea375a7da5bc7,crypto,BTCUSD,2026-05-11 15:24:34,2026-05-11T08:24:34.363333+00:00,SIGNAL,NEUTRAL,WAIT,WAIT,3.29,32.92,80746.64844,4h,,WAIT,79821.34331,82014.65917,,,,"4h strongest: BULLISH score=8 | above_ema200,ema_bull_stack,momentum_positive,trend_strength_bull,volume_confirmation,regime_trend | weighted_score_neutral",C:\Users\GF\Documents\secret_project\cryto\logs\crypto_models_summary.csv
c0a1109d3c3504fd8992,crypto,ETHUSD,2026-05-11 15:24:34,2026-05-11T08:24:34.364344+00:00,SIGNAL,NEUTRAL,WAIT,WAIT,1.93,19.33,2331.67993,4h,,WAIT,2292.69950,2384.10189,,,,"4h strongest: BULLISH score=7 | above_ema200,ema_bull_stack,momentum_positive,volume_confirmation,regime_range | weighted_score_neutral",C:\Users\GF\Documents\secret_project\cryto\logs\crypto_models_summary.csv
66a3b5804641fbab7bd5,crypto,SOLUSD,2026-05-11 15:24:34,2026-05-11T08:24:34.364344+00:00,SIGNAL,NEUTRAL,WAIT,WAIT,2.81,28.08,95.03000,4h,,WAIT,92.41210,98.69505,,,,"4h strongest: BULLISH score=7 | above_ema200,ema_bull_stack,momentum_positive,trend_strength_bull,regime_trend | weighted_score_neutral",C:\Users\GF\Documents\secret_project\cryto\logs\crypto_models_summary.csv
664bc2472dd166d33a4b,crypto,BNBUSD,2026-05-11 15:24:34,2026-05-11T08:24:34.364344+00:00,SIGNAL,NEUTRAL,WAIT,WAIT,1.84,18.42,651.09998,4h,,WAIT,641.51518,663.65936,,,,"4h strongest: BULLISH score=5 | above_ema200,ema_bull_stack,trend_strength_bull,regime_trend | weighted_score_neutral",C:\Users\GF\Documents\secret_project\cryto\logs\crypto_models_summary.csv
f9d69151d1bd4edf9db2,crypto,XRPUSD,2026-05-11 15:24:34,2026-05-11T08:24:34.364344+00:00,SIGNAL,NEUTRAL,WAIT,WAIT,2.87,28.67,1.44800,4h,,WAIT,1.40847,1.50355,,,,"4h strongest: BULLISH score=8 | above_ema200,ema_bull_stack,momentum_positive,trend_strength_bull,volume_confirmation,regime_trend | weighted_score_neutral",C:\Users\GF\Documents\secret_project\cryto\logs\crypto_models_summary.csv
1a2bfecbd5ff7718054a,crypto,BTCUSD,2026-05-11 15:34:45,2026-05-11T08:34:45.258830+00:00,SIGNAL,NEUTRAL,WAIT,WAIT,2.89,28.92,80688.60156,4h,,WAIT,79762.46584,81957.75051,,,,"4h strongest: BULLISH score=8 | above_ema200,ema_bull_stack,momentum_positive,trend_strength_bull,volume_confirmation,regime_trend | weighted_score_neutral",C:\Users\GF\Documents\secret_project\cryto\logs\crypto_models_summary.csv
9ea18659a60eb27eb884,crypto,ETHUSD,2026-05-11 15:34:45,2026-05-11T08:34:45.258830+00:00,SIGNAL,NEUTRAL,WAIT,WAIT,1.93,19.33,2329.82007,4h,,WAIT,2290.83134,2382.25318,,,,"4h strongest: BULLISH score=7 | above_ema200,ema_bull_stack,momentum_positive,volume_confirmation,regime_range | weighted_score_neutral",C:\Users\GF\Documents\secret_project\cryto\logs\crypto_models_summary.csv
d8ac30a125ff86b501d3,crypto,SOLUSD,2026-05-11 15:34:45,2026-05-11T08:34:45.258830+00:00,SIGNAL,NEUTRAL,WAIT,WAIT,3.47,34.67,94.69000,4h,,WAIT,92.03211,98.41106,,,,"4h strongest: BULLISH score=8 | above_ema200,ema_bull_stack,momentum_positive,trend_strength_bull,volume_confirmation,regime_trend | weighted_score_neutral",C:\Users\GF\Documents\secret_project\cryto\logs\crypto_models_summary.csv
c2bd8876da19fb64e754,crypto,BNBUSD,2026-05-11 15:34:45,2026-05-11T08:34:45.258830+00:00,SIGNAL,NEUTRAL,WAIT,WAIT,2.18,21.75,650.67999,4h,,WAIT,641.05212,663.29582,,,,"4h strongest: BULLISH score=6 | above_ema200,ema_bull_stack,trend_strength_bull,volume_confirmation,regime_trend | weighted_score_neutral",C:\Users\GF\Documents\secret_project\cryto\logs\crypto_models_summary.csv
4be195fd97449caf8f57,crypto,XRPUSD,2026-05-11 15:34:45,2026-05-11T08:34:45.258830+00:00,SIGNAL,NEUTRAL,WAIT,WAIT,2.87,28.67,1.44370,4h,,WAIT,1.40405,1.49942,,,,"4h strongest: BULLISH score=8 | above_ema200,ema_bull_stack,momentum_positive,trend_strength_bull,volume_confirmation,regime_trend | weighted_score_neutral",C:\Users\GF\Documents\secret_project\cryto\logs\crypto_models_summary.csv
b61f81b8a93c8bd69cf7,crypto,BTCUSD,2026-05-11 15:43:58,2026-05-11T08:43:58.195791+00:00,SIGNAL,NEUTRAL,WAIT,WAIT,3.44,34.42,80810.11719,4h,,WAIT,79883.98147,82079.26614,,,,"4h strongest: BULLISH score=8 | above_ema200,ema_bull_stack,momentum_positive,trend_strength_bull,volume_confirmation,regime_trend | weighted_score_neutral",C:\Users\GF\Documents\secret_project\cryto\logs\crypto_models_summary.csv
6d515d0fe188bc342ed5,crypto,ETHUSD,2026-05-11 15:43:58,2026-05-11T08:43:58.195791+00:00,SIGNAL,NEUTRAL,WAIT,WAIT,2.53,25.33,2333.59009,4h,,WAIT,2294.60136,2386.02320,,,,"4h strongest: BULLISH score=7 | above_ema200,ema_bull_stack,momentum_positive,volume_confirmation,regime_range | weighted_score_neutral",C:\Users\GF\Documents\secret_project\cryto\logs\crypto_models_summary.csv
01fbff3cf2291fdf98b4,crypto,SOLUSD,2026-05-11 15:43:58,2026-05-11T08:43:58.195791+00:00,SIGNAL,NEUTRAL,WAIT,WAIT,3.47,34.67,94.89000,4h,,WAIT,92.23210,98.61106,,,,"4h strongest: BULLISH score=8 | above_ema200,ema_bull_stack,momentum_positive,trend_strength_bull,volume_confirmation,regime_trend | weighted_score_neutral",C:\Users\GF\Documents\secret_project\cryto\logs\crypto_models_summary.csv
70deeec34e8e032df837,crypto,BNBUSD,2026-05-11 15:43:58,2026-05-11T08:43:58.195791+00:00,SIGNAL,NEUTRAL,WAIT,WAIT,2.57,25.75,651.59998,4h,,WAIT,642.01518,664.15936,,,,"4h strongest: BULLISH score=6 | above_ema200,ema_bull_stack,trend_strength_bull,volume_confirmation,regime_trend | weighted_score_neutral",C:\Users\GF\Documents\secret_project\cryto\logs\crypto_models_summary.csv
bf90516ce0f8ca4705c8,crypto,XRPUSD,2026-05-11 15:43:58,2026-05-11T08:43:58.195791+00:00,SIGNAL,NEUTRAL,WAIT,WAIT,2.87,28.67,1.44660,4h,,WAIT,1.40701,1.50225,,,,"4h strongest: BULLISH score=8 | above_ema200,ema_bull_stack,momentum_positive,trend_strength_bull,volume_confirmation,regime_trend | weighted_score_neutral",C:\Users\GF\Documents\secret_project\cryto\logs\crypto_models_summary.csv
c5fe6226ca477d575829,crypto,BTCUSD,2026-05-11 15:53:20,2026-05-11T08:53:20.184812+00:00,SIGNAL,NEUTRAL,WAIT,WAIT,3.64,36.42,80810.75781,4h,,WAIT,79882.11836,82083.33780,,,,"4h strongest: BULLISH score=8 | above_ema200,ema_bull_stack,momentum_positive,trend_strength_bull,volume_confirmation,regime_trend | weighted_score_neutral",C:\Users\GF\Documents\secret_project\cryto\logs\crypto_models_summary.csv
57efc15b88d5a2a96f47,crypto,ETHUSD,2026-05-11 15:53:20,2026-05-11T08:53:20.185646+00:00,SIGNAL,NEUTRAL,WAIT,WAIT,1.93,19.33,2332.36011,4h,,WAIT,2293.52912,2384.58109,,,,"4h strongest: BULLISH score=7 | above_ema200,ema_bull_stack,momentum_positive,volume_confirmation,regime_range | weighted_score_neutral",C:\Users\GF\Documents\secret_project\cryto\logs\crypto_models_summary.csv
45d199fc10beaa21b348,crypto,SOLUSD,2026-05-11 15:53:20,2026-05-11T08:53:20.185646+00:00,SIGNAL,NEUTRAL,WAIT,WAIT,3.07,30.67,94.90000,4h,,WAIT,92.24210,98.62106,,,,"4h strongest: BULLISH score=8 | above_ema200,ema_bull_stack,momentum_positive,trend_strength_bull,volume_confirmation,regime_trend | weighted_score_neutral",C:\Users\GF\Documents\secret_project\cryto\logs\crypto_models_summary.csv
6e2f11c26c1cb30d9970,crypto,BNBUSD,2026-05-11 15:53:20,2026-05-11T08:53:20.185646+00:00,SIGNAL,NEUTRAL,WAIT,WAIT,2.18,21.75,651.47998,4h,,WAIT,641.85211,664.09581,,,,"4h strongest: BULLISH score=6 | above_ema200,ema_bull_stack,trend_strength_bull,volume_confirmation,regime_trend | weighted_score_neutral",C:\Users\GF\Documents\secret_project\cryto\logs\crypto_models_summary.csv
52c2d678edda616e507e,crypto,XRPUSD,2026-05-11 15:53:20,2026-05-11T08:53:20.185646+00:00,SIGNAL,NEUTRAL,WAIT,WAIT,2.87,28.67,1.44800,4h,,WAIT,1.40841,1.50365,,,,"4h strongest: BULLISH score=8 | above_ema200,ema_bull_stack,momentum_positive,trend_strength_bull,volume_confirmation,regime_trend | weighted_score_neutral",C:\Users\GF\Documents\secret_project\cryto\logs\crypto_models_summary.csv
5fbf7046105335af6527,crypto,BTCUSD,2026-05-11 16:03:25,2026-05-11T09:03:26.144754+00:00,SIGNAL,NEUTRAL,WAIT,WAIT,3.29,32.92,80746.14844,4h,,WAIT,79817.50899,82018.72842,,,,"4h strongest: BULLISH score=8 | above_ema200,ema_bull_stack,momentum_positive,trend_strength_bull,volume_confirmation,regime_trend | weighted_score_neutral",C:\Users\GF\Documents\secret_project\cryto\logs\crypto_models_summary.csv
3b0a056a0ddf57b3e090,crypto,ETHUSD,2026-05-11 16:03:25,2026-05-11T09:03:26.144754+00:00,SIGNAL,NEUTRAL,WAIT,WAIT,1.73,17.33,2331.06006,4h,,WAIT,2292.07133,2383.49317,,,,"4h strongest: BULLISH score=7 | above_ema200,ema_bull_stack,momentum_positive,volume_confirmation,regime_range | weighted_score_neutral",C:\Users\GF\Documents\secret_project\cryto\logs\crypto_models_summary.csv
0dd78fd025b585065211,crypto,SOLUSD,2026-05-11 16:03:25,2026-05-11T09:03:26.144754+00:00,SIGNAL,NEUTRAL,WAIT,WAIT,2.87,28.67,94.81000,4h,,WAIT,92.15210,98.53105,,,,"4h strongest: BULLISH score=8 | above_ema200,ema_bull_stack,momentum_positive,trend_strength_bull,volume_confirmation,regime_trend | weighted_score_neutral",C:\Users\GF\Documents\secret_project\cryto\logs\crypto_models_summary.csv
95654f9f6a0672528efd,crypto,BNBUSD,2026-05-11 16:03:25,2026-05-11T09:03:26.144754+00:00,SIGNAL,NEUTRAL,WAIT,WAIT,2.02,20.25,650.90997,4h,,WAIT,641.28210,663.52580,,,,"4h strongest: BULLISH score=6 | above_ema200,ema_bull_stack,trend_strength_bull,volume_confirmation,regime_trend | weighted_score_neutral",C:\Users\GF\Documents\secret_project\cryto\logs\crypto_models_summary.csv
77cc3ed76fbbbb9fbcfd,crypto,XRPUSD,2026-05-11 16:03:25,2026-05-11T09:03:26.144754+00:00,SIGNAL,NEUTRAL,WAIT,WAIT,3.07,30.67,1.44690,4h,,WAIT,1.40725,1.50262,,,,"4h strongest: BULLISH score=8 | above_ema200,ema_bull_stack,momentum_positive,trend_strength_bull,volume_confirmation,regime_trend | weighted_score_neutral",C:\Users\GF\Documents\secret_project\cryto\logs\crypto_models_summary.csv
7f6c009739cf1a26dcc1,crypto,BTCUSD,2026-05-11 16:12:04,2026-05-11T09:12:04.952293+00:00,SIGNAL,NEUTRAL,WAIT,WAIT,3.29,32.92,80860.24219,4h,,WAIT,79931.60274,82132.82217,,,,"4h strongest: BULLISH score=8 | above_ema200,ema_bull_stack,momentum_positive,trend_strength_bull,volume_confirmation,regime_trend | weighted_score_neutral",C:\Users\GF\Documents\secret_project\cryto\logs\crypto_models_summary.csv
dceb9fc951600dda088e,crypto,ETHUSD,2026-05-11 16:12:04,2026-05-11T09:12:04.952293+00:00,SIGNAL,NEUTRAL,WAIT,WAIT,2.18,21.83,2334.83008,4h,,WAIT,2295.84135,2387.26319,,,,"4h strongest: BULLISH score=7 | above_ema200,ema_bull_stack,momentum_positive,volume_confirmation,regime_range | weighted_score_neutral",C:\Users\GF\Documents\secret_project\cryto\logs\crypto_models_summary.csv
42ad0bb00c3dad21a344,crypto,SOLUSD,2026-05-11 16:12:04,2026-05-11T09:12:04.952293+00:00,SIGNAL,NEUTRAL,WAIT,WAIT,3.07,30.67,95.17000,4h,,WAIT,92.51210,98.89105,,,,"4h strongest: BULLISH score=8 | above_ema200,ema_bull_stack,momentum_positive,trend_strength_bull,volume_confirmation,regime_trend | weighted_score_neutral",C:\Users\GF\Documents\secret_project\cryto\logs\crypto_models_summary.csv
eb056aa149964095f34a,crypto,BNBUSD,2026-05-11 16:12:04,2026-05-11T09:12:04.952293+00:00,SIGNAL,NEUTRAL,WAIT,WAIT,2.40,24.00,652.09998,4h,,WAIT,642.47211,664.71580,,,,"4h strongest: BULLISH score=6 | above_ema200,ema_bull_stack,trend_strength_bull,volume_confirmation,regime_trend | weighted_score_neutral",C:\Users\GF\Documents\secret_project\cryto\logs\crypto_models_summary.csv
4bcc4c0f3a2ebbe5f127,crypto,XRPUSD,2026-05-11 16:12:04,2026-05-11T09:12:04.952293+00:00,SIGNAL,NEUTRAL,WAIT,WAIT,3.29,32.92,1.44970,4h,,WAIT,1.41011,1.50535,,,,"4h strongest: BULLISH score=8 | above_ema200,ema_bull_stack,momentum_positive,trend_strength_bull,volume_confirmation,regime_trend | weighted_score_neutral",C:\Users\GF\Documents\secret_project\cryto\logs\crypto_models_summary.csv
fccb510f216ff534a03e,crypto,BTCUSD,2026-05-11 16:20:07,2026-05-11T09:20:08.093146+00:00,SIGNAL,NEUTRAL,WAIT,WAIT,3.67,36.67,80901.00000,4h,,WAIT,79972.36055,82173.57998,,,,"4h strongest: BULLISH score=8 | above_ema200,ema_bull_stack,momentum_positive,trend_strength_bull,volume_confirmation,regime_trend | weighted_score_neutral",C:\Users\GF\Documents\secret_project\cryto\logs\crypto_models_summary.csv
0a0626e05da7bab86ffa,crypto,ETHUSD,2026-05-11 16:20:07,2026-05-11T09:20:08.093146+00:00,SIGNAL,NEUTRAL,WAIT,WAIT,2.18,21.83,2335.09009,4h,,WAIT,2296.10136,2387.52320,,,,"4h strongest: BULLISH score=7 | above_ema200,ema_bull_stack,momentum_positive,volume_confirmation,regime_range | weighted_score_neutral",C:\Users\GF\Documents\secret_project\cryto\logs\crypto_models_summary.csv
3e319034541e8a91e1ee,crypto,SOLUSD,2026-05-11 16:20:07,2026-05-11T09:20:08.093146+00:00,SIGNAL,NEUTRAL,WAIT,WAIT,3.07,30.67,95.13000,4h,,WAIT,92.47210,98.85105,,,,"4h strongest: BULLISH score=8 | above_ema200,ema_bull_stack,momentum_positive,trend_strength_bull,volume_confirmation,regime_trend | weighted_score_neutral",C:\Users\GF\Documents\secret_project\cryto\logs\crypto_models_summary.csv
ca7b851ebefe35e37cd8,crypto,BNBUSD,2026-05-11 16:20:07,2026-05-11T09:20:08.093146+00:00,SIGNAL,NEUTRAL,WAIT,WAIT,2.02,20.25,651.79999,4h,,WAIT,642.17212,664.41582,,,,"4h strongest: BULLISH score=6 | above_ema200,ema_bull_stack,trend_strength_bull,volume_confirmation,regime_trend | weighted_score_neutral",C:\Users\GF\Documents\secret_project\cryto\logs\crypto_models_summary.csv
584c9f42ad5c4585ed5a,crypto,XRPUSD,2026-05-11 16:20:07,2026-05-11T09:20:08.093146+00:00,SIGNAL,NEUTRAL,WAIT,WAIT,3.09,30.92,1.44970,4h,,WAIT,1.41011,1.50535,,,,"4h strongest: BULLISH score=8 | above_ema200,ema_bull_stack,momentum_positive,trend_strength_bull,volume_confirmation,regime_trend | weighted_score_neutral",C:\Users\GF\Documents\secret_project\cryto\logs\crypto_models_summary.csv
35620d6b7a84defbf5e0,crypto,BTCUSD,2026-05-11 16:25:23,2026-05-11T09:25:23.889524+00:00,SIGNAL,NEUTRAL,WAIT,WAIT,3.67,36.67,80899.86719,4h,,WAIT,79971.22774,82172.44717,,,,"4h strongest: BULLISH score=8 | above_ema200,ema_bull_stack,momentum_positive,trend_strength_bull,volume_confirmation,regime_trend | weighted_score_neutral",C:\Users\GF\Documents\secret_project\cryto\logs\crypto_models_summary.csv
1dcd9731b96b2ff6187d,crypto,ETHUSD,2026-05-11 16:25:23,2026-05-11T09:25:23.889524+00:00,SIGNAL,NEUTRAL,WAIT,WAIT,2.18,21.83,2336.18994,4h,,WAIT,2297.20121,2388.62306,,,,"4h strongest: BULLISH score=7 | above_ema200,ema_bull_stack,momentum_positive,volume_confirmation,regime_range | weighted_score_neutral",C:\Users\GF\Documents\secret_project\cryto\logs\crypto_models_summary.csv
93e0c9f6cf965f430b97,crypto,SOLUSD,2026-05-11 16:25:23,2026-05-11T09:25:23.889524+00:00,SIGNAL,NEUTRAL,WAIT,WAIT,3.07,30.67,95.18000,4h,,WAIT,92.52210,98.90106,,,,"4h strongest: BULLISH score=8 | above_ema200,ema_bull_stack,momentum_positive,trend_strength_bull,volume_confirmation,regime_trend | weighted_score_neutral",C:\Users\GF\Documents\secret_project\cryto\logs\crypto_models_summary.csv
614fc9d18b3bde725890,crypto,BNBUSD,2026-05-11 16:25:23,2026-05-11T09:25:23.889524+00:00,SIGNAL,NEUTRAL,WAIT,WAIT,2.02,20.25,651.60999,4h,,WAIT,641.98212,664.22581,,,,"4h strongest: BULLISH score=6 | above_ema200,ema_bull_stack,trend_strength_bull,volume_confirmation,regime_trend | weighted_score_neutral",C:\Users\GF\Documents\secret_project\cryto\logs\crypto_models_summary.csv
b61b49d0688b129d2d8f,crypto,XRPUSD,2026-05-11 16:25:23,2026-05-11T09:25:23.889524+00:00,SIGNAL,NEUTRAL,WAIT,WAIT,3.09,30.92,1.45010,4h,,WAIT,1.41045,1.50582,,,,"4h strongest: BULLISH score=8 | above_ema200,ema_bull_stack,momentum_positive,trend_strength_bull,volume_confirmation,regime_trend | weighted_score_neutral",C:\Users\GF\Documents\secret_project\cryto\logs\crypto_models_summary.csv
32fb555b0ebe55dfe0f9,crypto,BTCUSD,2026-05-11 16:34:24,2026-05-11T09:34:25.040210+00:00,SIGNAL,NEUTRAL,WAIT,WAIT,3.64,36.42,80871.46094,4h,,WAIT,79942.82149,82144.04092,,,,"4h strongest: BULLISH score=8 | above_ema200,ema_bull_stack,momentum_positive,trend_strength_bull,volume_confirmation,regime_trend | weighted_score_neutral",C:\Users\GF\Documents\secret_project\cryto\logs\crypto_models_summary.csv
3cc46f9ea204ba338e90,crypto,ETHUSD,2026-05-11 16:34:24,2026-05-11T09:34:25.040210+00:00,SIGNAL,NEUTRAL,WAIT,WAIT,2.61,26.08,2334.58008,4h,,WAIT,2295.59135,2387.01319,,,,"4h strongest: BULLISH score=7 | above_ema200,ema_bull_stack,momentum_positive,volume_confirmation,regime_range | weighted_score_neutral",C:\Users\GF\Documents\secret_project\cryto\logs\crypto_models_summary.csv
2b93d8783d370f44b1a1,crypto,SOLUSD,2026-05-11 16:34:24,2026-05-11T09:34:25.040210+00:00,SIGNAL,NEUTRAL,WAIT,WAIT,3.07,30.67,95.21000,4h,,WAIT,92.55210,98.93106,,,,"4h strongest: BULLISH score=8 | above_ema200,ema_bull_stack,momentum_positive,trend_strength_bull,volume_confirmation,regime_trend | weighted_score_neutral",C:\Users\GF\Documents\secret_project\cryto\logs\crypto_models_summary.csv
43afd51a48c2c5055766,crypto,BNBUSD,2026-05-11 16:34:24,2026-05-11T09:34:25.040210+00:00,SIGNAL,NEUTRAL,WAIT,WAIT,2.18,21.75,651.97998,4h,,WAIT,642.39519,664.53937,,,,"4h strongest: BULLISH score=6 | above_ema200,ema_bull_stack,trend_strength_bull,volume_confirmation,regime_trend | weighted_score_neutral",C:\Users\GF\Documents\secret_project\cryto\logs\crypto_models_summary.csv
22763f0b9333b5496f3e,crypto,XRPUSD,2026-05-11 16:34:24,2026-05-11T09:34:25.040210+00:00,SIGNAL,NEUTRAL,WAIT,WAIT,3.09,30.92,1.45200,4h,,WAIT,1.41241,1.50765,,,,"4h strongest: BULLISH score=8 | above_ema200,ema_bull_stack,momentum_positive,trend_strength_bull,volume_confirmation,regime_trend | weighted_score_neutral",C:\Users\GF\Documents\secret_project\cryto\logs\crypto_models_summary.csv
705418ec267ae52fb68d,crypto,BTCUSD,2026-05-11 16:51:05,2026-05-11T09:51:05.759824+00:00,SIGNAL,BULLISH,BULLISH_WATCH,WATCH,4.02,40.17,80952.50781,4h,,WAIT,80023.86836,82225.08780,,,,"4h strongest: BULLISH score=8 | above_ema200,ema_bull_stack,momentum_positive,trend_strength_bull,volume_confirmation,regime_trend | trade_disabled_until_backtest_edge",C:\Users\GF\Documents\secret_project\cryto\logs\crypto_models_summary.csv
558effd5efcb4adbb80a,crypto,ETHUSD,2026-05-11 16:51:05,2026-05-11T09:51:05.759824+00:00,SIGNAL,NEUTRAL,WAIT,WAIT,2.53,25.33,2336.63989,4h,,WAIT,2297.65117,2389.07301,,,,"4h strongest: BULLISH score=7 | above_ema200,ema_bull_stack,momentum_positive,volume_confirmation,regime_range | weighted_score_neutral",C:\Users\GF\Documents\secret_project\cryto\logs\crypto_models_summary.csv
9c496ef27c941f4a76ad,crypto,SOLUSD,2026-05-11 16:51:05,2026-05-11T09:51:05.759824+00:00,SIGNAL,NEUTRAL,WAIT,WAIT,3.14,31.42,95.25000,4h,,WAIT,92.59210,98.97106,,,,"4h strongest: BULLISH score=8 | above_ema200,ema_bull_stack,momentum_positive,trend_strength_bull,volume_confirmation,regime_trend | weighted_score_neutral",C:\Users\GF\Documents\secret_project\cryto\logs\crypto_models_summary.csv
b72d4326596bcf268db5,crypto,BNBUSD,2026-05-11 16:51:05,2026-05-11T09:51:05.759824+00:00,SIGNAL,NEUTRAL,WAIT,WAIT,3.02,30.25,652.70001,4h,,WAIT,643.07214,665.31584,,,,"4h strongest: BULLISH score=6 | above_ema200,ema_bull_stack,trend_strength_bull,volume_confirmation,regime_trend | weighted_score_neutral",C:\Users\GF\Documents\secret_project\cryto\logs\crypto_models_summary.csv
64310d73b7a6b03040b0,crypto,XRPUSD,2026-05-11 16:51:05,2026-05-11T09:51:05.759824+00:00,SIGNAL,NEUTRAL,WAIT,WAIT,3.09,30.92,1.45190,4h,,WAIT,1.41231,1.50755,,,,"4h strongest: BULLISH score=8 | above_ema200,ema_bull_stack,momentum_positive,trend_strength_bull,volume_confirmation,regime_trend | weighted_score_neutral",C:\Users\GF\Documents\secret_project\cryto\logs\crypto_models_summary.csv
5142f646b46d266a9c95,crypto,BTCUSD,2026-05-11 19:35:06,2026-05-11T12:35:07.060588+00:00,SIGNAL,NEUTRAL,WAIT,WAIT,3.59,35.92,81258.53906,4h,,WAIT,80353.72182,82498.47380,,,,"4h strongest: BULLISH score=8 | above_ema200,ema_bull_stack,momentum_positive,trend_strength_bull,volume_confirmation,regime_trend | weighted_score_neutral",C:\Users\GF\Documents\secret_project\cryto\logs\crypto_models_summary.csv
e09689b675340f8318a0,crypto,ETHUSD,2026-05-11 19:35:06,2026-05-11T12:35:07.060588+00:00,SIGNAL,NEUTRAL,WAIT,WAIT,1.45,14.50,2336.39990,4h,,WAIT,2298.93666,2386.78150,,,,"4h strongest: BULLISH score=6 | above_ema200,ema_bull_stack,momentum_positive,regime_range | weighted_score_neutral",C:\Users\GF\Documents\secret_project\cryto\logs\crypto_models_summary.csv
47441673b1f14befc0fb,crypto,SOLUSD,2026-05-11 19:35:06,2026-05-11T12:35:07.060588+00:00,SIGNAL,NEUTRAL,WAIT,WAIT,2.02,20.17,95.11000,4h,,WAIT,92.52945,98.72277,,,,"4h strongest: BULLISH score=5 | above_ema200,ema_bull_stack,trend_strength_bull,regime_trend | weighted_score_neutral",C:\Users\GF\Documents\secret_project\cryto\logs\crypto_models_summary.csv
4781d08fae5e24f86ca1,crypto,BNBUSD,2026-05-11 19:35:06,2026-05-11T12:35:07.060588+00:00,SIGNAL,NEUTRAL,WAIT,WAIT,2.17,21.67,656.00000,4h,,WAIT,646.70045,668.18562,,,,"4h strongest: BULLISH score=5 | above_ema200,ema_bull_stack,trend_strength_bull,regime_trend | weighted_score_neutral",C:\Users\GF\Documents\secret_project\cryto\logs\crypto_models_summary.csv
2dd16ee04dc502c2d01d,crypto,XRPUSD,2026-05-11 19:35:06,2026-05-11T12:35:07.060588+00:00,SIGNAL,NEUTRAL,WAIT,WAIT,3.18,31.83,1.46190,4h,,WAIT,1.42307,1.51647,,,,"4h strongest: BULLISH score=7 | above_ema200,ema_bull_stack,momentum_positive,trend_strength_bull,regime_trend | weighted_score_neutral",C:\Users\GF\Documents\secret_project\cryto\logs\crypto_models_summary.csv
9f27251c3dc190014be3,crypto,BTCUSD,2026-05-11 19:40:36,2026-05-11T12:40:36.140498+00:00,SIGNAL,NEUTRAL,WAIT,WAIT,3.67,36.67,81215.75000,15m,,WAIT,81002.70588,81507.69934,,,,"15m strongest: BULLISH score=8 | above_ema200,ema_bull_stack,momentum_positive,trend_strength_bull,volume_confirmation,regime_range | weighted_score_neutral",C:\Users\GF\Documents\secret_project\cryto\logs\crypto_models_summary.csv
c0adba9256fea35653cd,crypto,ETHUSD,2026-05-11 19:40:36,2026-05-11T12:40:36.140498+00:00,SIGNAL,NEUTRAL,WAIT,WAIT,1.78,17.83,2334.77002,4h,,WAIT,2297.30678,2385.15162,,,,"4h strongest: BULLISH score=7 | above_ema200,ema_bull_stack,momentum_positive,volume_confirmation,regime_range | weighted_score_neutral",C:\Users\GF\Documents\secret_project\cryto\logs\crypto_models_summary.csv
7ab8f62005735e8407e2,crypto,SOLUSD,2026-05-11 19:40:36,2026-05-11T12:40:36.140498+00:00,SIGNAL,NEUTRAL,WAIT,WAIT,1.87,18.67,95.07000,4h,,WAIT,92.48945,98.68277,,,,"4h strongest: BULLISH score=5 | above_ema200,ema_bull_stack,trend_strength_bull,regime_trend | weighted_score_neutral",C:\Users\GF\Documents\secret_project\cryto\logs\crypto_models_summary.csv
c5f9ff48c4f3ed8f6927,crypto,BNBUSD,2026-05-11 19:40:36,2026-05-11T12:40:36.140498+00:00,SIGNAL,NEUTRAL,WAIT,WAIT,2.17,21.67,655.70001,4h,,WAIT,646.40046,667.88563,,,,"4h strongest: BULLISH score=5 | above_ema200,ema_bull_stack,trend_strength_bull,regime_trend | weighted_score_neutral",C:\Users\GF\Documents\secret_project\cryto\logs\crypto_models_summary.csv
db88c47592b0dab5d327,crypto,XRPUSD,2026-05-11 19:40:36,2026-05-11T12:40:36.140498+00:00,SIGNAL,NEUTRAL,WAIT,WAIT,3.26,32.58,1.46310,15m,,WAIT,1.45502,1.47445,,,,"15m strongest: BULLISH score=7 | above_ema200,ema_bull_stack,momentum_positive,volume_confirmation,regime_range | weighted_score_neutral",C:\Users\GF\Documents\secret_project\cryto\logs\crypto_models_summary.csv
45a01f67db6aa33ffaad,crypto,BTCUSD,2026-05-11 19:48:59,2026-05-11T12:48:59.455374+00:00,SIGNAL,NEUTRAL,WAIT,WAIT,3.59,35.92,81125.21094,4h,,WAIT,80220.39370,82365.14567,,,,"4h strongest: BULLISH score=8 | above_ema200,ema_bull_stack,momentum_positive,trend_strength_bull,volume_confirmation,regime_trend | weighted_score_neutral",C:\Users\GF\Documents\secret_project\cryto\logs\crypto_models_summary.csv
2bc7770852feb5d6c71a,crypto,ETHUSD,2026-05-11 19:48:59,2026-05-11T12:48:59.455374+00:00,SIGNAL,NEUTRAL,WAIT,WAIT,1.18,11.83,2331.88989,4h,,WAIT,2294.42665,2382.27149,,,,"4h strongest: BULLISH score=7 | above_ema200,ema_bull_stack,momentum_positive,volume_confirmation,regime_range | weighted_score_neutral",C:\Users\GF\Documents\secret_project\cryto\logs\crypto_models_summary.csv
9ac76b170199ce940b73,crypto,SOLUSD,2026-05-11 19:48:59,2026-05-11T12:48:59.455374+00:00,SIGNAL,NEUTRAL,WAIT,WAIT,1.87,18.67,94.95000,4h,,WAIT,92.36945,98.56276,,,,"4h strongest: BULLISH score=5 | above_ema200,ema_bull_stack,trend_strength_bull,regime_trend | weighted_score_neutral",C:\Users\GF\Documents\secret_project\cryto\logs\crypto_models_summary.csv
a73abb7bf6f6f11376f3,crypto,BNBUSD,2026-05-11 19:48:59,2026-05-11T12:48:59.455374+00:00,SIGNAL,NEUTRAL,WAIT,WAIT,2.32,23.17,655.33002,15m,,WAIT,653.59094,657.60881,,,,"15m strongest: BULLISH score=6 | above_ema200,ema_bull_stack,momentum_positive,regime_range | weighted_score_neutral",C:\Users\GF\Documents\secret_project\cryto\logs\crypto_models_summary.csv
ef280f238ad4cc2dbfff,crypto,XRPUSD,2026-05-11 19:48:59,2026-05-11T12:48:59.455374+00:00,SIGNAL,NEUTRAL,WAIT,WAIT,3.18,31.83,1.46040,4h,,WAIT,1.42157,1.51497,,,,"4h strongest: BULLISH score=7 | above_ema200,ema_bull_stack,momentum_positive,trend_strength_bull,regime_trend | weighted_score_neutral",C:\Users\GF\Documents\secret_project\cryto\logs\crypto_models_summary.csv
8d76dc4d167f5e67d38f,crypto,BTCUSD,2026-05-11 19:56:33,2026-05-11T12:56:33.428435+00:00,SIGNAL,NEUTRAL,WAIT,WAIT,3.67,36.67,81039.17188,15m,,WAIT,80817.20028,81343.35517,,,,"15m strongest: BULLISH score=8 | above_ema200,ema_bull_stack,momentum_positive,trend_strength_bull,volume_confirmation,regime_range | weighted_score_neutral",C:\Users\GF\Documents\secret_project\cryto\logs\crypto_models_summary.csv
970fd7f41777f66ad3a6,crypto,ETHUSD,2026-05-11 19:56:33,2026-05-11T12:56:33.428435+00:00,SIGNAL,NEUTRAL,WAIT,WAIT,1.18,11.83,2330.15991,4h,,WAIT,2292.69667,2380.54151,,,,"4h strongest: BULLISH score=7 | above_ema200,ema_bull_stack,momentum_positive,volume_confirmation,regime_range | weighted_score_neutral",C:\Users\GF\Documents\secret_project\cryto\logs\crypto_models_summary.csv
9ad2e20b79de0a9f196a,crypto,SOLUSD,2026-05-11 19:56:33,2026-05-11T12:56:33.428435+00:00,SIGNAL,NEUTRAL,WAIT,WAIT,1.87,18.67,94.87000,4h,,WAIT,92.28946,98.48277,,,,"4h strongest: BULLISH score=5 | above_ema200,ema_bull_stack,trend_strength_bull,regime_trend | weighted_score_neutral",C:\Users\GF\Documents\secret_project\cryto\logs\crypto_models_summary.csv
ed924c80d02ef66b62fa,crypto,BNBUSD,2026-05-11 19:56:33,2026-05-11T12:56:33.428435+00:00,SIGNAL,NEUTRAL,WAIT,WAIT,2.32,23.17,655.09998,15m,,WAIT,653.27390,657.49276,,,,"15m strongest: BULLISH score=6 | above_ema200,ema_bull_stack,momentum_positive,regime_range | weighted_score_neutral",C:\Users\GF\Documents\secret_project\cryto\logs\crypto_models_summary.csv
d68622f6231ab38cb3b2,crypto,XRPUSD,2026-05-11 19:56:33,2026-05-11T12:56:33.428435+00:00,SIGNAL,NEUTRAL,WAIT,WAIT,3.26,32.58,1.45870,15m,,WAIT,1.45038,1.47040,,,,"15m strongest: BULLISH score=7 | above_ema200,ema_bull_stack,momentum_positive,volume_confirmation,regime_range | weighted_score_neutral",C:\Users\GF\Documents\secret_project\cryto\logs\crypto_models_summary.csv
9bde0aa7c35eef88de13,crypto,BTCUSD,2026-05-11 20:04:17,2026-05-11T13:04:18.079764+00:00,SIGNAL,NEUTRAL,WAIT,WAIT,3.59,35.92,81207.03906,4h,,WAIT,80302.22182,82446.97380,,,,"4h strongest: BULLISH score=8 | above_ema200,ema_bull_stack,momentum_positive,trend_strength_bull,volume_confirmation,regime_trend | weighted_score_neutral",C:\Users\GF\Documents\secret_project\cryto\logs\crypto_models_summary.csv
48d16ecf80c37f044560,crypto,ETHUSD,2026-05-11 20:04:17,2026-05-11T13:04:18.079764+00:00,SIGNAL,NEUTRAL,WAIT,WAIT,1.18,11.83,2331.02002,4h,,WAIT,2293.55678,2381.40162,,,,"4h strongest: BULLISH score=7 | above_ema200,ema_bull_stack,momentum_positive,volume_confirmation,regime_range | weighted_score_neutral",C:\Users\GF\Documents\secret_project\cryto\logs\crypto_models_summary.csv
9a4dda478d2fc405887f,crypto,SOLUSD,2026-05-11 20:04:17,2026-05-11T13:04:18.079764+00:00,SIGNAL,NEUTRAL,WAIT,WAIT,1.87,18.67,95.14000,4h,,WAIT,92.55945,98.75276,,,,"4h strongest: BULLISH score=5 | above_ema200,ema_bull_stack,trend_strength_bull,regime_trend | weighted_score_neutral",C:\Users\GF\Documents\secret_project\cryto\logs\crypto_models_summary.csv
0a0906c0aa698ce37f25,crypto,BNBUSD,2026-05-11 20:04:17,2026-05-11T13:04:18.079764+00:00,SIGNAL,NEUTRAL,WAIT,WAIT,2.65,26.50,655.79999,15m,,WAIT,653.97800,658.18743,,,,"15m strongest: BULLISH score=6 | above_ema200,ema_bull_stack,momentum_positive,regime_range | weighted_score_neutral",C:\Users\GF\Documents\secret_project\cryto\logs\crypto_models_summary.csv
34f73cfecde7a0abd1cd,crypto,XRPUSD,2026-05-11 20:04:17,2026-05-11T13:04:18.079764+00:00,SIGNAL,NEUTRAL,WAIT,WAIT,3.18,31.83,1.46300,4h,,WAIT,1.42417,1.51757,,,,"4h strongest: BULLISH score=7 | above_ema200,ema_bull_stack,momentum_positive,trend_strength_bull,regime_trend | weighted_score_neutral",C:\Users\GF\Documents\secret_project\cryto\logs\crypto_models_summary.csv
f38f2b2d0922ed73e890,crypto,BTCUSD,2026-05-11 20:11:39,2026-05-11T13:11:39.119422+00:00,SIGNAL,NEUTRAL,WAIT,WAIT,3.67,36.67,81240.31250,15m,,WAIT,81010.42713,81555.34060,,,,"15m strongest: BULLISH score=8 | above_ema200,ema_bull_stack,momentum_positive,trend_strength_bull,volume_confirmation,regime_range | weighted_score_neutral",C:\Users\GF\Documents\secret_project\cryto\logs\crypto_models_summary.csv
046891c5f745e35d4ea0,crypto,ETHUSD,2026-05-11 20:11:39,2026-05-11T13:11:39.119422+00:00,SIGNAL,NEUTRAL,WAIT,WAIT,0.96,9.58,2330.00000,15m,,WAIT,2338.14109,2319.05164,,,,"15m strongest: BEARISH score=-8 | below_ema200,ema_bear_stack,momentum_negative,trend_strength_bear,volume_confirmation,regime_range | weighted_score_neutral",C:\Users\GF\Documents\secret_project\cryto\logs\crypto_models_summary.csv
c4cad9306376e127c79f,crypto,SOLUSD,2026-05-11 20:11:39,2026-05-11T13:11:39.119422+00:00,SIGNAL,NEUTRAL,WAIT,WAIT,1.94,19.42,95.28000,4h,,WAIT,92.69945,98.89276,,,,"4h strongest: BULLISH score=5 | above_ema200,ema_bull_stack,trend_strength_bull,regime_trend | weighted_score_neutral",C:\Users\GF\Documents\secret_project\cryto\logs\crypto_models_summary.csv
524a265b60c3654959db,crypto,BNBUSD,2026-05-11 20:11:39,2026-05-11T13:11:39.119422+00:00,SIGNAL,NEUTRAL,WAIT,WAIT,2.73,27.25,656.01001,15m,,WAIT,654.12587,658.47888,,,,"15m strongest: BULLISH score=7 | above_ema200,ema_bull_stack,momentum_positive,volume_confirmation,regime_range | weighted_score_neutral",C:\Users\GF\Documents\secret_project\cryto\logs\crypto_models_summary.csv
f35533edb6330497874a,crypto,XRPUSD,2026-05-11 20:11:39,2026-05-11T13:11:39.119422+00:00,SIGNAL,NEUTRAL,WAIT,WAIT,3.26,32.58,1.46190,15m,,WAIT,1.45333,1.47395,,,,"15m strongest: BULLISH score=7 | above_ema200,ema_bull_stack,momentum_positive,volume_confirmation,regime_range | weighted_score_neutral",C:\Users\GF\Documents\secret_project\cryto\logs\crypto_models_summary.csv
dda65191b45c46f89c31,crypto,BTCUSD,2026-05-11 20:18:45,2026-05-11T13:18:45.776011+00:00,SIGNAL,NEUTRAL,WAIT,WAIT,3.59,35.92,81307.00781,4h,,WAIT,80402.19057,82546.94255,,,,"4h strongest: BULLISH score=8 | above_ema200,ema_bull_stack,momentum_positive,trend_strength_bull,volume_confirmation,regime_trend | weighted_score_neutral",C:\Users\GF\Documents\secret_project\cryto\logs\crypto_models_summary.csv
83d5b8cf79ef54c24265,crypto,ETHUSD,2026-05-11 20:18:45,2026-05-11T13:18:45.776011+00:00,SIGNAL,NEUTRAL,WAIT,WAIT,1.03,10.33,2330.78003,15m,,WAIT,2338.53641,2320.34903,,,,"15m strongest: BEARISH score=-7 | below_ema200,ema_bear_stack,momentum_negative,trend_strength_bear,regime_range | weighted_score_neutral",C:\Users\GF\Documents\secret_project\cryto\logs\crypto_models_summary.csv
ef45246fb5845d77ad18,crypto,SOLUSD,2026-05-11 20:18:45,2026-05-11T13:18:45.776011+00:00,SIGNAL,NEUTRAL,WAIT,WAIT,1.94,19.42,95.27000,4h,,WAIT,92.68945,98.88276,,,,"4h strongest: BULLISH score=5 | above_ema200,ema_bull_stack,trend_strength_bull,regime_trend | weighted_score_neutral",C:\Users\GF\Documents\secret_project\cryto\logs\crypto_models_summary.csv
28c5f9e8b62fb8ad62a0,crypto,BNBUSD,2026-05-11 20:18:45,2026-05-11T13:18:45.776011+00:00,SIGNAL,NEUTRAL,WAIT,WAIT,2.65,26.50,655.38000,15m,,WAIT,653.58695,657.72953,,,,"15m strongest: BULLISH score=6 | above_ema200,ema_bull_stack,momentum_positive,regime_range | weighted_score_neutral",C:\Users\GF\Documents\secret_project\cryto\logs\crypto_models_summary.csv
9a90fec0e154e07cd4bb,crypto,XRPUSD,2026-05-11 20:18:45,2026-05-11T13:18:45.776011+00:00,SIGNAL,NEUTRAL,WAIT,WAIT,3.18,31.83,1.46390,4h,,WAIT,1.42491,1.51869,,,,"4h strongest: BULLISH score=7 | above_ema200,ema_bull_stack,momentum_positive,trend_strength_bull,regime_trend | weighted_score_neutral",C:\Users\GF\Documents\secret_project\cryto\logs\crypto_models_summary.csv
4361370b226176ff8209,crypto,BTCUSD,2026-05-11 20:27:47,2026-05-11T13:27:48.064510+00:00,SIGNAL,NEUTRAL,WAIT,WAIT,3.44,34.42,81141.56250,4h,,WAIT,80236.74526,82381.49723,,,,"4h strongest: BULLISH score=8 | above_ema200,ema_bull_stack,momentum_positive,trend_strength_bull,volume_confirmation,regime_trend | weighted_score_neutral",C:\Users\GF\Documents\secret_project\cryto\logs\crypto_models_summary.csv
f9fc63a2cc274629ea27,crypto,ETHUSD,2026-05-11 20:27:47,2026-05-11T13:27:48.064510+00:00,SIGNAL,NEUTRAL,WAIT,WAIT,0.23,2.33,2326.56006,15m,,WAIT,2334.70483,2315.60674,,,,"15m strongest: BEARISH score=-7 | below_ema200,ema_bear_stack,momentum_negative,trend_strength_bear,regime_range | weighted_score_neutral",C:\Users\GF\Documents\secret_project\cryto\logs\crypto_models_summary.csv
2f62622d7de2916718ee,crypto,SOLUSD,2026-05-11 20:27:47,2026-05-11T13:27:48.064510+00:00,SIGNAL,NEUTRAL,WAIT,WAIT,1.94,19.42,95.13000,4h,,WAIT,92.54945,98.74276,,,,"4h strongest: BULLISH score=5 | above_ema200,ema_bull_stack,trend_strength_bull,regime_trend | weighted_score_neutral",C:\Users\GF\Documents\secret_project\cryto\logs\crypto_models_summary.csv
169fca1aec7f84da4095,crypto,BNBUSD,2026-05-11 20:27:47,2026-05-11T13:27:48.064510+00:00,SIGNAL,NEUTRAL,WAIT,WAIT,2.65,26.50,654.69000,15m,,WAIT,652.81513,657.14674,,,,"15m strongest: BULLISH score=6 | above_ema200,ema_bull_stack,momentum_positive,regime_range | weighted_score_neutral",C:\Users\GF\Documents\secret_project\cryto\logs\crypto_models_summary.csv
77ec686cb08ed8c5c916,crypto,XRPUSD,2026-05-11 20:27:47,2026-05-11T13:27:48.064510+00:00,SIGNAL,NEUTRAL,WAIT,WAIT,3.18,31.83,1.46110,4h,,WAIT,1.42211,1.51589,,,,"4h strongest: BULLISH score=7 | above_ema200,ema_bull_stack,momentum_positive,trend_strength_bull,regime_trend | weighted_score_neutral",C:\Users\GF\Documents\secret_project\cryto\logs\crypto_models_summary.csv
76db87a651a23e46250e,crypto,BTCUSD,2026-05-11 20:37:01,2026-05-11T13:37:01.611517+00:00,SIGNAL,NEUTRAL,WAIT,WAIT,2.84,28.42,80828.61719,4h,,WAIT,79916.80285,82078.14054,,,,"4h strongest: BULLISH score=8 | above_ema200,ema_bull_stack,momentum_positive,trend_strength_bull,volume_confirmation,regime_trend | weighted_score_neutral",C:\Users\GF\Documents\secret_project\cryto\logs\crypto_models_summary.csv
ab1b766a0d0330c0f102,crypto,ETHUSD,2026-05-11 20:37:01,2026-05-11T13:37:01.611517+00:00,SIGNAL,NEUTRAL,WAIT,WAIT,0.38,3.83,2317.09009,4h,,WAIT,2278.56317,2368.90215,,,,"4h strongest: BULLISH score=7 | above_ema200,ema_bull_stack,momentum_positive,volume_confirmation,regime_range | weighted_score_neutral",C:\Users\GF\Documents\secret_project\cryto\logs\crypto_models_summary.csv
e6715d4447105367d5e2,crypto,SOLUSD,2026-05-11 20:37:01,2026-05-11T13:37:01.611517+00:00,SIGNAL,NEUTRAL,WAIT,WAIT,1.87,18.67,94.64000,4h,,WAIT,92.05695,98.25627,,,,"4h strongest: BULLISH score=5 | above_ema200,ema_bull_stack,trend_strength_bull,regime_trend | weighted_score_neutral",C:\Users\GF\Documents\secret_project\cryto\logs\crypto_models_summary.csv
fe1ee019b5b74781421b,crypto,BNBUSD,2026-05-11 20:37:01,2026-05-11T13:37:01.611517+00:00,SIGNAL,NEUTRAL,WAIT,WAIT,1.90,19.00,651.90002,4h,,WAIT,642.49379,664.22544,,,,"4h strongest: BULLISH score=6 | above_ema200,ema_bull_stack,trend_strength_bull,volume_confirmation,regime_trend | weighted_score_neutral",C:\Users\GF\Documents\secret_project\cryto\logs\crypto_models_summary.csv
1d4def9e0b42355b2f3e,crypto,XRPUSD,2026-05-11 20:37:01,2026-05-11T13:37:01.611517+00:00,SIGNAL,NEUTRAL,WAIT,WAIT,2.98,29.83,1.45420,4h,,WAIT,1.41521,1.50899,,,,"4h strongest: BULLISH score=7 | above_ema200,ema_bull_stack,momentum_positive,trend_strength_bull,regime_trend | weighted_score_neutral",C:\Users\GF\Documents\secret_project\cryto\logs\crypto_models_summary.csv
c4534823161f453e85ec,crypto,BTCUSD,2026-05-11 20:45:42,2026-05-11T13:45:43.083592+00:00,SIGNAL,NEUTRAL,WAIT,WAIT,3.59,35.92,81069.34375,4h,,WAIT,80148.90659,82330.68356,,,,"4h strongest: BULLISH score=8 | above_ema200,ema_bull_stack,momentum_positive,trend_strength_bull,volume_confirmation,regime_trend | weighted_score_neutral",C:\Users\GF\Documents\secret_project\cryto\logs\crypto_models_summary.csv
1266b7062e896f1fb0d9,crypto,ETHUSD,2026-05-11 20:45:42,2026-05-11T13:45:43.083592+00:00,SIGNAL,NEUTRAL,WAIT,WAIT,0.23,2.33,2325.84009,15m,,WAIT,2334.42000,2314.30159,,,,"15m strongest: BEARISH score=-7 | below_ema200,ema_bear_stack,momentum_negative,trend_strength_bear,regime_range | weighted_score_neutral",C:\Users\GF\Documents\secret_project\cryto\logs\crypto_models_summary.csv
5843582f3e5c50adcad8,crypto,SOLUSD,2026-05-11 20:45:42,2026-05-11T13:45:43.083592+00:00,SIGNAL,NEUTRAL,WAIT,WAIT,2.17,21.67,95.31000,4h,,WAIT,92.71695,98.94026,,,,"4h strongest: BULLISH score=5 | above_ema200,ema_bull_stack,trend_strength_bull,regime_trend | weighted_score_neutral",C:\Users\GF\Documents\secret_project\cryto\logs\crypto_models_summary.csv
b9c1f179a429567325ab,crypto,BNBUSD,2026-05-11 20:45:42,2026-05-11T13:45:43.084594+00:00,SIGNAL,NEUTRAL,WAIT,WAIT,2.50,25.00,653.79999,4h,,WAIT,644.34197,666.19326,,,,"4h strongest: BULLISH score=6 | above_ema200,ema_bull_stack,trend_strength_bull,volume_confirmation,regime_trend | weighted_score_neutral",C:\Users\GF\Documents\secret_project\cryto\logs\crypto_models_summary.csv
6090ea21e464f13a4301,crypto,XRPUSD,2026-05-11 20:45:42,2026-05-11T13:45:43.084594+00:00,SIGNAL,NEUTRAL,WAIT,WAIT,3.18,31.83,1.46190,4h,,WAIT,1.42291,1.51669,,,,"4h strongest: BULLISH score=7 | above_ema200,ema_bull_stack,momentum_positive,trend_strength_bull,regime_trend | weighted_score_neutral",C:\Users\GF\Documents\secret_project\cryto\logs\crypto_models_summary.csv
6d929b57813c182ed28c,crypto,BTCUSD,2026-05-11 20:54:48,2026-05-11T13:54:48.523148+00:00,SIGNAL,NEUTRAL,WAIT,WAIT,3.52,35.17,81005.24219,4h,,WAIT,80084.80503,82266.58200,,,,"4h strongest: BULLISH score=8 | above_ema200,ema_bull_stack,momentum_positive,trend_strength_bull,volume_confirmation,regime_trend | weighted_score_neutral",C:\Users\GF\Documents\secret_project\cryto\logs\crypto_models_summary.csv
934755ade4d1a7466050,crypto,ETHUSD,2026-05-11 20:54:48,2026-05-11T13:54:48.523148+00:00,SIGNAL,NEUTRAL,WAIT,WAIT,0.16,1.58,2321.41992,15m,,WAIT,2330.59016,2309.08753,,,,"15m strongest: BEARISH score=-8 | below_ema200,ema_bear_stack,momentum_negative,trend_strength_bear,volume_confirmation,regime_range | weighted_score_neutral",C:\Users\GF\Documents\secret_project\cryto\logs\crypto_models_summary.csv
4c2bbcd5145a19dc5a30,crypto,SOLUSD,2026-05-11 20:54:48,2026-05-11T13:54:48.523148+00:00,SIGNAL,NEUTRAL,WAIT,WAIT,2.57,25.75,95.12000,4h,,WAIT,92.52696,98.75027,,,,"4h strongest: BULLISH score=6 | above_ema200,ema_bull_stack,trend_strength_bull,volume_confirmation,regime_trend | weighted_score_neutral",C:\Users\GF\Documents\secret_project\cryto\logs\crypto_models_summary.csv
a71b36184ee68d30137a,crypto,BNBUSD,2026-05-11 20:54:48,2026-05-11T13:54:48.523148+00:00,SIGNAL,NEUTRAL,WAIT,WAIT,2.57,25.75,654.32001,4h,,WAIT,644.86199,666.71328,,,,"4h strongest: BULLISH score=6 | above_ema200,ema_bull_stack,trend_strength_bull,volume_confirmation,regime_trend | weighted_score_neutral",C:\Users\GF\Documents\secret_project\cryto\logs\crypto_models_summary.csv
a2a8cab40ba38fb18ddb,crypto,XRPUSD,2026-05-11 20:54:48,2026-05-11T13:54:48.523148+00:00,SIGNAL,NEUTRAL,WAIT,WAIT,3.39,33.92,1.45770,4h,,WAIT,1.41871,1.51249,,,,"4h strongest: BULLISH score=8 | above_ema200,ema_bull_stack,momentum_positive,trend_strength_bull,volume_confirmation,regime_trend | weighted_score_neutral",C:\Users\GF\Documents\secret_project\cryto\logs\crypto_models_summary.csv
d49ac340b2c22bfc38ed,crypto,BTCUSD,2026-05-11 21:03:28,2026-05-11T14:03:28.794907+00:00,SIGNAL,NEUTRAL,WAIT,WAIT,3.11,31.08,81166.57031,4h,,WAIT,80297.04900,82358.13655,,,,"4h strongest: BULLISH score=7 | above_ema200,ema_bull_stack,momentum_positive,trend_strength_bull,regime_trend | weighted_score_neutral",C:\Users\GF\Documents\secret_project\cryto\logs\crypto_models_summary.csv
3556e6954d7997bf1789,crypto,ETHUSD,2026-05-11 21:03:28,2026-05-11T14:03:28.794907+00:00,SIGNAL,NEUTRAL,WAIT,WAIT,-0.84,8.42,2324.31006,15m,,WAIT,2333.35314,2312.14868,,,,"15m strongest: BEARISH score=-8 | below_ema200,ema_bear_stack,momentum_negative,trend_strength_bear,volume_confirmation,regime_range | weighted_score_neutral",C:\Users\GF\Documents\secret_project\cryto\logs\crypto_models_summary.csv
027c018f422d8e936acb,crypto,SOLUSD,2026-05-11 21:03:28,2026-05-11T14:03:28.794907+00:00,SIGNAL,NEUTRAL,WAIT,WAIT,2.37,23.67,95.52000,4h,,WAIT,93.06967,98.95046,,,,"4h strongest: BULLISH score=5 | above_ema200,ema_bull_stack,trend_strength_bull,regime_trend | weighted_score_neutral",C:\Users\GF\Documents\secret_project\cryto\logs\crypto_models_summary.csv
de668334eb6fb3f66220,crypto,BNBUSD,2026-05-11 21:03:28,2026-05-11T14:03:28.794907+00:00,SIGNAL,NEUTRAL,WAIT,WAIT,2.17,21.67,654.27002,4h,,WAIT,645.45546,665.82013,,,,"4h strongest: BULLISH score=5 | above_ema200,ema_bull_stack,trend_strength_bull,regime_trend | weighted_score_neutral",C:\Users\GF\Documents\secret_project\cryto\logs\crypto_models_summary.csv
4693a060edc0022a32d6,crypto,XRPUSD,2026-05-11 21:03:28,2026-05-11T14:03:28.794907+00:00,SIGNAL,NEUTRAL,WAIT,WAIT,3.18,31.83,1.46250,4h,,WAIT,1.42592,1.51392,,,,"4h strongest: BULLISH score=7 | above_ema200,ema_bull_stack,momentum_positive,trend_strength_bull,regime_trend | weighted_score_neutral",C:\Users\GF\Documents\secret_project\cryto\logs\crypto_models_summary.csv
508f28f73e60da914ac3,crypto,BTCUSD,2026-05-11 21:11:48,2026-05-11T14:11:48.833671+00:00,SIGNAL,NEUTRAL,WAIT,WAIT,3.33,33.33,81151.00000,15m,,WAIT,80892.91726,81504.66894,,,,"15m strongest: BULLISH score=8 | above_ema200,ema_bull_stack,momentum_positive,trend_strength_bull,volume_confirmation,regime_range | weighted_score_neutral",C:\Users\GF\Documents\secret_project\cryto\logs\crypto_models_summary.csv
16891934d0b17d67ec3a,crypto,ETHUSD,2026-05-11 21:11:48,2026-05-11T14:11:48.833671+00:00,SIGNAL,NEUTRAL,WAIT,WAIT,-0.84,8.42,2326.48999,15m,,WAIT,2335.82515,2313.93581,,,,"15m strongest: BEARISH score=-8 | below_ema200,ema_bear_stack,momentum_negative,trend_strength_bear,volume_confirmation,regime_range | weighted_score_neutral",C:\Users\GF\Documents\secret_project\cryto\logs\crypto_models_summary.csv
505006710cf5479b3a4b,crypto,SOLUSD,2026-05-11 21:11:48,2026-05-11T14:11:48.833671+00:00,SIGNAL,NEUTRAL,WAIT,WAIT,2.44,24.42,95.64000,15m,,WAIT,94.87860,96.70596,,,,"15m strongest: BULLISH score=5 | above_ema200,momentum_positive,volume_confirmation,regime_range | weighted_score_neutral",C:\Users\GF\Documents\secret_project\cryto\logs\crypto_models_summary.csv
2b5a6b560310ec8dc245,crypto,BNBUSD,2026-05-11 21:11:48,2026-05-11T14:11:48.833671+00:00,SIGNAL,NEUTRAL,WAIT,WAIT,2.24,22.42,654.88000,15m,,WAIT,652.85791,657.52965,,,,"15m strongest: BULLISH score=5 | above_ema200,ema_bull_stack,volume_confirmation,regime_range | weighted_score_neutral",C:\Users\GF\Documents\secret_project\cryto\logs\crypto_models_summary.csv
28f3455d7739518cb04a,crypto,XRPUSD,2026-05-11 21:11:48,2026-05-11T14:11:48.833671+00:00,SIGNAL,NEUTRAL,WAIT,WAIT,3.11,31.08,1.46860,4h,,WAIT,1.43106,1.52135,,,,"4h strongest: BULLISH score=7 | above_ema200,ema_bull_stack,momentum_positive,trend_strength_bull,regime_trend | weighted_score_neutral",C:\Users\GF\Documents\secret_project\cryto\logs\crypto_models_summary.csv
042abcbe7acc13528f79,crypto,BTCUSD,2026-05-11 21:20:28,2026-05-11T14:20:28.410695+00:00,SIGNAL,NEUTRAL,WAIT,WAIT,2.96,29.58,81049.43750,4h,,WAIT,80176.04775,82246.30494,,,,"4h strongest: BULLISH score=7 | above_ema200,ema_bull_stack,momentum_positive,trend_strength_bull,regime_trend | weighted_score_neutral",C:\Users\GF\Documents\secret_project\cryto\logs\crypto_models_summary.csv
623a4ad01b926fcea41b,crypto,ETHUSD,2026-05-11 21:20:28,2026-05-11T14:20:28.411752+00:00,SIGNAL,NEUTRAL,WAIT,WAIT,-0.77,7.67,2324.61011,15m,,WAIT,2333.68446,2312.40667,,,,"15m strongest: BEARISH score=-7 | below_ema200,ema_bear_stack,momentum_negative,trend_strength_bear,regime_range | weighted_score_neutral",C:\Users\GF\Documents\secret_project\cryto\logs\crypto_models_summary.csv
30c0a022bcbe00acf675,crypto,SOLUSD,2026-05-11 21:20:28,2026-05-11T14:20:28.411752+00:00,SIGNAL,NEUTRAL,WAIT,WAIT,2.37,23.67,95.47000,4h,,WAIT,92.98092,98.95471,,,,"4h strongest: BULLISH score=5 | above_ema200,ema_bull_stack,trend_strength_bull,regime_trend | weighted_score_neutral",C:\Users\GF\Documents\secret_project\cryto\logs\crypto_models_summary.csv
06d97fcf1cc6453bfb8f,crypto,BNBUSD,2026-05-11 21:20:28,2026-05-11T14:20:28.411752+00:00,SIGNAL,NEUTRAL,WAIT,WAIT,2.02,20.17,654.90002,4h,,WAIT,645.99640,666.56684,,,,"4h strongest: BULLISH score=5 | above_ema200,ema_bull_stack,trend_strength_bull,regime_trend | weighted_score_neutral",C:\Users\GF\Documents\secret_project\cryto\logs\crypto_models_summary.csv
c77c7224cf9cd7244188,crypto,XRPUSD,2026-05-11 21:20:28,2026-05-11T14:20:28.411752+00:00,SIGNAL,NEUTRAL,WAIT,WAIT,3.18,31.83,1.46660,4h,,WAIT,1.42898,1.51946,,,,"4h strongest: BULLISH score=7 | above_ema200,ema_bull_stack,momentum_positive,trend_strength_bull,regime_trend | weighted_score_neutral",C:\Users\GF\Documents\secret_project\cryto\logs\crypto_models_summary.csv
63383bdddcb0a8f593e4,crypto,BTCUSD,2026-05-11 21:28:19,2026-05-11T14:28:19.154678+00:00,SIGNAL,NEUTRAL,WAIT,WAIT,1.18,11.75,80822.21875,15m,,WAIT,nan,nan,,,,"15m strongest: NEUTRAL score=-3 | below_ema200,ema_bull_stack,momentum_negative,trend_strength_bear,regime_range | weighted_score_neutral",C:\Users\GF\Documents\secret_project\cryto\logs\crypto_models_summary.csv
562010ce42b05a01f591,crypto,ETHUSD,2026-05-11 21:28:19,2026-05-11T14:28:19.154678+00:00,SIGNAL,NEUTRAL,WAIT,WAIT,-1.43,14.33,2315.28003,15m,,WAIT,2325.14255,2302.01664,,,,"15m strongest: BEARISH score=-7 | below_ema200,ema_bear_stack,momentum_negative,trend_strength_bear,regime_range | weighted_score_neutral",C:\Users\GF\Documents\secret_project\cryto\logs\crypto_models_summary.csv
94c1afc9e5bec1ead885,crypto,SOLUSD,2026-05-11 21:28:19,2026-05-11T14:28:19.154678+00:00,SIGNAL,NEUTRAL,WAIT,WAIT,2.02,20.17,94.80000,4h,,WAIT,92.26092,98.35471,,,,"4h strongest: BULLISH score=5 | above_ema200,ema_bull_stack,trend_strength_bull,regime_trend | weighted_score_neutral",C:\Users\GF\Documents\secret_project\cryto\logs\crypto_models_summary.csv
922899d89cf3e0e77293,crypto,BNBUSD,2026-05-11 21:28:19,2026-05-11T14:28:19.154678+00:00,SIGNAL,NEUTRAL,WAIT,WAIT,2.02,20.17,653.62000,4h,,WAIT,644.65733,665.36417,,,,"4h strongest: BULLISH score=5 | above_ema200,ema_bull_stack,trend_strength_bull,regime_trend | weighted_score_neutral",C:\Users\GF\Documents\secret_project\cryto\logs\crypto_models_summary.csv
b695e53819d65121ee37,crypto,XRPUSD,2026-05-11 21:28:19,2026-05-11T14:28:19.154678+00:00,SIGNAL,NEUTRAL,WAIT,WAIT,3.26,32.58,1.46050,15m,,WAIT,1.44978,1.47557,,,,"15m strongest: BULLISH score=7 | above_ema200,ema_bull_stack,momentum_positive,volume_confirmation,regime_range | weighted_score_neutral",C:\Users\GF\Documents\secret_project\cryto\logs\crypto_models_summary.csv
493a65ea859a100a4af0,crypto,BTCUSD,2026-05-11 21:35:59,2026-05-11T14:35:59.218917+00:00,SIGNAL,NEUTRAL,WAIT,WAIT,0.80,8.00,80644.63281,15m,,WAIT,80938.17787,80242.36736,,,,"15m strongest: BEARISH score=-8 | below_ema200,ema_bear_stack,momentum_negative,trend_strength_bear,volume_confirmation,regime_range | weighted_score_neutral",C:\Users\GF\Documents\secret_project\cryto\logs\crypto_models_summary.csv
c91f2e94767182f4a0d4,crypto,ETHUSD,2026-05-11 21:35:59,2026-05-11T14:35:59.218917+00:00,SIGNAL,NEUTRAL,WAIT,WAIT,-1.36,13.58,2309.07007,15m,,WAIT,2319.70816,2294.76367,,,,"15m strongest: BEARISH score=-6 | below_ema200,ema_bear_stack,momentum_negative,trend_strength_bear,volume_confirmation,rsi_short_too_cold,regime_range | weighted_score_neutral",C:\Users\GF\Documents\secret_project\cryto\logs\crypto_models_summary.csv
cc649bee486f97a32ec5,crypto,SOLUSD,2026-05-11 21:35:59,2026-05-11T14:35:59.218917+00:00,SIGNAL,NEUTRAL,WAIT,WAIT,1.87,18.67,94.62000,4h,,WAIT,92.01967,98.26046,,,,"4h strongest: BULLISH score=5 | above_ema200,ema_bull_stack,trend_strength_bull,regime_trend | weighted_score_neutral",C:\Users\GF\Documents\secret_project\cryto\logs\crypto_models_summary.csv
0e32b04d4582c87aa465,crypto,BNBUSD,2026-05-11 21:35:59,2026-05-11T14:35:59.218917+00:00,SIGNAL,NEUTRAL,WAIT,WAIT,2.02,20.17,653.06000,4h,,WAIT,643.91505,665.04303,,,,"4h strongest: BULLISH score=5 | above_ema200,ema_bull_stack,trend_strength_bull,regime_trend | weighted_score_neutral",C:\Users\GF\Documents\secret_project\cryto\logs\crypto_models_summary.csv
a11a4969295f64a3b2f4,crypto,XRPUSD,2026-05-11 21:35:59,2026-05-11T14:35:59.218917+00:00,SIGNAL,NEUTRAL,WAIT,WAIT,2.96,29.58,1.46270,4h,,WAIT,1.42471,1.51608,,,,"4h strongest: BULLISH score=7 | above_ema200,ema_bull_stack,momentum_positive,trend_strength_bull,regime_trend | weighted_score_neutral",C:\Users\GF\Documents\secret_project\cryto\logs\crypto_models_summary.csv
e716c166d6675eaa7cc4,crypto,BTCUSD,2026-05-11 21:43:09,2026-05-11T14:43:09.426564+00:00,SIGNAL,NEUTRAL,WAIT,WAIT,1.95,19.50,80801.00000,15m,,WAIT,81102.18928,80388.25913,,,,"15m strongest: BEARISH score=-6 | below_ema200,momentum_negative,trend_strength_bear,volume_confirmation,regime_range | weighted_score_neutral",C:\Users\GF\Documents\secret_project\cryto\logs\crypto_models_summary.csv
5d01abc7eed3ee757ffa,crypto,ETHUSD,2026-05-11 21:43:09,2026-05-11T14:43:09.426564+00:00,SIGNAL,NEUTRAL,WAIT,WAIT,-1.36,13.58,2313.00000,15m,,WAIT,2323.76652,2298.52089,,,,"15m strongest: BEARISH score=-6 | below_ema200,ema_bear_stack,momentum_negative,trend_strength_bear,volume_confirmation,rsi_short_too_cold,regime_range | weighted_score_neutral",C:\Users\GF\Documents\secret_project\cryto\logs\crypto_models_summary.csv
2b20d7ec9adfd4081fa4,crypto,SOLUSD,2026-05-11 21:43:09,2026-05-11T14:43:09.426564+00:00,SIGNAL,NEUTRAL,WAIT,WAIT,1.87,18.67,94.71000,4h,,WAIT,92.10967,98.35046,,,,"4h strongest: BULLISH score=5 | above_ema200,ema_bull_stack,trend_strength_bull,regime_trend | weighted_score_neutral",C:\Users\GF\Documents\secret_project\cryto\logs\crypto_models_summary.csv
cae66a406485543e1e53,crypto,BNBUSD,2026-05-11 21:43:09,2026-05-11T14:43:09.426564+00:00,SIGNAL,NEUTRAL,WAIT,WAIT,2.02,20.17,654.39001,4h,,WAIT,645.24507,666.37305,,,,"4h strongest: BULLISH score=5 | above_ema200,ema_bull_stack,trend_strength_bull,regime_trend | weighted_score_neutral",C:\Users\GF\Documents\secret_project\cryto\logs\crypto_models_summary.csv
17f4d80c9ede2ad44667,crypto,XRPUSD,2026-05-11 21:43:09,2026-05-11T14:43:09.426564+00:00,SIGNAL,NEUTRAL,WAIT,WAIT,2.96,29.58,1.46450,4h,,WAIT,1.42651,1.51788,,,,"4h strongest: BULLISH score=7 | above_ema200,ema_bull_stack,momentum_positive,trend_strength_bull,regime_trend | weighted_score_neutral",C:\Users\GF\Documents\secret_project\cryto\logs\crypto_models_summary.csv
23a8e6b9530991e5fb2c,crypto,BTCUSD,2026-05-11 21:50:46,2026-05-11T14:50:46.685113+00:00,SIGNAL,NEUTRAL,WAIT,WAIT,0.80,8.00,80724.00000,15m,,WAIT,81012.11100,80329.18122,,,,"15m strongest: BEARISH score=-8 | below_ema200,ema_bear_stack,momentum_negative,trend_strength_bear,volume_confirmation,regime_range | weighted_score_neutral",C:\Users\GF\Documents\secret_project\cryto\logs\crypto_models_summary.csv
d1f34ae5c16e8297f585,crypto,ETHUSD,2026-05-11 21:50:46,2026-05-11T14:50:46.685113+00:00,SIGNAL,NEUTRAL,WAIT,WAIT,-1.28,12.83,2310.52002,15m,,WAIT,2320.88415,2296.58206,,,,"15m strongest: BEARISH score=-5 | below_ema200,ema_bear_stack,momentum_negative,trend_strength_bear,rsi_short_too_cold,regime_range | weighted_score_neutral",C:\Users\GF\Documents\secret_project\cryto\logs\crypto_models_summary.csv
232890d84c7a3ad34f92,crypto,SOLUSD,2026-05-11 21:50:46,2026-05-11T14:50:46.685113+00:00,SIGNAL,NEUTRAL,WAIT,WAIT,1.87,18.67,94.41000,4h,,WAIT,91.80967,98.05047,,,,"4h strongest: BULLISH score=5 | above_ema200,ema_bull_stack,trend_strength_bull,regime_trend | weighted_score_neutral",C:\Users\GF\Documents\secret_project\cryto\logs\crypto_models_summary.csv
5e12dd4476e8868f3528,crypto,BNBUSD,2026-05-11 21:50:46,2026-05-11T14:50:46.685113+00:00,SIGNAL,NEUTRAL,WAIT,WAIT,2.02,20.17,654.28003,4h,,WAIT,645.13508,666.26307,,,,"4h strongest: BULLISH score=5 | above_ema200,ema_bull_stack,trend_strength_bull,regime_trend | weighted_score_neutral",C:\Users\GF\Documents\secret_project\cryto\logs\crypto_models_summary.csv
15f4b4adb365fd8812eb,crypto,XRPUSD,2026-05-11 21:50:46,2026-05-11T14:50:46.685113+00:00,SIGNAL,NEUTRAL,WAIT,WAIT,2.96,29.58,1.46120,4h,,WAIT,1.42321,1.51458,,,,"4h strongest: BULLISH score=7 | above_ema200,ema_bull_stack,momentum_positive,trend_strength_bull,regime_trend | weighted_score_neutral",C:\Users\GF\Documents\secret_project\cryto\logs\crypto_models_summary.csv
6afc97c843759ac29ff7,crypto,BTCUSD,2026-05-11 21:59:59,2026-05-11T15:00:00.025369+00:00,SIGNAL,NEUTRAL,WAIT,WAIT,2.84,28.42,80883.92969,4h,,WAIT,79955.15754,82156.69152,,,,"4h strongest: BULLISH score=8 | above_ema200,ema_bull_stack,momentum_positive,trend_strength_bull,volume_confirmation,regime_trend | weighted_score_neutral",C:\Users\GF\Documents\secret_project\cryto\logs\crypto_models_summary.csv
d8ce006dafaae430962d,crypto,ETHUSD,2026-05-11 21:59:59,2026-05-11T15:00:00.025369+00:00,SIGNAL,NEUTRAL,WAIT,WAIT,-1.43,14.33,2314.75000,15m,,WAIT,2325.60402,2300.15322,,,,"15m strongest: BEARISH score=-7 | below_ema200,ema_bear_stack,momentum_negative,trend_strength_bear,regime_range | weighted_score_neutral",C:\Users\GF\Documents\secret_project\cryto\logs\crypto_models_summary.csv
20310abf4a10dbe92877,crypto,SOLUSD,2026-05-11 21:59:59,2026-05-11T15:00:00.025369+00:00,SIGNAL,NEUTRAL,WAIT,WAIT,1.87,18.67,95.10000,4h,,WAIT,92.49967,98.74046,,,,"4h strongest: BULLISH score=5 | above_ema200,ema_bull_stack,trend_strength_bull,regime_trend | weighted_score_neutral",C:\Users\GF\Documents\secret_project\cryto\logs\crypto_models_summary.csv
c686daca78de7929aed0,crypto,BNBUSD,2026-05-11 21:59:59,2026-05-11T15:00:00.025369+00:00,SIGNAL,NEUTRAL,WAIT,WAIT,2.44,24.42,656.03003,15m,,WAIT,653.74311,659.02669,,,,"15m strongest: BULLISH score=5 | above_ema200,ema_bull_stack,volume_confirmation,regime_range | weighted_score_neutral",C:\Users\GF\Documents\secret_project\cryto\logs\crypto_models_summary.csv
597b40ea1380018c8b8b,crypto,XRPUSD,2026-05-11 21:59:59,2026-05-11T15:00:00.025369+00:00,SIGNAL,NEUTRAL,WAIT,WAIT,2.96,29.58,1.47130,4h,,WAIT,1.43306,1.52504,,,,"4h strongest: BULLISH score=7 | above_ema200,ema_bull_stack,momentum_positive,trend_strength_bull,regime_trend | weighted_score_neutral",C:\Users\GF\Documents\secret_project\cryto\logs\crypto_models_summary.csv
c7d0ea43b1ddbc59b544,crypto,BTCUSD,2026-05-11 22:07:39,2026-05-11T15:07:39.580711+00:00,SIGNAL,NEUTRAL,WAIT,WAIT,2.94,29.42,80866.52344,4h,,WAIT,79937.75129,82139.28527,,,,"4h strongest: BULLISH score=8 | above_ema200,ema_bull_stack,momentum_positive,trend_strength_bull,volume_confirmation,regime_trend | weighted_score_neutral",C:\Users\GF\Documents\secret_project\cryto\logs\crypto_models_summary.csv
9194d220ac630f1c24a6,crypto,ETHUSD,2026-05-11 22:07:39,2026-05-11T15:07:39.580711+00:00,SIGNAL,NEUTRAL,WAIT,WAIT,-1.43,14.33,2314.93994,15m,,WAIT,2325.34284,2300.94984,,,,"15m strongest: BEARISH score=-7 | below_ema200,ema_bear_stack,momentum_negative,trend_strength_bear,regime_range | weighted_score_neutral",C:\Users\GF\Documents\secret_project\cryto\logs\crypto_models_summary.csv
393546251a2999daf8ae,crypto,SOLUSD,2026-05-11 22:07:39,2026-05-11T15:07:39.580711+00:00,SIGNAL,NEUTRAL,WAIT,WAIT,2.62,26.25,94.97000,4h,,WAIT,92.36967,98.61046,,,,"4h strongest: BULLISH score=6 | above_ema200,ema_bull_stack,trend_strength_bull,volume_confirmation,regime_trend | weighted_score_neutral",C:\Users\GF\Documents\secret_project\cryto\logs\crypto_models_summary.csv
a220a2a2868e8572b817,crypto,BNBUSD,2026-05-11 22:07:39,2026-05-11T15:07:39.580711+00:00,SIGNAL,NEUTRAL,WAIT,WAIT,2.72,27.17,656.10999,15m,,WAIT,653.90874,658.99438,,,,"15m strongest: BULLISH score=6 | above_ema200,ema_bull_stack,momentum_positive,regime_range | weighted_score_neutral",C:\Users\GF\Documents\secret_project\cryto\logs\crypto_models_summary.csv
d504f82881b62f3e2779,crypto,XRPUSD,2026-05-11 22:07:39,2026-05-11T15:07:39.580711+00:00,SIGNAL,NEUTRAL,WAIT,WAIT,3.16,31.58,1.46820,4h,,WAIT,1.42996,1.52194,,,,"4h strongest: BULLISH score=7 | above_ema200,ema_bull_stack,momentum_positive,trend_strength_bull,regime_trend | weighted_score_neutral",C:\Users\GF\Documents\secret_project\cryto\logs\crypto_models_summary.csv
d5a1e46e00cba591d527,crypto,BTCUSD,2026-05-11 22:16:14,2026-05-11T15:16:14.606451+00:00,SIGNAL,NEUTRAL,WAIT,WAIT,3.24,32.42,81029.35938,4h,,WAIT,80100.58723,82302.12120,,,,"4h strongest: BULLISH score=8 | above_ema200,ema_bull_stack,momentum_positive,trend_strength_bull,volume_confirmation,regime_trend | weighted_score_neutral",C:\Users\GF\Documents\secret_project\cryto\logs\crypto_models_summary.csv
b8839624840fc9765c92,crypto,ETHUSD,2026-05-11 22:16:14,2026-05-11T15:16:14.606451+00:00,SIGNAL,NEUTRAL,WAIT,WAIT,-0.43,4.33,2322.55005,15m,,WAIT,2333.13538,2308.31460,,,,"15m strongest: BEARISH score=-7 | below_ema200,ema_bear_stack,momentum_negative,trend_strength_bear,regime_range | weighted_score_neutral",C:\Users\GF\Documents\secret_project\cryto\logs\crypto_models_summary.csv
2b7307076c953492e41a,crypto,SOLUSD,2026-05-11 22:16:14,2026-05-11T15:16:14.606451+00:00,SIGNAL,NEUTRAL,WAIT,WAIT,2.70,27.00,95.54000,4h,,WAIT,92.93967,99.18046,,,,"4h strongest: BULLISH score=6 | above_ema200,ema_bull_stack,trend_strength_bull,volume_confirmation,regime_trend | weighted_score_neutral",C:\Users\GF\Documents\secret_project\cryto\logs\crypto_models_summary.csv
24a83d8b580ac057f58d,crypto,BNBUSD,2026-05-11 22:16:14,2026-05-11T15:16:14.606451+00:00,SIGNAL,NEUTRAL,WAIT,WAIT,3.23,32.33,659.34003,4h,,WAIT,649.78286,671.86321,,,,"4h strongest: BULLISH score=7 | above_ema200,ema_bull_stack,momentum_positive,trend_strength_bull,regime_trend | weighted_score_neutral",C:\Users\GF\Documents\secret_project\cryto\logs\crypto_models_summary.csv
8bd04f61b324f44327e3,crypto,XRPUSD,2026-05-11 22:16:14,2026-05-11T15:16:14.606451+00:00,SIGNAL,NEUTRAL,WAIT,WAIT,3.57,35.67,1.47710,4h,,WAIT,1.43822,1.53175,,,,"4h strongest: BULLISH score=8 | above_ema200,ema_bull_stack,momentum_positive,trend_strength_bull,volume_confirmation,regime_trend | weighted_score_neutral",C:\Users\GF\Documents\secret_project\cryto\logs\crypto_models_summary.csv
b1f47accb1a2522e058c,crypto,BTCUSD,2026-05-11 22:23:49,2026-05-11T15:23:49.155071+00:00,SIGNAL,NEUTRAL,WAIT,WAIT,3.24,32.42,80988.50000,4h,,WAIT,80059.72785,82261.26183,,,,"4h strongest: BULLISH score=8 | above_ema200,ema_bull_stack,momentum_positive,trend_strength_bull,volume_confirmation,regime_trend | weighted_score_neutral",C:\Users\GF\Documents\secret_project\cryto\logs\crypto_models_summary.csv
dd89c1e143477c55757c,crypto,ETHUSD,2026-05-11 22:23:49,2026-05-11T15:23:49.155071+00:00,SIGNAL,NEUTRAL,WAIT,WAIT,-0.43,4.33,2322.01001,15m,,WAIT,2332.89883,2307.36643,,,,"15m strongest: BEARISH score=-7 | below_ema200,ema_bear_stack,momentum_negative,trend_strength_bear,regime_range | weighted_score_neutral",C:\Users\GF\Documents\secret_project\cryto\logs\crypto_models_summary.csv
8e302e8976b2c3605360,crypto,SOLUSD,2026-05-11 22:23:49,2026-05-11T15:23:49.155071+00:00,SIGNAL,NEUTRAL,WAIT,WAIT,2.77,27.75,95.44000,4h,,WAIT,92.83967,99.08046,,,,"4h strongest: BULLISH score=6 | above_ema200,ema_bull_stack,trend_strength_bull,volume_confirmation,regime_trend | weighted_score_neutral",C:\Users\GF\Documents\secret_project\cryto\logs\crypto_models_summary.csv
a4f179995e2d99803a69,crypto,BNBUSD,2026-05-11 22:23:49,2026-05-11T15:23:49.155071+00:00,SIGNAL,NEUTRAL,WAIT,WAIT,2.79,27.92,658.23999,15m,,WAIT,655.81343,661.41963,,,,"15m strongest: BULLISH score=7 | above_ema200,ema_bull_stack,momentum_positive,volume_confirmation,regime_range | weighted_score_neutral",C:\Users\GF\Documents\secret_project\cryto\logs\crypto_models_summary.csv
c7be6a0a9fdb292202bb,crypto,XRPUSD,2026-05-11 22:23:49,2026-05-11T15:23:49.155071+00:00,SIGNAL,NEUTRAL,WAIT,WAIT,3.64,36.42,1.47670,4h,,WAIT,1.43772,1.53148,,,,"4h strongest: BULLISH score=8 | above_ema200,ema_bull_stack,momentum_positive,trend_strength_bull,volume_confirmation,regime_trend | weighted_score_neutral",C:\Users\GF\Documents\secret_project\cryto\logs\crypto_models_summary.csv
853a315a5559e333b2d6,crypto,BTCUSD,2026-05-11 22:31:55,2026-05-11T15:31:55.131317+00:00,SIGNAL,BULLISH,BULLISH_WATCH,WATCH,4.39,43.92,81384.96875,4h,,WAIT,80439.54234,82680.55310,,,,"4h strongest: BULLISH score=8 | above_ema200,ema_bull_stack,momentum_positive,trend_strength_bull,volume_confirmation,regime_trend | trade_disabled_until_backtest_edge",C:\Users\GF\Documents\secret_project\cryto\logs\crypto_models_summary.csv
9f76572aa79b9729b210,crypto,ETHUSD,2026-05-11 22:31:55,2026-05-11T15:31:55.131317+00:00,SIGNAL,NEUTRAL,WAIT,WAIT,2.18,21.83,2334.77002,4h,,WAIT,2295.45753,2387.63854,,,,"4h strongest: BULLISH score=7 | above_ema200,ema_bull_stack,momentum_positive,volume_confirmation,regime_range | weighted_score_neutral",C:\Users\GF\Documents\secret_project\cryto\logs\crypto_models_summary.csv
9eb8b5c4f4304ae764f8,crypto,SOLUSD,2026-05-11 22:31:55,2026-05-11T15:31:55.131317+00:00,SIGNAL,NEUTRAL,WAIT,WAIT,2.18,21.83,96.41000,15m,,WAIT,95.47225,97.72285,,,,"15m strongest: BULLISH score=6 | above_ema200,ema_bull_stack,momentum_positive,regime_range | weighted_score_neutral",C:\Users\GF\Documents\secret_project\cryto\logs\crypto_models_summary.csv
4575e2c114cf2765aca5,crypto,BNBUSD,2026-05-11 22:31:55,2026-05-11T15:31:55.131317+00:00,SIGNAL,NEUTRAL,WAIT,WAIT,3.23,32.33,660.10999,4h,,WAIT,650.46790,672.74445,,,,"4h strongest: BULLISH score=7 | above_ema200,ema_bull_stack,momentum_positive,trend_strength_bull,regime_trend | weighted_score_neutral",C:\Users\GF\Documents\secret_project\cryto\logs\crypto_models_summary.csv
0bec7a8247484feb03be,crypto,XRPUSD,2026-05-11 22:31:55,2026-05-11T15:31:55.131317+00:00,SIGNAL,BULLISH,BULLISH_WATCH,WATCH,4.17,41.67,1.48810,4h,,WAIT,1.44776,1.54479,,,,"4h strongest: BULLISH score=8 | above_ema200,ema_bull_stack,momentum_positive,trend_strength_bull,volume_confirmation,regime_trend | trade_disabled_until_backtest_edge",C:\Users\GF\Documents\secret_project\cryto\logs\crypto_models_summary.csv
2b40045cd0f105d5a5ea,crypto,BTCUSD,2026-05-11 22:40:01,2026-05-11T15:40:01.508131+00:00,SIGNAL,BULLISH,BULLISH_WATCH,WATCH,4.27,42.67,81229.03125,15m,,WAIT,80898.78979,81681.58436,,,,"15m strongest: BULLISH score=8 | above_ema200,ema_bull_stack,momentum_positive,trend_strength_bull,volume_confirmation,regime_range | trade_disabled_until_backtest_edge",C:\Users\GF\Documents\secret_project\cryto\logs\crypto_models_summary.csv
bcbdfc9c7b17b9cd897b,crypto,ETHUSD,2026-05-11 22:40:01,2026-05-11T15:40:01.508131+00:00,SIGNAL,NEUTRAL,WAIT,WAIT,0.44,4.42,2328.92993,15m,,WAIT,2340.81381,2312.94817,,,,"15m strongest: BEARISH score=-6 | below_ema200,ema_bear_stack,trend_strength_bear,volume_confirmation,regime_range | weighted_score_neutral",C:\Users\GF\Documents\secret_project\cryto\logs\crypto_models_summary.csv
2e3c82eff754a824cbed,crypto,SOLUSD,2026-05-11 22:40:01,2026-05-11T15:40:01.508131+00:00,SIGNAL,NEUTRAL,WAIT,WAIT,2.26,22.58,96.06000,15m,,WAIT,95.09600,97.40960,,,,"15m strongest: BULLISH score=7 | above_ema200,ema_bull_stack,momentum_positive,volume_confirmation,regime_range | weighted_score_neutral",C:\Users\GF\Documents\secret_project\cryto\logs\crypto_models_summary.csv
f0cb7a30db9505ed4a3b,crypto,BNBUSD,2026-05-11 22:40:01,2026-05-11T15:40:01.508131+00:00,SIGNAL,NEUTRAL,WAIT,WAIT,3.64,36.42,659.66998,4h,,WAIT,650.02789,672.30445,,,,"4h strongest: BULLISH score=8 | above_ema200,ema_bull_stack,momentum_positive,trend_strength_bull,volume_confirmation,regime_trend | weighted_score_neutral",C:\Users\GF\Documents\secret_project\cryto\logs\crypto_models_summary.csv
7d40d3d4f64b5bfe6191,crypto,XRPUSD,2026-05-11 22:40:01,2026-05-11T15:40:01.508131+00:00,SIGNAL,BULLISH,BULLISH_WATCH,WATCH,4.24,42.42,1.48460,4h,,WAIT,1.44426,1.54129,,,,"4h strongest: BULLISH score=8 | above_ema200,ema_bull_stack,momentum_positive,trend_strength_bull,volume_confirmation,regime_trend | trade_disabled_until_backtest_edge",C:\Users\GF\Documents\secret_project\cryto\logs\crypto_models_summary.csv
29906a7f1c1d8caa8697,crypto,BTCUSD,2026-05-11 22:48:19,2026-05-11T15:48:19.498687+00:00,SIGNAL,BULLISH,BULLISH_WATCH,WATCH,4.19,41.92,81219.14844,4h,,WAIT,80271.96898,82517.13510,,,,"4h strongest: BULLISH score=8 | above_ema200,ema_bull_stack,momentum_positive,trend_strength_bull,volume_confirmation,regime_trend | trade_disabled_until_backtest_edge",C:\Users\GF\Documents\secret_project\cryto\logs\crypto_models_summary.csv
2e2c7b4ca60628daf35e,crypto,ETHUSD,2026-05-11 22:48:19,2026-05-11T15:48:19.498687+00:00,SIGNAL,NEUTRAL,WAIT,WAIT,0.52,5.17,2327.16992,15m,,WAIT,2338.44537,2312.00639,,,,"15m strongest: BEARISH score=-5 | below_ema200,ema_bear_stack,trend_strength_bear,regime_range | weighted_score_neutral",C:\Users\GF\Documents\secret_project\cryto\logs\crypto_models_summary.csv
548335176a889725dc7c,crypto,SOLUSD,2026-05-11 22:48:19,2026-05-11T15:48:19.498687+00:00,SIGNAL,NEUTRAL,WAIT,WAIT,2.18,21.83,96.03000,15m,,WAIT,95.10182,97.32945,,,,"15m strongest: BULLISH score=6 | above_ema200,ema_bull_stack,momentum_positive,regime_range | weighted_score_neutral",C:\Users\GF\Documents\secret_project\cryto\logs\crypto_models_summary.csv
25ca26e99e83d3fec58b,crypto,BNBUSD,2026-05-11 22:48:19,2026-05-11T15:48:19.498687+00:00,SIGNAL,NEUTRAL,WAIT,WAIT,3.05,30.50,659.00000,15m,,WAIT,656.68952,662.02753,,,,"15m strongest: BULLISH score=6 | above_ema200,ema_bull_stack,momentum_positive,regime_range | weighted_score_neutral",C:\Users\GF\Documents\secret_project\cryto\logs\crypto_models_summary.csv
ce78a2800fc717f0f4a6,crypto,XRPUSD,2026-05-11 22:48:19,2026-05-11T15:48:19.498687+00:00,SIGNAL,BULLISH,BULLISH_WATCH,WATCH,4.17,41.67,1.48190,4h,,WAIT,1.44156,1.53859,,,,"4h strongest: BULLISH score=8 | above_ema200,ema_bull_stack,momentum_positive,trend_strength_bull,volume_confirmation,regime_trend | trade_disabled_until_backtest_edge",C:\Users\GF\Documents\secret_project\cryto\logs\crypto_models_summary.csv
d94e3daf338e6c26223d,crypto,BTCUSD,2026-05-11 22:56:18,2026-05-11T15:56:18.729019+00:00,SIGNAL,BULLISH,BULLISH_WATCH,WATCH,4.59,45.92,81355.50781,4h,,WAIT,80408.32836,82653.49447,,,,"4h strongest: BULLISH score=8 | above_ema200,ema_bull_stack,momentum_positive,trend_strength_bull,volume_confirmation,regime_trend | trade_disabled_until_backtest_edge",C:\Users\GF\Documents\secret_project\cryto\logs\crypto_models_summary.csv
a01b53b5f5870d02a996,crypto,ETHUSD,2026-05-11 22:56:18,2026-05-11T15:56:18.729019+00:00,SIGNAL,NEUTRAL,WAIT,WAIT,2.38,23.83,2332.16992,4h,,WAIT,2292.81912,2385.08996,,,,"4h strongest: BULLISH score=7 | above_ema200,ema_bull_stack,momentum_positive,volume_confirmation,regime_range | weighted_score_neutral",C:\Users\GF\Documents\secret_project\cryto\logs\crypto_models_summary.csv
dc418d948c60fab82e1a,crypto,SOLUSD,2026-05-11 22:56:18,2026-05-11T15:56:18.729019+00:00,SIGNAL,NEUTRAL,WAIT,WAIT,2.18,21.83,96.49000,15m,,WAIT,95.50432,97.86995,,,,"15m strongest: BULLISH score=6 | above_ema200,ema_bull_stack,momentum_positive,regime_range | weighted_score_neutral",C:\Users\GF\Documents\secret_project\cryto\logs\crypto_models_summary.csv
a538dd101826fcc81584,crypto,BNBUSD,2026-05-11 22:56:18,2026-05-11T15:56:18.729019+00:00,SIGNAL,NEUTRAL,WAIT,WAIT,3.57,35.67,661.08002,4h,,WAIT,651.31778,673.87191,,,,"4h strongest: BULLISH score=8 | above_ema200,ema_bull_stack,momentum_positive,trend_strength_bull,volume_confirmation,regime_trend | weighted_score_neutral",C:\Users\GF\Documents\secret_project\cryto\logs\crypto_models_summary.csv
d050a8f45f54a7631d6c,crypto,XRPUSD,2026-05-11 22:56:18,2026-05-11T15:56:18.729019+00:00,SIGNAL,BULLISH,BULLISH_WATCH,WATCH,4.17,41.67,1.48570,4h,,WAIT,1.44536,1.54239,,,,"4h strongest: BULLISH score=8 | above_ema200,ema_bull_stack,momentum_positive,trend_strength_bull,volume_confirmation,regime_trend | trade_disabled_until_backtest_edge",C:\Users\GF\Documents\secret_project\cryto\logs\crypto_models_summary.csv
590825fbb072f588b262,crypto,BTCUSD,2026-05-12 09:29:01,2026-05-12T02:29:01.706873+00:00,SIGNAL,NEUTRAL,WAIT,WAIT,2.73,27.33,81214.03125,4h,,WAIT,80226.66560,82567.08788,,,,"4h strongest: BULLISH score=7 | above_ema200,ema_bull_stack,momentum_positive,trend_strength_bull,regime_trend | weighted_score_neutral",C:\Users\GF\Documents\secret_project\cryto\logs\crypto_models_summary.csv
0fe8a4a4246ba194bb17,crypto,ETHUSD,2026-05-12 09:29:01,2026-05-12T02:29:01.706873+00:00,SIGNAL,NEUTRAL,WAIT,WAIT,-1.96,19.58,2312.37988,15m,,WAIT,2323.12110,2297.93479,,,,"15m strongest: BEARISH score=-6 | below_ema200,ema_bear_stack,momentum_negative,trend_strength_bear,volume_confirmation,rsi_short_too_cold,regime_range | weighted_score_neutral",C:\Users\GF\Documents\secret_project\cryto\logs\crypto_models_summary.csv
88ff9d337a0d399bba3e,crypto,SOLUSD,2026-05-12 09:29:01,2026-05-12T02:29:01.706873+00:00,SIGNAL,NEUTRAL,WAIT,WAIT,2.69,26.92,96.49000,4h,,WAIT,93.72039,100.36745,,,,"4h strongest: BULLISH score=5 | above_ema200,ema_bull_stack,trend_strength_bull,regime_trend | weighted_score_neutral",C:\Users\GF\Documents\secret_project\cryto\logs\crypto_models_summary.csv
6213468438f539a03773,crypto,BNBUSD,2026-05-12 09:29:01,2026-05-12T02:29:01.706873+00:00,SIGNAL,NEUTRAL,WAIT,WAIT,3.76,37.58,663.03998,4h,,WAIT,653.15591,675.99152,,,,"4h strongest: BULLISH score=7 | above_ema200,ema_bull_stack,momentum_positive,trend_strength_bull,regime_trend | weighted_score_neutral",C:\Users\GF\Documents\secret_project\cryto\logs\crypto_models_summary.csv
5e74aefe236d90cdeff4,crypto,XRPUSD,2026-05-12 09:29:01,2026-05-12T02:29:01.706873+00:00,SIGNAL,NEUTRAL,WAIT,WAIT,2.88,28.83,1.46700,4h,,WAIT,1.42849,1.52112,,,,"4h strongest: BULLISH score=7 | above_ema200,ema_bull_stack,momentum_positive,trend_strength_bull,regime_trend | weighted_score_neutral",C:\Users\GF\Documents\secret_project\cryto\logs\crypto_models_summary.csv
9be47e22c9b5e1d00633,crypto,BTCUSD,2026-05-12 09:36:20,2026-05-12T02:36:20.709769+00:00,SIGNAL,NEUTRAL,WAIT,WAIT,2.36,23.58,81130.86719,4h,,WAIT,80143.50154,82483.92382,,,,"4h strongest: BULLISH score=7 | above_ema200,ema_bull_stack,momentum_positive,trend_strength_bull,regime_trend | weighted_score_neutral",C:\Users\GF\Documents\secret_project\cryto\logs\crypto_models_summary.csv
d5dcec1cfdcfffaf678f,crypto,ETHUSD,2026-05-12 09:36:20,2026-05-12T02:36:20.709769+00:00,SIGNAL,NEUTRAL,WAIT,WAIT,-1.96,19.58,2310.30005,15m,,WAIT,2320.70696,2296.30455,,,,"15m strongest: BEARISH score=-6 | below_ema200,ema_bear_stack,momentum_negative,trend_strength_bear,volume_confirmation,rsi_short_too_cold,regime_range | weighted_score_neutral",C:\Users\GF\Documents\secret_project\cryto\logs\crypto_models_summary.csv
ba72a2f4e808137fdf32,crypto,SOLUSD,2026-05-12 09:36:20,2026-05-12T02:36:20.709769+00:00,SIGNAL,NEUTRAL,WAIT,WAIT,2.69,26.92,96.38000,4h,,WAIT,93.61039,100.25745,,,,"4h strongest: BULLISH score=5 | above_ema200,ema_bull_stack,trend_strength_bull,regime_trend | weighted_score_neutral",C:\Users\GF\Documents\secret_project\cryto\logs\crypto_models_summary.csv
ebad7dbd60245b16278c,crypto,BNBUSD,2026-05-12 09:36:20,2026-05-12T02:36:20.709769+00:00,SIGNAL,NEUTRAL,WAIT,WAIT,3.76,37.58,661.76001,4h,,WAIT,651.86765,674.72241,,,,"4h strongest: BULLISH score=7 | above_ema200,ema_bull_stack,momentum_positive,trend_strength_bull,regime_trend | weighted_score_neutral",C:\Users\GF\Documents\secret_project\cryto\logs\crypto_models_summary.csv
3cbf0cc391f33f6e395f,crypto,XRPUSD,2026-05-12 09:36:20,2026-05-12T02:36:20.709769+00:00,SIGNAL,NEUTRAL,WAIT,WAIT,2.96,29.58,1.46310,4h,,WAIT,1.42440,1.51749,,,,"4h strongest: BULLISH score=7 | above_ema200,ema_bull_stack,momentum_positive,trend_strength_bull,regime_trend | weighted_score_neutral",C:\Users\GF\Documents\secret_project\cryto\logs\crypto_models_summary.csv
fc4288a97b760efcf504,crypto,BTCUSD,2026-05-12 09:44:06,2026-05-12T02:44:06.512511+00:00,SIGNAL,NEUTRAL,WAIT,WAIT,2.36,23.58,81137.28906,4h,,WAIT,80149.92341,82490.34569,,,,"4h strongest: BULLISH score=7 | above_ema200,ema_bull_stack,momentum_positive,trend_strength_bull,regime_trend | weighted_score_neutral",C:\Users\GF\Documents\secret_project\cryto\logs\crypto_models_summary.csv
a11f28785749c3ffef55,crypto,ETHUSD,2026-05-12 09:44:06,2026-05-12T02:44:06.512511+00:00,SIGNAL,NEUTRAL,WAIT,WAIT,-1.96,19.58,2310.45996,15m,,WAIT,2321.16102,2296.06887,,,,"15m strongest: BEARISH score=-6 | below_ema200,ema_bear_stack,momentum_negative,trend_strength_bear,volume_confirmation,rsi_short_too_cold,regime_range | weighted_score_neutral",C:\Users\GF\Documents\secret_project\cryto\logs\crypto_models_summary.csv
67eb9288fe7b0feee283,crypto,SOLUSD,2026-05-12 09:44:06,2026-05-12T02:44:06.512511+00:00,SIGNAL,NEUTRAL,WAIT,WAIT,2.69,26.92,96.40000,4h,,WAIT,93.63039,100.27746,,,,"4h strongest: BULLISH score=5 | above_ema200,ema_bull_stack,trend_strength_bull,regime_trend | weighted_score_neutral",C:\Users\GF\Documents\secret_project\cryto\logs\crypto_models_summary.csv
cc43b3ae1a1bb46f36d9,crypto,BNBUSD,2026-05-12 09:44:06,2026-05-12T02:44:06.512511+00:00,SIGNAL,NEUTRAL,WAIT,WAIT,3.76,37.58,661.76001,4h,,WAIT,651.81690,674.78891,,,,"4h strongest: BULLISH score=7 | above_ema200,ema_bull_stack,momentum_positive,trend_strength_bull,regime_trend | weighted_score_neutral",C:\Users\GF\Documents\secret_project\cryto\logs\crypto_models_summary.csv
988cdf5dfb5e2bb13a48,crypto,XRPUSD,2026-05-12 09:44:06,2026-05-12T02:44:06.512511+00:00,SIGNAL,NEUTRAL,WAIT,WAIT,2.96,29.58,1.46120,4h,,WAIT,1.42232,1.51585,,,,"4h strongest: BULLISH score=7 | above_ema200,ema_bull_stack,momentum_positive,trend_strength_bull,regime_trend | weighted_score_neutral",C:\Users\GF\Documents\secret_project\cryto\logs\crypto_models_summary.csv
f2d775f5574bc0172d77,crypto,BTCUSD,2026-05-12 10:01:55,2026-05-12T03:01:55.709937+00:00,SIGNAL,NEUTRAL,WAIT,WAIT,2.73,27.33,81269.96094,4h,,WAIT,80282.59529,82623.01757,,,,"4h strongest: BULLISH score=7 | above_ema200,ema_bull_stack,momentum_positive,trend_strength_bull,regime_trend | weighted_score_neutral",C:\Users\GF\Documents\secret_project\cryto\logs\crypto_models_summary.csv
259d548932edc74c47a3,crypto,ETHUSD,2026-05-12 10:01:55,2026-05-12T03:01:55.709937+00:00,SIGNAL,NEUTRAL,WAIT,WAIT,-2.03,20.33,2315.95996,15m,,WAIT,2325.87526,2302.62559,,,,"15m strongest: BEARISH score=-7 | below_ema200,ema_bear_stack,momentum_negative,trend_strength_bear,regime_range | weighted_score_neutral",C:\Users\GF\Documents\secret_project\cryto\logs\crypto_models_summary.csv
43bbfbee81cd8d7642ba,crypto,SOLUSD,2026-05-12 10:01:55,2026-05-12T03:01:55.709937+00:00,SIGNAL,NEUTRAL,WAIT,WAIT,2.29,22.92,96.62000,4h,,WAIT,93.85039,100.49746,,,,"4h strongest: BULLISH score=5 | above_ema200,ema_bull_stack,trend_strength_bull,regime_trend | weighted_score_neutral",C:\Users\GF\Documents\secret_project\cryto\logs\crypto_models_summary.csv
ce4a30018a7852cc8ca6,crypto,BNBUSD,2026-05-12 10:01:55,2026-05-12T03:01:55.709937+00:00,SIGNAL,NEUTRAL,WAIT,WAIT,3.76,37.58,662.95001,4h,,WAIT,653.00691,675.97891,,,,"4h strongest: BULLISH score=7 | above_ema200,ema_bull_stack,momentum_positive,trend_strength_bull,regime_trend | weighted_score_neutral",C:\Users\GF\Documents\secret_project\cryto\logs\crypto_models_summary.csv
a56d0d542f4ec6f66780,crypto,XRPUSD,2026-05-12 10:01:55,2026-05-12T03:01:55.709937+00:00,SIGNAL,NEUTRAL,WAIT,WAIT,2.73,27.33,1.46520,4h,,WAIT,1.42629,1.51988,,,,"4h strongest: BULLISH score=7 | above_ema200,ema_bull_stack,momentum_positive,trend_strength_bull,regime_trend | weighted_score_neutral",C:\Users\GF\Documents\secret_project\cryto\logs\crypto_models_summary.csv
7aa4442e4c5e9bf461ed,crypto,BTCUSD,2026-05-12 10:09:47,2026-05-12T03:09:47.413246+00:00,SIGNAL,NEUTRAL,WAIT,WAIT,2.73,27.33,81228.72656,4h,,WAIT,80241.36091,82581.78319,,,,"4h strongest: BULLISH score=7 | above_ema200,ema_bull_stack,momentum_positive,trend_strength_bull,regime_trend | weighted_score_neutral",C:\Users\GF\Documents\secret_project\cryto\logs\crypto_models_summary.csv
6879648339e70e409ac7,crypto,ETHUSD,2026-05-12 10:09:47,2026-05-12T03:09:47.413246+00:00,SIGNAL,NEUTRAL,WAIT,WAIT,-2.03,20.33,2316.03003,15m,,WAIT,2326.16180,2302.40454,,,,"15m strongest: BEARISH score=-7 | below_ema200,ema_bear_stack,momentum_negative,trend_strength_bear,regime_range | weighted_score_neutral",C:\Users\GF\Documents\secret_project\cryto\logs\crypto_models_summary.csv
40e3d0394afff1ee464b,crypto,SOLUSD,2026-05-12 10:09:47,2026-05-12T03:09:47.413246+00:00,SIGNAL,NEUTRAL,WAIT,WAIT,2.29,22.92,96.48000,4h,,WAIT,93.71039,100.35746,,,,"4h strongest: BULLISH score=5 | above_ema200,ema_bull_stack,trend_strength_bull,regime_trend | weighted_score_neutral",C:\Users\GF\Documents\secret_project\cryto\logs\crypto_models_summary.csv
ec855a21209b19c6a5fd,crypto,BNBUSD,2026-05-12 10:09:47,2026-05-12T03:09:47.413246+00:00,SIGNAL,NEUTRAL,WAIT,WAIT,3.76,37.58,663.20001,4h,,WAIT,653.25691,676.22891,,,,"4h strongest: BULLISH score=7 | above_ema200,ema_bull_stack,momentum_positive,trend_strength_bull,regime_trend | weighted_score_neutral",C:\Users\GF\Documents\secret_project\cryto\logs\crypto_models_summary.csv
0e959a799d4eff5081db,crypto,XRPUSD,2026-05-12 10:09:47,2026-05-12T03:09:47.413246+00:00,SIGNAL,NEUTRAL,WAIT,WAIT,2.73,27.33,1.46430,4h,,WAIT,1.42539,1.51898,,,,"4h strongest: BULLISH score=7 | above_ema200,ema_bull_stack,momentum_positive,trend_strength_bull,regime_trend | weighted_score_neutral",C:\Users\GF\Documents\secret_project\cryto\logs\crypto_models_summary.csv
c4c00f22c5eedb8683bc,crypto,BTCUSD,2026-05-12 10:16:57,2026-05-12T03:16:57.569737+00:00,SIGNAL,NEUTRAL,WAIT,WAIT,2.73,27.33,81214.81250,4h,,WAIT,80227.44685,82567.86913,,,,"4h strongest: BULLISH score=7 | above_ema200,ema_bull_stack,momentum_positive,trend_strength_bull,regime_trend | weighted_score_neutral",C:\Users\GF\Documents\secret_project\cryto\logs\crypto_models_summary.csv
239e3140e1959309ec37,crypto,ETHUSD,2026-05-12 10:16:57,2026-05-12T03:16:57.569737+00:00,SIGNAL,NEUTRAL,WAIT,WAIT,-2.03,20.33,2313.08008,15m,,WAIT,2322.84233,2299.95154,,,,"15m strongest: BEARISH score=-7 | below_ema200,ema_bear_stack,momentum_negative,trend_strength_bear,regime_range | weighted_score_neutral",C:\Users\GF\Documents\secret_project\cryto\logs\crypto_models_summary.csv
6cebc4f81541b68500f3,crypto,SOLUSD,2026-05-12 10:16:57,2026-05-12T03:16:57.569737+00:00,SIGNAL,NEUTRAL,WAIT,WAIT,2.07,20.67,96.30000,4h,,WAIT,93.53039,100.17746,,,,"4h strongest: BULLISH score=5 | above_ema200,ema_bull_stack,trend_strength_bull,regime_trend | weighted_score_neutral",C:\Users\GF\Documents\secret_project\cryto\logs\crypto_models_summary.csv
6a14fc19e2639df19fed,crypto,BNBUSD,2026-05-12 10:16:57,2026-05-12T03:16:57.569737+00:00,SIGNAL,NEUTRAL,WAIT,WAIT,3.76,37.58,662.78003,4h,,WAIT,652.83692,675.80893,,,,"4h strongest: BULLISH score=7 | above_ema200,ema_bull_stack,momentum_positive,trend_strength_bull,regime_trend | weighted_score_neutral",C:\Users\GF\Documents\secret_project\cryto\logs\crypto_models_summary.csv
52111dde602d9227f94b,crypto,XRPUSD,2026-05-12 10:16:57,2026-05-12T03:16:57.569737+00:00,SIGNAL,NEUTRAL,WAIT,WAIT,2.73,27.33,1.46300,4h,,WAIT,1.42409,1.51768,,,,"4h strongest: BULLISH score=7 | above_ema200,ema_bull_stack,momentum_positive,trend_strength_bull,regime_trend | weighted_score_neutral",C:\Users\GF\Documents\secret_project\cryto\logs\crypto_models_summary.csv
537ab290feac49f00669,crypto,BTCUSD,2026-05-12 10:24:44,2026-05-12T03:24:44.663156+00:00,SIGNAL,NEUTRAL,WAIT,WAIT,2.36,23.58,81142.93750,4h,,WAIT,80152.26711,82500.52285,,,,"4h strongest: BULLISH score=7 | above_ema200,ema_bull_stack,momentum_positive,trend_strength_bull,regime_trend | weighted_score_neutral",C:\Users\GF\Documents\secret_project\cryto\logs\crypto_models_summary.csv
49b7068f405a0274c385,crypto,ETHUSD,2026-05-12 10:24:44,2026-05-12T03:24:44.663156+00:00,SIGNAL,NEUTRAL,WAIT,WAIT,-2.03,20.33,2310.55005,15m,,WAIT,2320.44062,2297.24894,,,,"15m strongest: BEARISH score=-7 | below_ema200,ema_bear_stack,momentum_negative,trend_strength_bear,regime_range | weighted_score_neutral",C:\Users\GF\Documents\secret_project\cryto\logs\crypto_models_summary.csv
c12479db4925d426bfa9,crypto,SOLUSD,2026-05-12 10:24:44,2026-05-12T03:24:44.663156+00:00,SIGNAL,NEUTRAL,WAIT,WAIT,2.07,20.67,96.18000,4h,,WAIT,93.39836,100.07429,,,,"4h strongest: BULLISH score=5 | above_ema200,ema_bull_stack,trend_strength_bull,regime_trend | weighted_score_neutral",C:\Users\GF\Documents\secret_project\cryto\logs\crypto_models_summary.csv
2fe8bbe17533ed35bcd0,crypto,BNBUSD,2026-05-12 10:24:44,2026-05-12T03:24:44.663156+00:00,SIGNAL,NEUTRAL,WAIT,WAIT,3.76,37.58,662.90997,4h,,WAIT,652.96687,675.93887,,,,"4h strongest: BULLISH score=7 | above_ema200,ema_bull_stack,momentum_positive,trend_strength_bull,regime_trend | weighted_score_neutral",C:\Users\GF\Documents\secret_project\cryto\logs\crypto_models_summary.csv
32ea3a289a451e26317d,crypto,XRPUSD,2026-05-12 10:24:44,2026-05-12T03:24:44.663156+00:00,SIGNAL,NEUTRAL,WAIT,WAIT,2.73,27.33,1.46030,4h,,WAIT,1.42125,1.51519,,,,"4h strongest: BULLISH score=7 | above_ema200,ema_bull_stack,momentum_positive,trend_strength_bull,regime_trend | weighted_score_neutral",C:\Users\GF\Documents\secret_project\cryto\logs\crypto_models_summary.csv
860511ed1c703f21a822,crypto,BTCUSD,2026-05-12 10:33:25,2026-05-12T03:33:25.727535+00:00,SIGNAL,NEUTRAL,WAIT,WAIT,2.36,23.58,81161.59375,4h,,WAIT,80174.22810,82514.65038,,,,"4h strongest: BULLISH score=7 | above_ema200,ema_bull_stack,momentum_positive,trend_strength_bull,regime_trend | weighted_score_neutral",C:\Users\GF\Documents\secret_project\cryto\logs\crypto_models_summary.csv
1d5a3600fe9dbef1dbb2,crypto,ETHUSD,2026-05-12 10:33:25,2026-05-12T03:33:25.727535+00:00,SIGNAL,NEUTRAL,WAIT,WAIT,-2.03,20.33,2311.98999,15m,,WAIT,2321.36083,2299.38783,,,,"15m strongest: BEARISH score=-7 | below_ema200,ema_bear_stack,momentum_negative,trend_strength_bear,regime_range | weighted_score_neutral",C:\Users\GF\Documents\secret_project\cryto\logs\crypto_models_summary.csv
650a5af844e6b6e34799,crypto,SOLUSD,2026-05-12 10:33:25,2026-05-12T03:33:25.727535+00:00,SIGNAL,NEUTRAL,WAIT,WAIT,2.07,20.67,96.26000,4h,,WAIT,93.47914,100.15321,,,,"4h strongest: BULLISH score=5 | above_ema200,ema_bull_stack,trend_strength_bull,regime_trend | weighted_score_neutral",C:\Users\GF\Documents\secret_project\cryto\logs\crypto_models_summary.csv
6ba441253c1f0f4117f0,crypto,BNBUSD,2026-05-12 10:33:25,2026-05-12T03:33:25.727535+00:00,SIGNAL,NEUTRAL,WAIT,WAIT,3.36,33.58,662.40002,4h,,WAIT,652.45692,675.42892,,,,"4h strongest: BULLISH score=7 | above_ema200,ema_bull_stack,momentum_positive,trend_strength_bull,regime_trend | weighted_score_neutral",C:\Users\GF\Documents\secret_project\cryto\logs\crypto_models_summary.csv
a597b77a54ad60f53cb5,crypto,XRPUSD,2026-05-12 10:33:25,2026-05-12T03:33:25.727535+00:00,SIGNAL,NEUTRAL,WAIT,WAIT,2.73,27.33,1.46140,4h,,WAIT,1.42232,1.51632,,,,"4h strongest: BULLISH score=7 | above_ema200,ema_bull_stack,momentum_positive,trend_strength_bull,regime_trend | weighted_score_neutral",C:\Users\GF\Documents\secret_project\cryto\logs\crypto_models_summary.csv
a2bdd829b9a840f9f61e,crypto,BTCUSD,2026-05-12 10:42:05,2026-05-12T03:42:05.104823+00:00,SIGNAL,NEUTRAL,WAIT,WAIT,2.36,23.58,81166.00781,4h,,WAIT,80175.33742,82523.59317,,,,"4h strongest: BULLISH score=7 | above_ema200,ema_bull_stack,momentum_positive,trend_strength_bull,regime_trend | weighted_score_neutral",C:\Users\GF\Documents\secret_project\cryto\logs\crypto_models_summary.csv
e632e18c211df658d244,crypto,ETHUSD,2026-05-12 10:42:05,2026-05-12T03:42:05.104823+00:00,SIGNAL,NEUTRAL,WAIT,WAIT,-2.03,20.33,2312.12988,15m,,WAIT,2321.56336,2299.44348,,,,"15m strongest: BEARISH score=-7 | below_ema200,ema_bear_stack,momentum_negative,trend_strength_bear,regime_range | weighted_score_neutral",C:\Users\GF\Documents\secret_project\cryto\logs\crypto_models_summary.csv
20c3d6e001dd1bc9168e,crypto,SOLUSD,2026-05-12 10:42:05,2026-05-12T03:42:05.104823+00:00,SIGNAL,NEUTRAL,WAIT,WAIT,2.07,20.67,96.30000,4h,,WAIT,93.51914,100.19321,,,,"4h strongest: BULLISH score=5 | above_ema200,ema_bull_stack,trend_strength_bull,regime_trend | weighted_score_neutral",C:\Users\GF\Documents\secret_project\cryto\logs\crypto_models_summary.csv
67666731b8e0fd88ec0a,crypto,BNBUSD,2026-05-12 10:42:05,2026-05-12T03:42:05.104823+00:00,SIGNAL,NEUTRAL,WAIT,WAIT,3.36,33.58,662.39001,4h,,WAIT,652.44691,675.41891,,,,"4h strongest: BULLISH score=7 | above_ema200,ema_bull_stack,momentum_positive,trend_strength_bull,regime_trend | weighted_score_neutral",C:\Users\GF\Documents\secret_project\cryto\logs\crypto_models_summary.csv
954eb02f7e62c7045980,crypto,XRPUSD,2026-05-12 10:42:05,2026-05-12T03:42:05.104823+00:00,SIGNAL,NEUTRAL,WAIT,WAIT,2.73,27.33,1.46200,4h,,WAIT,1.42293,1.51690,,,,"4h strongest: BULLISH score=7 | above_ema200,ema_bull_stack,momentum_positive,trend_strength_bull,regime_trend | weighted_score_neutral",C:\Users\GF\Documents\secret_project\cryto\logs\crypto_models_summary.csv
837c20ca2a1d3622cc33,crypto,BTCUSD,2026-05-12 10:50:54,2026-05-12T03:50:54.401460+00:00,SIGNAL,NEUTRAL,WAIT,WAIT,2.36,23.58,81058.03125,4h,,WAIT,80068.58334,82413.94134,,,,"4h strongest: BULLISH score=7 | above_ema200,ema_bull_stack,momentum_positive,trend_strength_bull,regime_trend | weighted_score_neutral",C:\Users\GF\Documents\secret_project\cryto\logs\crypto_models_summary.csv
3d524b608cc8264d6696,crypto,ETHUSD,2026-05-12 10:50:54,2026-05-12T03:50:54.401460+00:00,SIGNAL,NEUTRAL,WAIT,WAIT,-2.03,20.33,2308.82007,15m,,WAIT,2318.16642,2296.25083,,,,"15m strongest: BEARISH score=-7 | below_ema200,ema_bear_stack,momentum_negative,trend_strength_bear,regime_range | weighted_score_neutral",C:\Users\GF\Documents\secret_project\cryto\logs\crypto_models_summary.csv
4533833af8126fe05eac,crypto,SOLUSD,2026-05-12 10:50:54,2026-05-12T03:50:54.401460+00:00,SIGNAL,NEUTRAL,WAIT,WAIT,2.07,20.67,96.08000,4h,,WAIT,93.29414,99.98021,,,,"4h strongest: BULLISH score=5 | above_ema200,ema_bull_stack,trend_strength_bull,regime_trend | weighted_score_neutral",C:\Users\GF\Documents\secret_project\cryto\logs\crypto_models_summary.csv
181ab3dd23912d9ad2f5,crypto,BNBUSD,2026-05-12 10:50:54,2026-05-12T03:50:54.401460+00:00,SIGNAL,NEUTRAL,WAIT,WAIT,3.36,33.58,661.20001,4h,,WAIT,651.21651,674.28184,,,,"4h strongest: BULLISH score=7 | above_ema200,ema_bull_stack,momentum_positive,trend_strength_bull,regime_trend | weighted_score_neutral",C:\Users\GF\Documents\secret_project\cryto\logs\crypto_models_summary.csv
31fdea40d7adf9e3f69a,crypto,XRPUSD,2026-05-12 10:50:54,2026-05-12T03:50:54.401460+00:00,SIGNAL,NEUTRAL,WAIT,WAIT,2.73,27.33,1.45900,4h,,WAIT,1.41988,1.51398,,,,"4h strongest: BULLISH score=7 | above_ema200,ema_bull_stack,momentum_positive,trend_strength_bull,regime_trend | weighted_score_neutral",C:\Users\GF\Documents\secret_project\cryto\logs\crypto_models_summary.csv
3c674b9323d0518b1b7f,crypto,BTCUSD,2026-05-12 10:58:41,2026-05-12T03:58:41.694715+00:00,SIGNAL,NEUTRAL,WAIT,WAIT,2.28,22.83,81021.42188,4h,,WAIT,80023.33854,82389.16571,,,,"4h strongest: BULLISH score=7 | above_ema200,ema_bull_stack,momentum_positive,trend_strength_bull,regime_trend | weighted_score_neutral",C:\Users\GF\Documents\secret_project\cryto\logs\crypto_models_summary.csv
234c01e78558831a2edd,crypto,ETHUSD,2026-05-12 10:58:41,2026-05-12T03:58:41.694715+00:00,SIGNAL,NEUTRAL,WAIT,WAIT,-2.03,20.33,2308.23999,15m,,WAIT,2317.67851,2295.54680,,,,"15m strongest: BEARISH score=-7 | below_ema200,ema_bear_stack,momentum_negative,trend_strength_bear,regime_range | weighted_score_neutral",C:\Users\GF\Documents\secret_project\cryto\logs\crypto_models_summary.csv
624a6bd447f41d62f0bb,crypto,SOLUSD,2026-05-12 10:58:41,2026-05-12T03:58:41.694715+00:00,SIGNAL,NEUTRAL,WAIT,WAIT,2.07,20.67,96.09000,4h,,WAIT,93.30086,99.99479,,,,"4h strongest: BULLISH score=5 | above_ema200,ema_bull_stack,trend_strength_bull,regime_trend | weighted_score_neutral",C:\Users\GF\Documents\secret_project\cryto\logs\crypto_models_summary.csv
ec8484c24c80e7b64e29,crypto,BNBUSD,2026-05-12 10:58:41,2026-05-12T03:58:41.694715+00:00,SIGNAL,NEUTRAL,WAIT,WAIT,3.36,33.58,661.59998,4h,,WAIT,651.64621,674.64284,,,,"4h strongest: BULLISH score=7 | above_ema200,ema_bull_stack,momentum_positive,trend_strength_bull,regime_trend | weighted_score_neutral",C:\Users\GF\Documents\secret_project\cryto\logs\crypto_models_summary.csv
bfb143042e0910a125e0,crypto,XRPUSD,2026-05-12 10:58:41,2026-05-12T03:58:41.694715+00:00,SIGNAL,NEUTRAL,WAIT,WAIT,2.53,25.33,1.45960,4h,,WAIT,1.42043,1.51465,,,,"4h strongest: BULLISH score=7 | above_ema200,ema_bull_stack,momentum_positive,trend_strength_bull,regime_trend | weighted_score_neutral",C:\Users\GF\Documents\secret_project\cryto\logs\crypto_models_summary.csv
53ca4658b1f14c071574,crypto,BTCUSD,2026-05-12 11:06:15,2026-05-12T04:06:15.200055+00:00,SIGNAL,NEUTRAL,WAIT,WAIT,2.36,23.58,81007.49219,4h,,WAIT,80011.52556,82372.33534,,,,"4h strongest: BULLISH score=7 | above_ema200,ema_bull_stack,momentum_positive,trend_strength_bull,regime_trend | weighted_score_neutral",C:\Users\GF\Documents\secret_project\cryto\logs\crypto_models_summary.csv
5a1e46b386feb416e598,crypto,ETHUSD,2026-05-12 11:06:15,2026-05-12T04:06:15.200055+00:00,SIGNAL,NEUTRAL,WAIT,WAIT,-1.96,19.58,2307.46997,15m,,WAIT,2316.45491,2295.38678,,,,"15m strongest: BEARISH score=-6 | below_ema200,ema_bear_stack,momentum_negative,trend_strength_bear,volume_confirmation,rsi_short_too_cold,regime_range | weighted_score_neutral",C:\Users\GF\Documents\secret_project\cryto\logs\crypto_models_summary.csv
913bc054aa4fddcc3bcf,crypto,SOLUSD,2026-05-12 11:06:15,2026-05-12T04:06:15.201562+00:00,SIGNAL,NEUTRAL,WAIT,WAIT,2.07,20.67,96.09000,4h,,WAIT,93.30289,99.99195,,,,"4h strongest: BULLISH score=5 | above_ema200,ema_bull_stack,trend_strength_bull,regime_trend | weighted_score_neutral",C:\Users\GF\Documents\secret_project\cryto\logs\crypto_models_summary.csv
081a88a3585dec9b303d,crypto,BNBUSD,2026-05-12 11:06:15,2026-05-12T04:06:15.201562+00:00,SIGNAL,NEUTRAL,WAIT,WAIT,3.36,33.58,661.48999,4h,,WAIT,651.50649,674.57182,,,,"4h strongest: BULLISH score=7 | above_ema200,ema_bull_stack,momentum_positive,trend_strength_bull,regime_trend | weighted_score_neutral",C:\Users\GF\Documents\secret_project\cryto\logs\crypto_models_summary.csv
4cd1a32ecc71db489de5,crypto,XRPUSD,2026-05-12 11:06:15,2026-05-12T04:06:15.201562+00:00,SIGNAL,NEUTRAL,WAIT,WAIT,2.53,25.33,1.45800,4h,,WAIT,1.41879,1.51311,,,,"4h strongest: BULLISH score=7 | above_ema200,ema_bull_stack,momentum_positive,trend_strength_bull,regime_trend | weighted_score_neutral",C:\Users\GF\Documents\secret_project\cryto\logs\crypto_models_summary.csv
925a3d82f307bd25249c,crypto,BTCUSD,2026-05-12 11:14:13,2026-05-12T04:14:13.849947+00:00,SIGNAL,NEUTRAL,WAIT,WAIT,2.36,23.58,80988.89062,4h,,WAIT,79992.74696,82353.97639,,,,"4h strongest: BULLISH score=7 | above_ema200,ema_bull_stack,momentum_positive,trend_strength_bull,regime_trend | weighted_score_neutral",C:\Users\GF\Documents\secret_project\cryto\logs\crypto_models_summary.csv
969d3c6a8434e6d61a94,crypto,ETHUSD,2026-05-12 11:14:13,2026-05-12T04:14:13.849947+00:00,SIGNAL,NEUTRAL,WAIT,WAIT,-1.96,19.58,2306.88989,15m,,WAIT,2315.94631,2294.71057,,,,"15m strongest: BEARISH score=-6 | below_ema200,ema_bear_stack,momentum_negative,trend_strength_bear,volume_confirmation,rsi_short_too_cold,regime_range | weighted_score_neutral",C:\Users\GF\Documents\secret_project\cryto\logs\crypto_models_summary.csv
82aed009f1c1ae2b8007,crypto,SOLUSD,2026-05-12 11:14:13,2026-05-12T04:14:13.849947+00:00,SIGNAL,NEUTRAL,WAIT,WAIT,2.07,20.67,96.08000,4h,,WAIT,93.29289,99.98196,,,,"4h strongest: BULLISH score=5 | above_ema200,ema_bull_stack,trend_strength_bull,regime_trend | weighted_score_neutral",C:\Users\GF\Documents\secret_project\cryto\logs\crypto_models_summary.csv
0cca54f63f27d34fb2fb,crypto,BNBUSD,2026-05-12 11:14:13,2026-05-12T04:14:13.849947+00:00,SIGNAL,NEUTRAL,WAIT,WAIT,2.96,29.58,661.26001,4h,,WAIT,651.27651,674.34184,,,,"4h strongest: BULLISH score=7 | above_ema200,ema_bull_stack,momentum_positive,trend_strength_bull,regime_trend | weighted_score_neutral",C:\Users\GF\Documents\secret_project\cryto\logs\crypto_models_summary.csv
c53d32c9cec1775e0375,crypto,XRPUSD,2026-05-12 11:14:13,2026-05-12T04:14:13.849947+00:00,SIGNAL,NEUTRAL,WAIT,WAIT,2.53,25.33,1.45800,4h,,WAIT,1.41875,1.51316,,,,"4h strongest: BULLISH score=7 | above_ema200,ema_bull_stack,momentum_positive,trend_strength_bull,regime_trend | weighted_score_neutral",C:\Users\GF\Documents\secret_project\cryto\logs\crypto_models_summary.csv
1e311ae405f3517cb79b,crypto,BTCUSD,2026-05-12 11:21:18,2026-05-12T04:21:18.714292+00:00,SIGNAL,NEUTRAL,WAIT,WAIT,2.36,23.58,81141.72656,4h,,WAIT,80144.41521,82508.41249,,,,"4h strongest: BULLISH score=7 | above_ema200,ema_bull_stack,momentum_positive,trend_strength_bull,regime_trend | weighted_score_neutral",C:\Users\GF\Documents\secret_project\cryto\logs\crypto_models_summary.csv
3a936117cd2d65239b0c,crypto,ETHUSD,2026-05-12 11:21:18,2026-05-12T04:21:18.714292+00:00,SIGNAL,NEUTRAL,WAIT,WAIT,-2.03,20.33,2310.55005,15m,,WAIT,2319.53757,2298.46338,,,,"15m strongest: BEARISH score=-7 | below_ema200,ema_bear_stack,momentum_negative,trend_strength_bear,regime_range | weighted_score_neutral",C:\Users\GF\Documents\secret_project\cryto\logs\crypto_models_summary.csv
6a5b19c58895780ba0e6,crypto,SOLUSD,2026-05-12 11:21:18,2026-05-12T04:21:18.714292+00:00,SIGNAL,NEUTRAL,WAIT,WAIT,2.07,20.67,96.28000,4h,,WAIT,93.49289,100.18195,,,,"4h strongest: BULLISH score=5 | above_ema200,ema_bull_stack,trend_strength_bull,regime_trend | weighted_score_neutral",C:\Users\GF\Documents\secret_project\cryto\logs\crypto_models_summary.csv
75d2a4f505af13594202,crypto,BNBUSD,2026-05-12 11:21:18,2026-05-12T04:21:18.714292+00:00,SIGNAL,NEUTRAL,WAIT,WAIT,3.36,33.58,662.71997,4h,,WAIT,652.73647,675.80180,,,,"4h strongest: BULLISH score=7 | above_ema200,ema_bull_stack,momentum_positive,trend_strength_bull,regime_trend | weighted_score_neutral",C:\Users\GF\Documents\secret_project\cryto\logs\crypto_models_summary.csv
66c857a9a108434c275b,crypto,XRPUSD,2026-05-12 11:21:18,2026-05-12T04:21:18.714292+00:00,SIGNAL,NEUTRAL,WAIT,WAIT,2.53,25.33,1.46260,4h,,WAIT,1.42332,1.51780,,,,"4h strongest: BULLISH score=7 | above_ema200,ema_bull_stack,momentum_positive,trend_strength_bull,regime_trend | weighted_score_neutral",C:\Users\GF\Documents\secret_project\cryto\logs\crypto_models_summary.csv
56a1ab176e81cbb8150f,crypto,BTCUSD,2026-05-12 11:28:30,2026-05-12T04:28:31.105391+00:00,SIGNAL,NEUTRAL,WAIT,WAIT,2.73,27.33,81188.82812,4h,,WAIT,80191.51677,82555.51405,,,,"4h strongest: BULLISH score=7 | above_ema200,ema_bull_stack,momentum_positive,trend_strength_bull,regime_trend | weighted_score_neutral",C:\Users\GF\Documents\secret_project\cryto\logs\crypto_models_summary.csv
6bbe4c0b950edbf7698a,crypto,ETHUSD,2026-05-12 11:28:30,2026-05-12T04:28:31.105391+00:00,SIGNAL,NEUTRAL,WAIT,WAIT,-2.11,21.08,2311.37012,15m,,WAIT,2320.44880,2299.16086,,,,"15m strongest: BEARISH score=-8 | below_ema200,ema_bear_stack,momentum_negative,trend_strength_bear,volume_confirmation,regime_range | weighted_score_neutral",C:\Users\GF\Documents\secret_project\cryto\logs\crypto_models_summary.csv
b408322c3f189f3e9949,crypto,SOLUSD,2026-05-12 11:28:30,2026-05-12T04:28:31.105391+00:00,SIGNAL,NEUTRAL,WAIT,WAIT,2.07,20.67,96.31000,4h,,WAIT,93.52289,100.21195,,,,"4h strongest: BULLISH score=5 | above_ema200,ema_bull_stack,trend_strength_bull,regime_trend | weighted_score_neutral",C:\Users\GF\Documents\secret_project\cryto\logs\crypto_models_summary.csv
17ecf1403957e9745057,crypto,BNBUSD,2026-05-12 11:28:30,2026-05-12T04:28:31.105391+00:00,SIGNAL,NEUTRAL,WAIT,WAIT,3.36,33.58,663.42999,4h,,WAIT,653.44649,676.51182,,,,"4h strongest: BULLISH score=7 | above_ema200,ema_bull_stack,momentum_positive,trend_strength_bull,regime_trend | weighted_score_neutral",C:\Users\GF\Documents\secret_project\cryto\logs\crypto_models_summary.csv
120c470ee8baf9449b69,crypto,XRPUSD,2026-05-12 11:28:30,2026-05-12T04:28:31.105391+00:00,SIGNAL,NEUTRAL,WAIT,WAIT,2.53,25.33,1.46320,4h,,WAIT,1.42392,1.51840,,,,"4h strongest: BULLISH score=7 | above_ema200,ema_bull_stack,momentum_positive,trend_strength_bull,regime_trend | weighted_score_neutral",C:\Users\GF\Documents\secret_project\cryto\logs\crypto_models_summary.csv
861130edffa8d20e1d6a,crypto,BTCUSD,2026-05-12 11:35:44,2026-05-12T04:35:44.375268+00:00,SIGNAL,NEUTRAL,WAIT,WAIT,3.29,32.92,81186.07812,4h,,WAIT,80188.76677,82552.76405,,,,"4h strongest: BULLISH score=8 | above_ema200,ema_bull_stack,momentum_positive,trend_strength_bull,volume_confirmation,regime_trend | weighted_score_neutral",C:\Users\GF\Documents\secret_project\cryto\logs\crypto_models_summary.csv
38555b5f24c6e541bbb0,crypto,ETHUSD,2026-05-12 11:35:44,2026-05-12T04:35:44.375268+00:00,SIGNAL,NEUTRAL,WAIT,WAIT,-1.88,18.83,2311.35010,15m,,WAIT,2319.88965,2299.86588,,,,"15m strongest: BEARISH score=-5 | below_ema200,ema_bear_stack,trend_strength_bear,regime_range | weighted_score_neutral",C:\Users\GF\Documents\secret_project\cryto\logs\crypto_models_summary.csv
db555e54e9b7d01fe8b8,crypto,SOLUSD,2026-05-12 11:35:44,2026-05-12T04:35:44.375268+00:00,SIGNAL,NEUTRAL,WAIT,WAIT,2.29,22.92,96.28000,4h,,WAIT,93.49289,100.18195,,,,"4h strongest: BULLISH score=5 | above_ema200,ema_bull_stack,trend_strength_bull,regime_trend | weighted_score_neutral",C:\Users\GF\Documents\secret_project\cryto\logs\crypto_models_summary.csv
f2bc0cd5029c2246e81f,crypto,BNBUSD,2026-05-12 11:35:44,2026-05-12T04:35:44.375268+00:00,SIGNAL,NEUTRAL,WAIT,WAIT,3.51,35.08,662.92999,4h,,WAIT,652.94649,676.01182,,,,"4h strongest: BULLISH score=7 | above_ema200,ema_bull_stack,momentum_positive,trend_strength_bull,regime_trend | weighted_score_neutral",C:\Users\GF\Documents\secret_project\cryto\logs\crypto_models_summary.csv
a9f852943120337414df,crypto,XRPUSD,2026-05-12 11:35:44,2026-05-12T04:35:44.375268+00:00,SIGNAL,NEUTRAL,WAIT,WAIT,2.76,27.58,1.46410,4h,,WAIT,1.42482,1.51930,,,,"4h strongest: BULLISH score=7 | above_ema200,ema_bull_stack,momentum_positive,trend_strength_bull,regime_trend | weighted_score_neutral",C:\Users\GF\Documents\secret_project\cryto\logs\crypto_models_summary.csv
2addfa2dcc91a3a16b01,crypto,BTCUSD,2026-05-12 11:43:10,2026-05-12T04:43:10.456936+00:00,SIGNAL,NEUTRAL,WAIT,WAIT,3.52,35.17,81242.14062,4h,,WAIT,80244.82927,82608.82655,,,,"4h strongest: BULLISH score=8 | above_ema200,ema_bull_stack,momentum_positive,trend_strength_bull,volume_confirmation,regime_trend | weighted_score_neutral",C:\Users\GF\Documents\secret_project\cryto\logs\crypto_models_summary.csv
397614fd22d095649874,crypto,ETHUSD,2026-05-12 11:43:10,2026-05-12T04:43:10.456936+00:00,SIGNAL,NEUTRAL,WAIT,WAIT,-1.88,18.83,2312.32007,15m,,WAIT,2321.00049,2300.64640,,,,"15m strongest: BEARISH score=-5 | below_ema200,ema_bear_stack,trend_strength_bear,regime_range | weighted_score_neutral",C:\Users\GF\Documents\secret_project\cryto\logs\crypto_models_summary.csv
503f8da0937d351d208a,crypto,SOLUSD,2026-05-12 11:43:10,2026-05-12T04:43:10.456936+00:00,SIGNAL,NEUTRAL,WAIT,WAIT,2.29,22.92,96.34000,4h,,WAIT,93.55289,100.24195,,,,"4h strongest: BULLISH score=5 | above_ema200,ema_bull_stack,trend_strength_bull,regime_trend | weighted_score_neutral",C:\Users\GF\Documents\secret_project\cryto\logs\crypto_models_summary.csv
f42a932407d4a23002b0,crypto,BNBUSD,2026-05-12 11:43:10,2026-05-12T04:43:10.456936+00:00,SIGNAL,NEUTRAL,WAIT,WAIT,3.51,35.08,662.96002,4h,,WAIT,652.97652,676.04185,,,,"4h strongest: BULLISH score=7 | above_ema200,ema_bull_stack,momentum_positive,trend_strength_bull,regime_trend | weighted_score_neutral",C:\Users\GF\Documents\secret_project\cryto\logs\crypto_models_summary.csv
39f4bf40da7c1c13cc0e,crypto,XRPUSD,2026-05-12 11:43:10,2026-05-12T04:43:10.456936+00:00,SIGNAL,NEUTRAL,WAIT,WAIT,2.76,27.58,1.46480,4h,,WAIT,1.42552,1.52000,,,,"4h strongest: BULLISH score=7 | above_ema200,ema_bull_stack,momentum_positive,trend_strength_bull,regime_trend | weighted_score_neutral",C:\Users\GF\Documents\secret_project\cryto\logs\crypto_models_summary.csv
e7e79319e67cfb7dd927,crypto,BTCUSD,2026-05-12 11:53:56,2026-05-12T04:53:56.795305+00:00,SIGNAL,NEUTRAL,WAIT,WAIT,3.44,34.42,81188.86719,4h,,WAIT,80191.55583,82555.55312,,,,"4h strongest: BULLISH score=8 | above_ema200,ema_bull_stack,momentum_positive,trend_strength_bull,volume_confirmation,regime_trend | weighted_score_neutral",C:\Users\GF\Documents\secret_project\cryto\logs\crypto_models_summary.csv
acb8baa7aeee55398f18,crypto,ETHUSD,2026-05-12 11:53:56,2026-05-12T04:53:56.795305+00:00,SIGNAL,NEUTRAL,WAIT,WAIT,-2.03,20.33,2309.33008,15m,,WAIT,2317.83580,2297.89134,,,,"15m strongest: BEARISH score=-7 | below_ema200,ema_bear_stack,momentum_negative,trend_strength_bear,regime_range | weighted_score_neutral",C:\Users\GF\Documents\secret_project\cryto\logs\crypto_models_summary.csv
3bf3e0da2320ec870231,crypto,SOLUSD,2026-05-12 11:53:56,2026-05-12T04:53:56.795305+00:00,SIGNAL,NEUTRAL,WAIT,WAIT,2.29,22.92,96.31000,4h,,WAIT,93.52289,100.21195,,,,"4h strongest: BULLISH score=5 | above_ema200,ema_bull_stack,trend_strength_bull,regime_trend | weighted_score_neutral",C:\Users\GF\Documents\secret_project\cryto\logs\crypto_models_summary.csv
1d3760a96598bdeeca86,crypto,BNBUSD,2026-05-12 11:53:56,2026-05-12T04:53:56.795305+00:00,SIGNAL,NEUTRAL,WAIT,WAIT,3.36,33.58,662.33002,4h,,WAIT,652.34652,675.41185,,,,"4h strongest: BULLISH score=7 | above_ema200,ema_bull_stack,momentum_positive,trend_strength_bull,regime_trend | weighted_score_neutral",C:\Users\GF\Documents\secret_project\cryto\logs\crypto_models_summary.csv
8095f5e0cd6f3002dad4,crypto,XRPUSD,2026-05-12 11:53:56,2026-05-12T04:53:56.795305+00:00,SIGNAL,NEUTRAL,WAIT,WAIT,2.53,25.33,1.46260,4h,,WAIT,1.42332,1.51780,,,,"4h strongest: BULLISH score=7 | above_ema200,ema_bull_stack,momentum_positive,trend_strength_bull,regime_trend | weighted_score_neutral",C:\Users\GF\Documents\secret_project\cryto\logs\crypto_models_summary.csv
617f4cce286ddb6749b2,crypto,BTCUSD,2026-05-12 12:01:35,2026-05-12T05:01:35.102634+00:00,SIGNAL,NEUTRAL,WAIT,WAIT,3.49,34.92,81207.03125,4h,,WAIT,80206.62082,82577.96406,,,,"4h strongest: BULLISH score=8 | above_ema200,ema_bull_stack,momentum_positive,trend_strength_bull,volume_confirmation,regime_trend | weighted_score_neutral",C:\Users\GF\Documents\secret_project\cryto\logs\crypto_models_summary.csv
1edcee8b8e9731633ff8,crypto,ETHUSD,2026-05-12 12:01:35,2026-05-12T05:01:35.102634+00:00,SIGNAL,NEUTRAL,WAIT,WAIT,-1.96,19.58,2310.64990,15m,,WAIT,2318.62575,2299.92376,,,,"15m strongest: BEARISH score=-6 | below_ema200,ema_bear_stack,trend_strength_bear,volume_confirmation,regime_range | weighted_score_neutral",C:\Users\GF\Documents\secret_project\cryto\logs\crypto_models_summary.csv
55c5bbe9f4428c2c4305,crypto,SOLUSD,2026-05-12 12:01:35,2026-05-12T05:01:35.102634+00:00,SIGNAL,NEUTRAL,WAIT,WAIT,2.29,22.92,96.39000,4h,,WAIT,93.60289,100.29195,,,,"4h strongest: BULLISH score=5 | above_ema200,ema_bull_stack,trend_strength_bull,regime_trend | weighted_score_neutral",C:\Users\GF\Documents\secret_project\cryto\logs\crypto_models_summary.csv
9b84d6aa6ce3495ecd69,crypto,BNBUSD,2026-05-12 12:01:35,2026-05-12T05:01:35.102634+00:00,SIGNAL,NEUTRAL,WAIT,WAIT,2.96,29.58,662.96002,4h,,WAIT,652.97652,676.04185,,,,"4h strongest: BULLISH score=7 | above_ema200,ema_bull_stack,momentum_positive,trend_strength_bull,regime_trend | weighted_score_neutral",C:\Users\GF\Documents\secret_project\cryto\logs\crypto_models_summary.csv
0ee33241a1941f38dbf8,crypto,XRPUSD,2026-05-12 12:01:35,2026-05-12T05:01:35.102634+00:00,SIGNAL,NEUTRAL,WAIT,WAIT,2.53,25.33,1.46310,4h,,WAIT,1.42382,1.51830,,,,"4h strongest: BULLISH score=7 | above_ema200,ema_bull_stack,momentum_positive,trend_strength_bull,regime_trend | weighted_score_neutral",C:\Users\GF\Documents\secret_project\cryto\logs\crypto_models_summary.csv
d5436ee47f7fd50fa271,crypto,BTCUSD,2026-05-12 12:09:42,2026-05-12T05:09:42.156860+00:00,SIGNAL,NEUTRAL,WAIT,WAIT,3.49,34.92,81213.07812,4h,,WAIT,80215.76677,82579.76405,,,,"4h strongest: BULLISH score=8 | above_ema200,ema_bull_stack,momentum_positive,trend_strength_bull,volume_confirmation,regime_trend | weighted_score_neutral",C:\Users\GF\Documents\secret_project\cryto\logs\crypto_models_summary.csv
05ad9d31e422a40c75f6,crypto,ETHUSD,2026-05-12 12:09:42,2026-05-12T05:09:42.156860+00:00,SIGNAL,NEUTRAL,WAIT,WAIT,-1.96,19.58,2311.32007,15m,,WAIT,2319.49687,2300.32368,,,,"15m strongest: BEARISH score=-6 | below_ema200,ema_bear_stack,trend_strength_bear,volume_confirmation,regime_range | weighted_score_neutral",C:\Users\GF\Documents\secret_project\cryto\logs\crypto_models_summary.csv
5f9c761db91541ea5608,crypto,SOLUSD,2026-05-12 12:09:42,2026-05-12T05:09:42.156860+00:00,SIGNAL,NEUTRAL,WAIT,WAIT,2.29,22.92,96.37000,4h,,WAIT,93.58289,100.27196,,,,"4h strongest: BULLISH score=5 | above_ema200,ema_bull_stack,trend_strength_bull,regime_trend | weighted_score_neutral",C:\Users\GF\Documents\secret_project\cryto\logs\crypto_models_summary.csv
3daf90837cfd82f7ddbe,crypto,BNBUSD,2026-05-12 12:09:42,2026-05-12T05:09:42.156860+00:00,SIGNAL,NEUTRAL,WAIT,WAIT,2.96,29.58,663.20001,4h,,WAIT,653.21651,676.28184,,,,"4h strongest: BULLISH score=7 | above_ema200,ema_bull_stack,momentum_positive,trend_strength_bull,regime_trend | weighted_score_neutral",C:\Users\GF\Documents\secret_project\cryto\logs\crypto_models_summary.csv
eff70285df747f65f1bc,crypto,XRPUSD,2026-05-12 12:09:42,2026-05-12T05:09:42.156860+00:00,SIGNAL,NEUTRAL,WAIT,WAIT,2.53,25.33,1.46280,4h,,WAIT,1.42352,1.51800,,,,"4h strongest: BULLISH score=7 | above_ema200,ema_bull_stack,momentum_positive,trend_strength_bull,regime_trend | weighted_score_neutral",C:\Users\GF\Documents\secret_project\cryto\logs\crypto_models_summary.csv
fd5eaf9ecf706a27b123,crypto,BTCUSD,2026-05-12 12:18:02,2026-05-12T05:18:02.425775+00:00,SIGNAL,NEUTRAL,WAIT,WAIT,3.49,34.92,81219.03125,4h,,WAIT,80221.71990,82585.71718,,,,"4h strongest: BULLISH score=8 | above_ema200,ema_bull_stack,momentum_positive,trend_strength_bull,volume_confirmation,regime_trend | weighted_score_neutral",C:\Users\GF\Documents\secret_project\cryto\logs\crypto_models_summary.csv
6d0ba37cffc9dac587d7,crypto,ETHUSD,2026-05-12 12:18:02,2026-05-12T05:18:02.425775+00:00,SIGNAL,NEUTRAL,WAIT,WAIT,-1.88,18.83,2310.43994,15m,,WAIT,2318.22080,2299.97602,,,,"15m strongest: BEARISH score=-5 | below_ema200,ema_bear_stack,trend_strength_bear,regime_range | weighted_score_neutral",C:\Users\GF\Documents\secret_project\cryto\logs\crypto_models_summary.csv
c402c712b2d002aa9e2f,crypto,SOLUSD,2026-05-12 12:18:02,2026-05-12T05:18:02.425775+00:00,SIGNAL,NEUTRAL,WAIT,WAIT,2.29,22.92,96.40000,4h,,WAIT,93.61289,100.30196,,,,"4h strongest: BULLISH score=5 | above_ema200,ema_bull_stack,trend_strength_bull,regime_trend | weighted_score_neutral",C:\Users\GF\Documents\secret_project\cryto\logs\crypto_models_summary.csv
d2b707af2613c34239cf,crypto,BNBUSD,2026-05-12 12:18:02,2026-05-12T05:18:02.425775+00:00,SIGNAL,NEUTRAL,WAIT,WAIT,2.96,29.58,662.88000,4h,,WAIT,652.89650,675.96183,,,,"4h strongest: BULLISH score=7 | above_ema200,ema_bull_stack,momentum_positive,trend_strength_bull,regime_trend | weighted_score_neutral",C:\Users\GF\Documents\secret_project\cryto\logs\crypto_models_summary.csv
ef4fe578f5a8ea15c0bf,crypto,XRPUSD,2026-05-12 12:18:02,2026-05-12T05:18:02.425775+00:00,SIGNAL,NEUTRAL,WAIT,WAIT,2.53,25.33,1.46110,4h,,WAIT,1.42182,1.51630,,,,"4h strongest: BULLISH score=7 | above_ema200,ema_bull_stack,momentum_positive,trend_strength_bull,regime_trend | weighted_score_neutral",C:\Users\GF\Documents\secret_project\cryto\logs\crypto_models_summary.csv
832ec20594af5be65539,crypto,BTCUSD,2026-05-12 12:25:42,2026-05-12T05:25:42.293301+00:00,SIGNAL,NEUTRAL,WAIT,WAIT,3.49,34.92,81220.03125,4h,,WAIT,80222.71990,82586.71718,,,,"4h strongest: BULLISH score=8 | above_ema200,ema_bull_stack,momentum_positive,trend_strength_bull,volume_confirmation,regime_trend | weighted_score_neutral",C:\Users\GF\Documents\secret_project\cryto\logs\crypto_models_summary.csv
71204c3a89e0aeb37aef,crypto,ETHUSD,2026-05-12 12:25:42,2026-05-12T05:25:42.293301+00:00,SIGNAL,NEUTRAL,WAIT,WAIT,-1.88,18.83,2311.65991,15m,,WAIT,2319.58058,2301.00798,,,,"15m strongest: BEARISH score=-5 | below_ema200,ema_bear_stack,trend_strength_bear,regime_range | weighted_score_neutral",C:\Users\GF\Documents\secret_project\cryto\logs\crypto_models_summary.csv
e974e900c0f773ceea63,crypto,SOLUSD,2026-05-12 12:25:42,2026-05-12T05:25:42.293301+00:00,SIGNAL,NEUTRAL,WAIT,WAIT,2.29,22.92,96.55000,4h,,WAIT,93.76289,100.45196,,,,"4h strongest: BULLISH score=5 | above_ema200,ema_bull_stack,trend_strength_bull,regime_trend | weighted_score_neutral",C:\Users\GF\Documents\secret_project\cryto\logs\crypto_models_summary.csv
08a0717d46225e08c931,crypto,BNBUSD,2026-05-12 12:25:42,2026-05-12T05:25:42.293301+00:00,SIGNAL,NEUTRAL,WAIT,WAIT,3.11,31.08,663.75000,4h,,WAIT,653.76650,676.83183,,,,"4h strongest: BULLISH score=7 | above_ema200,ema_bull_stack,momentum_positive,trend_strength_bull,regime_trend | weighted_score_neutral",C:\Users\GF\Documents\secret_project\cryto\logs\crypto_models_summary.csv
958d2ebe305833b02065,crypto,XRPUSD,2026-05-12 12:25:42,2026-05-12T05:25:42.293301+00:00,SIGNAL,NEUTRAL,WAIT,WAIT,2.53,25.33,1.46310,4h,,WAIT,1.42382,1.51830,,,,"4h strongest: BULLISH score=7 | above_ema200,ema_bull_stack,momentum_positive,trend_strength_bull,regime_trend | weighted_score_neutral",C:\Users\GF\Documents\secret_project\cryto\logs\crypto_models_summary.csv
993bba3cc99c3ef17792,crypto,BTCUSD,2026-05-12 12:34:03,2026-05-12T05:34:03.309950+00:00,SIGNAL,NEUTRAL,WAIT,WAIT,3.64,36.42,81249.43750,4h,,WAIT,80252.12615,82616.12343,,,,"4h strongest: BULLISH score=8 | above_ema200,ema_bull_stack,momentum_positive,trend_strength_bull,volume_confirmation,regime_trend | weighted_score_neutral",C:\Users\GF\Documents\secret_project\cryto\logs\crypto_models_summary.csv
153d9fdb919cdd7ae6fe,crypto,ETHUSD,2026-05-12 12:34:03,2026-05-12T05:34:03.309950+00:00,SIGNAL,NEUTRAL,WAIT,WAIT,-1.73,17.33,2311.86011,1h,,WAIT,2330.42378,2286.89516,,,,"1h strongest: BEARISH score=-5 | below_ema200,momentum_negative,trend_strength_bear,regime_trend | weighted_score_neutral",C:\Users\GF\Documents\secret_project\cryto\logs\crypto_models_summary.csv
c952a26da9a0c72164f4,crypto,SOLUSD,2026-05-12 12:34:03,2026-05-12T05:34:03.309950+00:00,SIGNAL,NEUTRAL,WAIT,WAIT,2.44,24.42,96.57000,15m,,WAIT,96.01740,97.34364,,,,"15m strongest: BULLISH score=5 | above_ema200,momentum_positive,trend_strength_bull,regime_range | weighted_score_neutral",C:\Users\GF\Documents\secret_project\cryto\logs\crypto_models_summary.csv
d803f44d4015677261fd,crypto,BNBUSD,2026-05-12 12:34:03,2026-05-12T05:34:03.309950+00:00,SIGNAL,NEUTRAL,WAIT,WAIT,3.11,31.08,663.12000,4h,,WAIT,653.13649,676.20182,,,,"4h strongest: BULLISH score=7 | above_ema200,ema_bull_stack,momentum_positive,trend_strength_bull,regime_trend | weighted_score_neutral",C:\Users\GF\Documents\secret_project\cryto\logs\crypto_models_summary.csv
6e3ccf0d5be1d73d3126,crypto,XRPUSD,2026-05-12 12:34:03,2026-05-12T05:34:03.309950+00:00,SIGNAL,NEUTRAL,WAIT,WAIT,2.91,29.08,1.46520,4h,,WAIT,1.42592,1.52040,,,,"4h strongest: BULLISH score=7 | above_ema200,ema_bull_stack,momentum_positive,trend_strength_bull,regime_trend | weighted_score_neutral",C:\Users\GF\Documents\secret_project\cryto\logs\crypto_models_summary.csv
4cdfc8b820d57de57f09,crypto,BTCUSD,2026-05-12 12:41:43,2026-05-12T05:41:43.466113+00:00,SIGNAL,NEUTRAL,WAIT,WAIT,3.72,37.17,81231.61719,4h,,WAIT,80231.20676,82602.55000,,,,"4h strongest: BULLISH score=8 | above_ema200,ema_bull_stack,momentum_positive,trend_strength_bull,volume_confirmation,regime_trend | weighted_score_neutral",C:\Users\GF\Documents\secret_project\cryto\logs\crypto_models_summary.csv
a555c0d7d70e6c897146,crypto,ETHUSD,2026-05-12 12:41:43,2026-05-12T05:41:43.466113+00:00,SIGNAL,NEUTRAL,WAIT,WAIT,-1.73,17.33,2311.63989,1h,,WAIT,2330.20357,2286.67495,,,,"1h strongest: BEARISH score=-5 | below_ema200,momentum_negative,trend_strength_bear,regime_trend | weighted_score_neutral",C:\Users\GF\Documents\secret_project\cryto\logs\crypto_models_summary.csv
061d117be1ace4b61ce1,crypto,SOLUSD,2026-05-12 12:41:43,2026-05-12T05:41:43.466113+00:00,SIGNAL,NEUTRAL,WAIT,WAIT,2.44,24.42,96.68000,15m,,WAIT,96.10740,97.48164,,,,"15m strongest: BULLISH score=5 | above_ema200,momentum_positive,trend_strength_bull,regime_range | weighted_score_neutral",C:\Users\GF\Documents\secret_project\cryto\logs\crypto_models_summary.csv
f587cef95282db1dbb59,crypto,BNBUSD,2026-05-12 12:41:43,2026-05-12T05:41:43.466113+00:00,SIGNAL,NEUTRAL,WAIT,WAIT,3.11,31.08,663.01001,4h,,WAIT,653.02651,676.09184,,,,"4h strongest: BULLISH score=7 | above_ema200,ema_bull_stack,momentum_positive,trend_strength_bull,regime_trend | weighted_score_neutral",C:\Users\GF\Documents\secret_project\cryto\logs\crypto_models_summary.csv
51350ff0696a35576c9e,crypto,XRPUSD,2026-05-12 12:41:43,2026-05-12T05:41:43.466113+00:00,SIGNAL,NEUTRAL,WAIT,WAIT,2.91,29.08,1.46800,4h,,WAIT,1.42872,1.52320,,,,"4h strongest: BULLISH score=7 | above_ema200,ema_bull_stack,momentum_positive,trend_strength_bull,regime_trend | weighted_score_neutral",C:\Users\GF\Documents\secret_project\cryto\logs\crypto_models_summary.csv
124c063f1db91b8deb03,crypto,BTCUSD,2026-05-12 12:49:54,2026-05-12T05:49:54.344353+00:00,SIGNAL,NEUTRAL,WAIT,WAIT,3.64,36.42,81235.53906,4h,,WAIT,80238.22771,82602.22499,,,,"4h strongest: BULLISH score=8 | above_ema200,ema_bull_stack,momentum_positive,trend_strength_bull,volume_confirmation,regime_trend | weighted_score_neutral",C:\Users\GF\Documents\secret_project\cryto\logs\crypto_models_summary.csv
164b3fa046deb1c1940b,crypto,ETHUSD,2026-05-12 12:49:54,2026-05-12T05:49:54.344353+00:00,SIGNAL,NEUTRAL,WAIT,WAIT,-1.88,18.83,2311.62988,15m,,WAIT,2319.03978,2301.66485,,,,"15m strongest: BEARISH score=-5 | below_ema200,ema_bear_stack,trend_strength_bear,regime_range | weighted_score_neutral",C:\Users\GF\Documents\secret_project\cryto\logs\crypto_models_summary.csv
1261c83440a9eb95c646,crypto,SOLUSD,2026-05-12 12:49:54,2026-05-12T05:49:54.344353+00:00,SIGNAL,NEUTRAL,WAIT,WAIT,2.44,24.42,96.69000,15m,,WAIT,96.14205,97.45714,,,,"15m strongest: BULLISH score=5 | above_ema200,momentum_positive,trend_strength_bull,regime_range | weighted_score_neutral",C:\Users\GF\Documents\secret_project\cryto\logs\crypto_models_summary.csv
d168f26926737e834d1c,crypto,BNBUSD,2026-05-12 12:49:54,2026-05-12T05:49:54.344353+00:00,SIGNAL,NEUTRAL,WAIT,WAIT,3.11,31.08,662.77002,4h,,WAIT,652.78652,675.85185,,,,"4h strongest: BULLISH score=7 | above_ema200,ema_bull_stack,momentum_positive,trend_strength_bull,regime_trend | weighted_score_neutral",C:\Users\GF\Documents\secret_project\cryto\logs\crypto_models_summary.csv
9071922d910a63aa17d2,crypto,XRPUSD,2026-05-12 12:49:54,2026-05-12T05:49:54.344353+00:00,SIGNAL,NEUTRAL,WAIT,WAIT,2.76,27.58,1.46310,4h,,WAIT,1.42382,1.51830,,,,"4h strongest: BULLISH score=7 | above_ema200,ema_bull_stack,momentum_positive,trend_strength_bull,regime_trend | weighted_score_neutral",C:\Users\GF\Documents\secret_project\cryto\logs\crypto_models_summary.csv
7ba3c4e33768d317aae6,crypto,BTCUSD,2026-05-12 12:59:36,2026-05-12T05:59:36.893964+00:00,SIGNAL,NEUTRAL,WAIT,WAIT,3.64,36.42,81237.03125,4h,,WAIT,80236.62082,82607.96406,,,,"4h strongest: BULLISH score=8 | above_ema200,ema_bull_stack,momentum_positive,trend_strength_bull,volume_confirmation,regime_trend | weighted_score_neutral",C:\Users\GF\Documents\secret_project\cryto\logs\crypto_models_summary.csv
5872661ac0359e42d977,crypto,BNBUSD,2026-05-12 12:59:36,2026-05-12T05:59:36.893964+00:00,SIGNAL,NEUTRAL,WAIT,WAIT,2.96,29.58,662.64001,4h,,WAIT,652.65651,675.72184,,,,"4h strongest: BULLISH score=7 | above_ema200,ema_bull_stack,momentum_positive,trend_strength_bull,regime_trend | weighted_score_neutral",C:\Users\GF\Documents\secret_project\cryto\logs\crypto_models_summary.csv
3d8acc58a8d0b11d97cb,crypto,XRPUSD,2026-05-12 12:59:36,2026-05-12T05:59:36.893964+00:00,SIGNAL,NEUTRAL,WAIT,WAIT,2.76,27.58,1.46200,4h,,WAIT,1.42272,1.51720,,,,"4h strongest: BULLISH score=7 | above_ema200,ema_bull_stack,momentum_positive,trend_strength_bull,regime_trend | weighted_score_neutral",C:\Users\GF\Documents\secret_project\cryto\logs\crypto_models_summary.csv
c0b92559120b657720e5,crypto,BTCUSD,2026-05-12 13:08:02,2026-05-12T06:08:02.202863+00:00,SIGNAL,NEUTRAL,WAIT,WAIT,3.31,33.08,81222.17188,4h,,WAIT,80287.74618,82502.68116,,,,"4h strongest: BULLISH score=7 | above_ema200,ema_bull_stack,momentum_positive,trend_strength_bull,regime_trend | weighted_score_neutral",C:\Users\GF\Documents\secret_project\cryto\logs\crypto_models_summary.csv
c0e11796390f94a00788,crypto,ETHUSD,2026-05-12 13:08:02,2026-05-12T06:08:02.202863+00:00,SIGNAL,NEUTRAL,WAIT,WAIT,-2.62,26.25,2310.11011,15m,,WAIT,2317.41376,2300.28795,,,,"15m strongest: BEARISH score=-6 | below_ema200,ema_bear_stack,trend_strength_bear,volume_confirmation,regime_range | weighted_score_neutral",C:\Users\GF\Documents\secret_project\cryto\logs\crypto_models_summary.csv
6737f10fb9c7f11c9a3e,crypto,SOLUSD,2026-05-12 13:08:02,2026-05-12T06:08:02.202863+00:00,SIGNAL,NEUTRAL,WAIT,WAIT,2.44,24.42,96.64000,15m,,WAIT,96.09663,97.40071,,,,"15m strongest: BULLISH score=5 | above_ema200,momentum_positive,trend_strength_bull,regime_range | weighted_score_neutral",C:\Users\GF\Documents\secret_project\cryto\logs\crypto_models_summary.csv
d17502e7c93717e283c7,crypto,BNBUSD,2026-05-12 13:08:02,2026-05-12T06:08:02.202863+00:00,SIGNAL,NEUTRAL,WAIT,WAIT,3.11,31.08,662.92999,4h,,WAIT,653.53635,675.23891,,,,"4h strongest: BULLISH score=7 | above_ema200,ema_bull_stack,momentum_positive,trend_strength_bull,regime_trend | weighted_score_neutral",C:\Users\GF\Documents\secret_project\cryto\logs\crypto_models_summary.csv
8af16d4110f0711bc1e2,crypto,XRPUSD,2026-05-12 13:08:02,2026-05-12T06:08:02.202863+00:00,SIGNAL,NEUTRAL,WAIT,WAIT,2.76,27.58,1.46160,4h,,WAIT,1.42490,1.51317,,,,"4h strongest: BULLISH score=7 | above_ema200,ema_bull_stack,momentum_positive,trend_strength_bull,regime_trend | weighted_score_neutral",C:\Users\GF\Documents\secret_project\cryto\logs\crypto_models_summary.csv
add2672084ba36f9b09a,crypto,BTCUSD,2026-05-12 13:16:56,2026-05-12T06:16:56.639744+00:00,SIGNAL,NEUTRAL,WAIT,WAIT,3.31,33.08,81246.03906,4h,,WAIT,80308.17215,82531.26409,,,,"4h strongest: BULLISH score=7 | above_ema200,ema_bull_stack,momentum_positive,trend_strength_bull,regime_trend | weighted_score_neutral",C:\Users\GF\Documents\secret_project\cryto\logs\crypto_models_summary.csv
4c36af3b2c596a31d993,crypto,ETHUSD,2026-05-12 13:16:56,2026-05-12T06:16:56.639744+00:00,SIGNAL,NEUTRAL,WAIT,WAIT,-1.73,17.33,2311.77002,1h,,WAIT,2329.29448,2288.20264,,,,"1h strongest: BEARISH score=-5 | below_ema200,momentum_negative,trend_strength_bear,regime_trend | weighted_score_neutral",C:\Users\GF\Documents\secret_project\cryto\logs\crypto_models_summary.csv
af23998f79b54be7524e,crypto,SOLUSD,2026-05-12 13:16:56,2026-05-12T06:16:56.639744+00:00,SIGNAL,NEUTRAL,WAIT,WAIT,2.44,24.42,96.73000,15m,,WAIT,96.21456,97.45163,,,,"15m strongest: BULLISH score=5 | above_ema200,momentum_positive,trend_strength_bull,regime_range | weighted_score_neutral",C:\Users\GF\Documents\secret_project\cryto\logs\crypto_models_summary.csv
9def76a96cee02d3ae50,crypto,BNBUSD,2026-05-12 13:16:56,2026-05-12T06:16:56.639744+00:00,SIGNAL,NEUTRAL,WAIT,WAIT,2.96,29.58,662.70001,4h,,WAIT,653.33398,674.97274,,,,"4h strongest: BULLISH score=7 | above_ema200,ema_bull_stack,momentum_positive,trend_strength_bull,regime_trend | weighted_score_neutral",C:\Users\GF\Documents\secret_project\cryto\logs\crypto_models_summary.csv
9b282aeec08e6d6ba206,crypto,XRPUSD,2026-05-12 13:16:56,2026-05-12T06:16:56.639744+00:00,SIGNAL,NEUTRAL,WAIT,WAIT,2.91,29.08,1.46370,4h,,WAIT,1.42684,1.51550,,,,"4h strongest: BULLISH score=7 | above_ema200,ema_bull_stack,momentum_positive,trend_strength_bull,regime_trend | weighted_score_neutral",C:\Users\GF\Documents\secret_project\cryto\logs\crypto_models_summary.csv
4d2ac40301f21da04063,crypto,BTCUSD,2026-05-12 13:26:47,2026-05-12T06:26:47.444165+00:00,SIGNAL,NEUTRAL,WAIT,WAIT,3.31,33.08,81272.25781,4h,,WAIT,80334.12037,82557.85356,,,,"4h strongest: BULLISH score=7 | above_ema200,ema_bull_stack,momentum_positive,trend_strength_bull,regime_trend | weighted_score_neutral",C:\Users\GF\Documents\secret_project\cryto\logs\crypto_models_summary.csv
1a76b5527647d28e1754,crypto,ETHUSD,2026-05-12 13:26:47,2026-05-12T06:26:47.444165+00:00,SIGNAL,NEUTRAL,WAIT,WAIT,-2.40,24.00,2312.52002,1h,,WAIT,2330.29424,2288.61676,,,,"1h strongest: BEARISH score=-5 | below_ema200,momentum_negative,trend_strength_bear,regime_trend | weighted_score_neutral",C:\Users\GF\Documents\secret_project\cryto\logs\crypto_models_summary.csv
3a6c953caa0de9feea5c,crypto,SOLUSD,2026-05-12 13:26:47,2026-05-12T06:26:47.444165+00:00,SIGNAL,NEUTRAL,WAIT,WAIT,2.52,25.17,96.85000,15m,,WAIT,96.30419,97.61412,,,,"15m strongest: BULLISH score=6 | above_ema200,momentum_positive,trend_strength_bull,volume_confirmation,regime_range | weighted_score_neutral",C:\Users\GF\Documents\secret_project\cryto\logs\crypto_models_summary.csv
97746dc3216d83149f8f,crypto,BNBUSD,2026-05-12 13:26:47,2026-05-12T06:26:47.444165+00:00,SIGNAL,NEUTRAL,WAIT,WAIT,2.96,29.58,662.31000,4h,,WAIT,652.91635,674.61891,,,,"4h strongest: BULLISH score=7 | above_ema200,ema_bull_stack,momentum_positive,trend_strength_bull,regime_trend | weighted_score_neutral",C:\Users\GF\Documents\secret_project\cryto\logs\crypto_models_summary.csv
e76d73736918ae60d68d,crypto,XRPUSD,2026-05-12 13:26:47,2026-05-12T06:26:47.444165+00:00,SIGNAL,NEUTRAL,WAIT,WAIT,2.91,29.08,1.46510,4h,,WAIT,1.42787,1.51742,,,,"4h strongest: BULLISH score=7 | above_ema200,ema_bull_stack,momentum_positive,trend_strength_bull,regime_trend | weighted_score_neutral",C:\Users\GF\Documents\secret_project\cryto\logs\crypto_models_summary.csv
52f261cc0b8f2ebf120c,crypto,BTCUSD,2026-05-12 13:38:48,2026-05-12T06:38:48.333857+00:00,SIGNAL,NEUTRAL,WAIT,WAIT,2.71,27.08,81145.60938,4h,,WAIT,80202.00564,82438.69597,,,,"4h strongest: BULLISH score=7 | above_ema200,ema_bull_stack,momentum_positive,trend_strength_bull,regime_trend | weighted_score_neutral",C:\Users\GF\Documents\secret_project\cryto\logs\crypto_models_summary.csv
2472ad1263ef170eb88b,crypto,ETHUSD,2026-05-12 13:38:48,2026-05-12T06:38:48.333857+00:00,SIGNAL,NEUTRAL,WAIT,WAIT,-2.55,25.50,2307.01001,15m,,WAIT,2314.09261,2297.48514,,,,"15m strongest: BEARISH score=-5 | below_ema200,ema_bear_stack,trend_strength_bear,regime_range | weighted_score_neutral",C:\Users\GF\Documents\secret_project\cryto\logs\crypto_models_summary.csv
1d57a45f1d82dd1dc45a,crypto,SOLUSD,2026-05-12 13:38:48,2026-05-12T06:38:48.333857+00:00,SIGNAL,NEUTRAL,WAIT,WAIT,2.44,24.42,96.43000,15m,,WAIT,95.87735,97.20371,,,,"15m strongest: BULLISH score=5 | above_ema200,momentum_positive,trend_strength_bull,regime_range | weighted_score_neutral",C:\Users\GF\Documents\secret_project\cryto\logs\crypto_models_summary.csv
93b71faf7876c9287a98,crypto,BNBUSD,2026-05-12 13:38:48,2026-05-12T06:38:48.333857+00:00,SIGNAL,NEUTRAL,WAIT,WAIT,2.76,27.58,661.53998,4h,,WAIT,652.08902,673.92399,,,,"4h strongest: BULLISH score=7 | above_ema200,ema_bull_stack,momentum_positive,trend_strength_bull,regime_trend | weighted_score_neutral",C:\Users\GF\Documents\secret_project\cryto\logs\crypto_models_summary.csv
538c49e4fb670e32a5b4,crypto,XRPUSD,2026-05-12 13:38:48,2026-05-12T06:38:48.333857+00:00,SIGNAL,NEUTRAL,WAIT,WAIT,2.76,27.58,1.46020,4h,,WAIT,1.42280,1.51276,,,,"4h strongest: BULLISH score=7 | above_ema200,ema_bull_stack,momentum_positive,trend_strength_bull,regime_trend | weighted_score_neutral",C:\Users\GF\Documents\secret_project\cryto\logs\crypto_models_summary.csv
c042c13d8632d632ad34,crypto,BTCUSD,2026-05-12 13:49:15,2026-05-12T06:49:15.544530+00:00,SIGNAL,NEUTRAL,WAIT,WAIT,2.27,22.67,81087.77344,4h,,WAIT,80139.50271,82387.25554,,,,"4h strongest: BULLISH score=5 | above_ema200,ema_bull_stack,trend_strength_bull,regime_trend | weighted_score_neutral",C:\Users\GF\Documents\secret_project\cryto\logs\crypto_models_summary.csv
b1e3c5ff85969eea4f07,crypto,ETHUSD,2026-05-12 13:49:15,2026-05-12T06:49:15.544530+00:00,SIGNAL,NEUTRAL,WAIT,WAIT,-1.88,18.83,2306.32007,15m,,WAIT,2313.14756,2297.13828,,,,"15m strongest: BEARISH score=-5 | below_ema200,ema_bear_stack,trend_strength_bear,regime_range | weighted_score_neutral",C:\Users\GF\Documents\secret_project\cryto\logs\crypto_models_summary.csv
e6b2bceab9926f250199,crypto,SOLUSD,2026-05-12 13:49:15,2026-05-12T06:49:15.544530+00:00,SIGNAL,NEUTRAL,WAIT,WAIT,2.44,24.42,96.34000,15m,,WAIT,95.80590,97.08774,,,,"15m strongest: BULLISH score=5 | above_ema200,momentum_positive,trend_strength_bull,regime_range | weighted_score_neutral",C:\Users\GF\Documents\secret_project\cryto\logs\crypto_models_summary.csv
67d2d819e56236b2a36b,crypto,BNBUSD,2026-05-12 13:49:15,2026-05-12T06:49:15.544530+00:00,SIGNAL,NEUTRAL,WAIT,WAIT,3.11,31.08,661.66998,4h,,WAIT,652.19141,674.09018,,,,"4h strongest: BULLISH score=7 | above_ema200,ema_bull_stack,momentum_positive,trend_strength_bull,regime_trend | weighted_score_neutral",C:\Users\GF\Documents\secret_project\cryto\logs\crypto_models_summary.csv
2a17509a948eb98d0f48,crypto,XRPUSD,2026-05-12 13:49:15,2026-05-12T06:49:15.544530+00:00,SIGNAL,NEUTRAL,WAIT,WAIT,2.91,29.08,1.46040,4h,,WAIT,1.42298,1.51300,,,,"4h strongest: BULLISH score=7 | above_ema200,ema_bull_stack,momentum_positive,trend_strength_bull,regime_trend | weighted_score_neutral",C:\Users\GF\Documents\secret_project\cryto\logs\crypto_models_summary.csv
a0042b62ff77c56a11c3,crypto,BTCUSD,2026-05-12 14:00:40,2026-05-12T07:00:40.870891+00:00,SIGNAL,NEUTRAL,WAIT,WAIT,2.04,20.42,80992.15625,4h,,WAIT,80037.06019,82300.99159,,,,"4h strongest: BULLISH score=5 | above_ema200,ema_bull_stack,trend_strength_bull,regime_trend | weighted_score_neutral",C:\Users\GF\Documents\secret_project\cryto\logs\crypto_models_summary.csv
b0f35feb604c471a3d1d,crypto,ETHUSD,2026-05-12 14:00:40,2026-05-12T07:00:40.870891+00:00,SIGNAL,NEUTRAL,WAIT,WAIT,-1.73,17.33,2303.03003,1h,,WAIT,2321.44431,2278.26600,,,,"1h strongest: BEARISH score=-5 | below_ema200,momentum_negative,trend_strength_bear,regime_trend | weighted_score_neutral",C:\Users\GF\Documents\secret_project\cryto\logs\crypto_models_summary.csv
aa3399e7489d714f08f2,crypto,SOLUSD,2026-05-12 14:00:40,2026-05-12T07:00:40.870891+00:00,SIGNAL,NEUTRAL,WAIT,WAIT,2.44,24.42,96.18000,15m,,WAIT,95.62388,96.95857,,,,"15m strongest: BULLISH score=5 | above_ema200,momentum_positive,trend_strength_bull,regime_range | weighted_score_neutral",C:\Users\GF\Documents\secret_project\cryto\logs\crypto_models_summary.csv
ecc9d2574cab44343655,crypto,BTCUSD,2026-05-12 14:09:26,2026-05-12T07:09:26.425358+00:00,SIGNAL,NEUTRAL,WAIT,WAIT,1.82,18.17,80971.77344,15m,,WAIT,81158.28117,80716.18877,,,,"15m strongest: BEARISH score=-6 | below_ema200,momentum_negative,trend_strength_bear,volume_confirmation,regime_range | weighted_score_neutral",C:\Users\GF\Documents\secret_project\cryto\logs\crypto_models_summary.csv
965a0648b0c4bd53f9db,crypto,ETHUSD,2026-05-12 14:09:26,2026-05-12T07:09:26.425358+00:00,SIGNAL,NEUTRAL,WAIT,WAIT,-2.23,22.25,2298.81006,15m,,WAIT,2306.37291,2288.63933,,,,"15m strongest: BEARISH score=-6 | below_ema200,ema_bear_stack,momentum_negative,trend_strength_bear,volume_confirmation,rsi_short_too_cold,regime_range | weighted_score_neutral",C:\Users\GF\Documents\secret_project\cryto\logs\crypto_models_summary.csv
af5dc4eb5f0058cf5ce0,crypto,SOLUSD,2026-05-12 14:09:26,2026-05-12T07:09:26.425358+00:00,SIGNAL,NEUTRAL,WAIT,WAIT,2.29,22.92,96.02000,4h,,WAIT,93.28232,99.85274,,,,"4h strongest: BULLISH score=5 | above_ema200,ema_bull_stack,trend_strength_bull,regime_trend | weighted_score_neutral",C:\Users\GF\Documents\secret_project\cryto\logs\crypto_models_summary.csv
061907ccf17f7dbf43fd,crypto,BNBUSD,2026-05-12 14:09:26,2026-05-12T07:09:26.425358+00:00,SIGNAL,NEUTRAL,WAIT,WAIT,2.53,25.33,659.56000,4h,,WAIT,649.85564,672.27605,,,,"4h strongest: BULLISH score=7 | above_ema200,ema_bull_stack,momentum_positive,trend_strength_bull,regime_trend | weighted_score_neutral",C:\Users\GF\Documents\secret_project\cryto\logs\crypto_models_summary.csv
578cce9e66268997c9c8,crypto,XRPUSD,2026-05-12 14:09:26,2026-05-12T07:09:26.425358+00:00,SIGNAL,NEUTRAL,WAIT,WAIT,2.76,27.58,1.45770,4h,,WAIT,1.41960,1.51124,,,,"4h strongest: BULLISH score=7 | above_ema200,ema_bull_stack,momentum_positive,trend_strength_bull,regime_trend | weighted_score_neutral",C:\Users\GF\Documents\secret_project\cryto\logs\crypto_models_summary.csv
737e41cdc6eb3e60d585,crypto,BTCUSD,2026-05-12 15:05:57,2026-05-12T08:05:58.163722+00:00,SIGNAL,NEUTRAL,WAIT,WAIT,1.89,18.92,80839.90625,15m,,WAIT,81038.13514,80568.25925,,,,"15m strongest: BEARISH score=-5 | below_ema200,ema_bear_stack,momentum_negative,trend_strength_bear,rsi_short_too_cold,regime_range | weighted_score_neutral",C:\Users\GF\Documents\secret_project\cryto\logs\crypto_models_summary.csv
a50f9bad9449ab011ad3,crypto,ETHUSD,2026-05-12 15:05:57,2026-05-12T08:05:58.163722+00:00,SIGNAL,BEARISH,BEARISH_WATCH,WATCH,-4.29,42.92,2288.82007,15m,,WAIT,2296.57513,2278.39084,,,,"15m strongest: BEARISH score=-6 | below_ema200,ema_bear_stack,momentum_negative,trend_strength_bear,volume_confirmation,rsi_short_too_cold,regime_range | short_disabled_crypto_long_bias",C:\Users\GF\Documents\secret_project\cryto\logs\crypto_models_summary.csv
141c22ff41966eb188b4,crypto,SOLUSD,2026-05-12 15:05:57,2026-05-12T08:05:58.163722+00:00,SIGNAL,NEUTRAL,WAIT,WAIT,2.07,20.67,95.83000,4h,,WAIT,93.07858,99.68200,,,,"4h strongest: BULLISH score=5 | above_ema200,ema_bull_stack,trend_strength_bull,regime_trend | weighted_score_neutral",C:\Users\GF\Documents\secret_project\cryto\logs\crypto_models_summary.csv
af3bc3496dcf2c51b6ac,crypto,BNBUSD,2026-05-12 15:05:57,2026-05-12T08:05:58.163722+00:00,SIGNAL,NEUTRAL,WAIT,WAIT,2.53,25.33,658.02002,4h,,WAIT,648.18723,670.90436,,,,"4h strongest: BULLISH score=7 | above_ema200,ema_bull_stack,momentum_positive,trend_strength_bull,regime_trend | weighted_score_neutral",C:\Users\GF\Documents\secret_project\cryto\logs\crypto_models_summary.csv
306441b79c44a4eb9213,crypto,XRPUSD,2026-05-12 15:05:57,2026-05-12T08:05:58.163722+00:00,SIGNAL,NEUTRAL,WAIT,WAIT,2.91,29.08,1.46430,4h,,WAIT,1.42620,1.51784,,,,"4h strongest: BULLISH score=7 | above_ema200,ema_bull_stack,momentum_positive,trend_strength_bull,regime_trend | weighted_score_neutral",C:\Users\GF\Documents\secret_project\cryto\logs\crypto_models_summary.csv
c1946e798101c378a433,crypto,BTCUSD,2026-05-12 15:11:42,2026-05-12T08:11:42.128260+00:00,SIGNAL,NEUTRAL,WAIT,WAIT,1.82,18.17,80832.00000,15m,,WAIT,81030.22889,80560.35300,,,,"15m strongest: BEARISH score=-6 | below_ema200,ema_bear_stack,momentum_negative,trend_strength_bear,volume_confirmation,rsi_short_too_cold,regime_range | weighted_score_neutral",C:\Users\GF\Documents\secret_project\cryto\logs\crypto_models_summary.csv
7e6d9fdb78054fcf87dd,crypto,ETHUSD,2026-05-12 15:11:42,2026-05-12T08:11:42.128260+00:00,SIGNAL,BEARISH,BEARISH_WATCH,WATCH,-4.49,44.92,2287.03003,15m,,WAIT,2294.97049,2276.35148,,,,"15m strongest: BEARISH score=-6 | below_ema200,ema_bear_stack,momentum_negative,trend_strength_bear,volume_confirmation,rsi_short_too_cold,regime_range | short_disabled_crypto_long_bias",C:\Users\GF\Documents\secret_project\cryto\logs\crypto_models_summary.csv
cb1fa45cecaa39c14614,crypto,SOLUSD,2026-05-12 15:11:42,2026-05-12T08:11:42.128260+00:00,SIGNAL,NEUTRAL,WAIT,WAIT,2.07,20.67,95.68000,4h,,WAIT,92.92483,99.53724,,,,"4h strongest: BULLISH score=5 | above_ema200,ema_bull_stack,trend_strength_bull,regime_trend | weighted_score_neutral",C:\Users\GF\Documents\secret_project\cryto\logs\crypto_models_summary.csv
6de45441f5c30118abf4,crypto,BNBUSD,2026-05-12 15:11:42,2026-05-12T08:11:42.128260+00:00,SIGNAL,NEUTRAL,WAIT,WAIT,2.53,25.33,658.38000,4h,,WAIT,648.54722,671.26434,,,,"4h strongest: BULLISH score=7 | above_ema200,ema_bull_stack,momentum_positive,trend_strength_bull,regime_trend | weighted_score_neutral",C:\Users\GF\Documents\secret_project\cryto\logs\crypto_models_summary.csv
63b0a99aa67b94a5e2d3,crypto,XRPUSD,2026-05-12 15:11:42,2026-05-12T08:11:42.128260+00:00,SIGNAL,NEUTRAL,WAIT,WAIT,2.91,29.08,1.46360,4h,,WAIT,1.42550,1.51714,,,,"4h strongest: BULLISH score=7 | above_ema200,ema_bull_stack,momentum_positive,trend_strength_bull,regime_trend | weighted_score_neutral",C:\Users\GF\Documents\secret_project\cryto\logs\crypto_models_summary.csv
15811322b170e18ab135,crypto,BTCUSD,2026-05-12 15:19:29,2026-05-12T08:19:30.113620+00:00,SIGNAL,NEUTRAL,WAIT,WAIT,1.89,18.92,80816.99219,15m,,WAIT,81012.13362,80549.57615,,,,"15m strongest: BEARISH score=-5 | below_ema200,ema_bear_stack,momentum_negative,trend_strength_bear,rsi_short_too_cold,regime_range | weighted_score_neutral",C:\Users\GF\Documents\secret_project\cryto\logs\crypto_models_summary.csv
03fabab0073ac9a75800,crypto,ETHUSD,2026-05-12 15:19:29,2026-05-12T08:19:30.113620+00:00,SIGNAL,BEARISH,BEARISH_WATCH,WATCH,-4.42,44.17,2284.90991,1h,,WAIT,2303.37761,2260.07404,,,,"1h strongest: BEARISH score=-6 | below_ema200,ema_bear_stack,momentum_negative,trend_strength_bear,volume_confirmation,rsi_short_too_cold,regime_trend | short_disabled_crypto_long_bias",C:\Users\GF\Documents\secret_project\cryto\logs\crypto_models_summary.csv
fced4c0abd99d4b52230,crypto,BNBUSD,2026-05-12 15:19:29,2026-05-12T08:19:30.113620+00:00,SIGNAL,NEUTRAL,WAIT,WAIT,2.53,25.33,658.57001,4h,,WAIT,648.70615,671.49507,,,,"4h strongest: BULLISH score=7 | above_ema200,ema_bull_stack,momentum_positive,trend_strength_bull,regime_trend | weighted_score_neutral",C:\Users\GF\Documents\secret_project\cryto\logs\crypto_models_summary.csv
022332909a48d9619cff,crypto,XRPUSD,2026-05-12 15:19:29,2026-05-12T08:19:30.113620+00:00,SIGNAL,NEUTRAL,WAIT,WAIT,2.68,26.83,1.46200,4h,,WAIT,1.42390,1.51554,,,,"4h strongest: BULLISH score=7 | above_ema200,ema_bull_stack,momentum_positive,trend_strength_bull,regime_trend | weighted_score_neutral",C:\Users\GF\Documents\secret_project\cryto\logs\crypto_models_summary.csv
ccb194e112f391766830,crypto,BTCUSD,2026-05-12 15:24:13,2026-05-12T08:24:13.765358+00:00,SIGNAL,NEUTRAL,WAIT,WAIT,1.74,17.42,80879.00000,15m,,WAIT,81078.57488,80605.50849,,,,"15m strongest: BEARISH score=-7 | below_ema200,ema_bear_stack,momentum_negative,trend_strength_bear,regime_range | weighted_score_neutral",C:\Users\GF\Documents\secret_project\cryto\logs\crypto_models_summary.csv
c3f05630c0ade830fc52,crypto,ETHUSD,2026-05-12 15:24:13,2026-05-12T08:24:13.765358+00:00,SIGNAL,BEARISH,BEARISH_WATCH,WATCH,-4.49,44.92,2287.10010,15m,,WAIT,2295.49601,2275.80904,,,,"15m strongest: BEARISH score=-6 | below_ema200,ema_bear_stack,momentum_negative,trend_strength_bear,volume_confirmation,rsi_short_too_cold,regime_range | short_disabled_crypto_long_bias",C:\Users\GF\Documents\secret_project\cryto\logs\crypto_models_summary.csv
01ad909d3a759326550d,crypto,SOLUSD,2026-05-12 15:24:13,2026-05-12T08:24:13.765358+00:00,SIGNAL,NEUTRAL,WAIT,WAIT,2.07,20.67,95.84000,4h,,WAIT,93.05482,99.73924,,,,"4h strongest: BULLISH score=5 | above_ema200,ema_bull_stack,trend_strength_bull,regime_trend | weighted_score_neutral",C:\Users\GF\Documents\secret_project\cryto\logs\crypto_models_summary.csv
4fb40520a2418743570b,crypto,BNBUSD,2026-05-12 15:24:13,2026-05-12T08:24:13.765358+00:00,SIGNAL,NEUTRAL,WAIT,WAIT,2.53,25.33,659.56000,4h,,WAIT,649.69614,672.48506,,,,"4h strongest: BULLISH score=7 | above_ema200,ema_bull_stack,momentum_positive,trend_strength_bull,regime_trend | weighted_score_neutral",C:\Users\GF\Documents\secret_project\cryto\logs\crypto_models_summary.csv
6f8648c56bb8064291a1,crypto,XRPUSD,2026-05-12 15:24:13,2026-05-12T08:24:13.765358+00:00,SIGNAL,NEUTRAL,WAIT,WAIT,2.91,29.08,1.46810,4h,,WAIT,1.42975,1.52200,,,,"4h strongest: BULLISH score=7 | above_ema200,ema_bull_stack,momentum_positive,trend_strength_bull,regime_trend | weighted_score_neutral",C:\Users\GF\Documents\secret_project\cryto\logs\crypto_models_summary.csv
0617907d33f38f7dbf79,crypto,BTCUSD,2026-05-12 15:36:00,2026-05-12T08:36:00.235237+00:00,SIGNAL,NEUTRAL,WAIT,WAIT,2.07,20.75,80877.97656,15m,,WAIT,81072.25082,80611.74887,,,,"15m strongest: BEARISH score=-7 | below_ema200,ema_bear_stack,momentum_negative,trend_strength_bear,regime_range | weighted_score_neutral",C:\Users\GF\Documents\secret_project\cryto\logs\crypto_models_summary.csv
da68699e040dfae3aeea,crypto,ETHUSD,2026-05-12 15:36:00,2026-05-12T08:36:00.235237+00:00,SIGNAL,BEARISH,BEARISH_WATCH,WATCH,-4.42,44.17,2289.06006,1h,,WAIT,2307.52776,2264.22418,,,,"1h strongest: BEARISH score=-6 | below_ema200,ema_bear_stack,momentum_negative,trend_strength_bear,volume_confirmation,rsi_short_too_cold,regime_trend | short_disabled_crypto_long_bias",C:\Users\GF\Documents\secret_project\cryto\logs\crypto_models_summary.csv
d7b7f2c9558e91202841,crypto,SOLUSD,2026-05-12 15:36:00,2026-05-12T08:36:00.235237+00:00,SIGNAL,NEUTRAL,WAIT,WAIT,2.07,20.67,95.73000,4h,,WAIT,92.94483,99.62925,,,,"4h strongest: BULLISH score=5 | above_ema200,ema_bull_stack,trend_strength_bull,regime_trend | weighted_score_neutral",C:\Users\GF\Documents\secret_project\cryto\logs\crypto_models_summary.csv
d4ba8fe489dc0b31c55b,crypto,BNBUSD,2026-05-12 15:36:00,2026-05-12T08:36:00.235237+00:00,SIGNAL,NEUTRAL,WAIT,WAIT,2.53,25.33,659.56000,4h,,WAIT,649.69614,672.48506,,,,"4h strongest: BULLISH score=7 | above_ema200,ema_bull_stack,momentum_positive,trend_strength_bull,regime_trend | weighted_score_neutral",C:\Users\GF\Documents\secret_project\cryto\logs\crypto_models_summary.csv
9a0c992c24c205ab29de,crypto,XRPUSD,2026-05-12 15:36:00,2026-05-12T08:36:00.235237+00:00,SIGNAL,NEUTRAL,WAIT,WAIT,2.91,29.08,1.46840,4h,,WAIT,1.42976,1.52270,,,,"4h strongest: BULLISH score=7 | above_ema200,ema_bull_stack,momentum_positive,trend_strength_bull,regime_trend | weighted_score_neutral",C:\Users\GF\Documents\secret_project\cryto\logs\crypto_models_summary.csv
1d208b9bb7306242650d,crypto,BTCUSD,2026-05-12 15:49:28,2026-05-12T08:49:28.455159+00:00,SIGNAL,NEUTRAL,WAIT,WAIT,2.07,20.75,80895.71875,15m,,WAIT,81085.12966,80636.15565,,,,"15m strongest: BEARISH score=-7 | below_ema200,ema_bear_stack,momentum_negative,trend_strength_bear,regime_range | weighted_score_neutral",C:\Users\GF\Documents\secret_project\cryto\logs\crypto_models_summary.csv
1c58c29918c051ed03f0,crypto,BTCUSD,2026-05-12 16:03:49,2026-05-12T09:03:49.187124+00:00,SIGNAL,NEUTRAL,WAIT,WAIT,2.07,20.75,80806.06250,15m,,WAIT,80992.51639,80550.55162,,,,"15m strongest: BEARISH score=-7 | below_ema200,ema_bear_stack,momentum_negative,trend_strength_bear,regime_range | weighted_score_neutral",C:\Users\GF\Documents\secret_project\cryto\logs\crypto_models_summary.csv
8c6ba385dfd077289e0a,crypto,ETHUSD,2026-05-12 16:03:49,2026-05-12T09:03:49.187124+00:00,SIGNAL,BEARISH,BEARISH_WATCH,WATCH,-4.22,42.17,2287.28003,15m,,WAIT,2295.34089,2276.43956,,,,"15m strongest: BEARISH score=-5 | below_ema200,ema_bear_stack,momentum_negative,trend_strength_bear,rsi_short_too_cold,regime_range | short_disabled_crypto_long_bias",C:\Users\GF\Documents\secret_project\cryto\logs\crypto_models_summary.csv
7ce665e0d1721af0efb5,crypto,SOLUSD,2026-05-12 16:03:49,2026-05-12T09:03:49.187124+00:00,SIGNAL,NEUTRAL,WAIT,WAIT,2.07,20.67,95.64000,4h,,WAIT,92.85483,99.53924,,,,"4h strongest: BULLISH score=5 | above_ema200,ema_bull_stack,trend_strength_bull,regime_trend | weighted_score_neutral",C:\Users\GF\Documents\secret_project\cryto\logs\crypto_models_summary.csv
07883c83caacab6954f5,crypto,BNBUSD,2026-05-12 16:03:49,2026-05-12T09:03:49.187124+00:00,SIGNAL,NEUTRAL,WAIT,WAIT,2.53,25.33,659.59998,4h,,WAIT,649.73611,672.52504,,,,"4h strongest: BULLISH score=7 | above_ema200,ema_bull_stack,momentum_positive,trend_strength_bull,regime_trend | weighted_score_neutral",C:\Users\GF\Documents\secret_project\cryto\logs\crypto_models_summary.csv
50987e29a4d1fb46cb86,crypto,XRPUSD,2026-05-12 16:03:49,2026-05-12T09:03:49.187124+00:00,SIGNAL,NEUTRAL,WAIT,WAIT,2.83,28.33,1.46290,4h,,WAIT,1.42426,1.51720,,,,"4h strongest: BULLISH score=7 | above_ema200,ema_bull_stack,momentum_positive,trend_strength_bull,regime_trend | weighted_score_neutral",C:\Users\GF\Documents\secret_project\cryto\logs\crypto_models_summary.csv
b9cc9b1a922c20558304,crypto,BTCUSD,2026-05-12 16:14:20,2026-05-12T09:14:20.409893+00:00,SIGNAL,NEUTRAL,WAIT,WAIT,1.15,11.50,80741.22656,15m,,WAIT,80937.58246,80472.14626,,,,"15m strongest: BEARISH score=-6 | below_ema200,ema_bear_stack,momentum_negative,trend_strength_bear,volume_confirmation,rsi_short_too_cold,regime_range | weighted_score_neutral",C:\Users\GF\Documents\secret_project\cryto\logs\crypto_models_summary.csv
c29012cf0010adde4bfb,crypto,ETHUSD,2026-05-12 16:14:20,2026-05-12T09:14:20.409893+00:00,SIGNAL,BEARISH,BEARISH_WATCH,WATCH,-4.29,42.92,2283.60010,15m,,WAIT,2292.09396,2272.17731,,,,"15m strongest: BEARISH score=-6 | below_ema200,ema_bear_stack,momentum_negative,trend_strength_bear,volume_confirmation,rsi_short_too_cold,regime_range | short_disabled_crypto_long_bias",C:\Users\GF\Documents\secret_project\cryto\logs\crypto_models_summary.csv
c9f2348ef389acac4abc,crypto,SOLUSD,2026-05-12 16:14:20,2026-05-12T09:14:20.409893+00:00,SIGNAL,NEUTRAL,WAIT,WAIT,1.84,18.42,95.38000,4h,,WAIT,92.58232,99.29674,,,,"4h strongest: BULLISH score=5 | above_ema200,ema_bull_stack,trend_strength_bull,regime_trend | weighted_score_neutral",C:\Users\GF\Documents\secret_project\cryto\logs\crypto_models_summary.csv
3054a560405054d355f4,crypto,BNBUSD,2026-05-12 16:14:20,2026-05-12T09:14:20.409893+00:00,SIGNAL,NEUTRAL,WAIT,WAIT,2.53,25.33,659.01001,4h,,WAIT,649.14615,671.93507,,,,"4h strongest: BULLISH score=7 | above_ema200,ema_bull_stack,momentum_positive,trend_strength_bull,regime_trend | weighted_score_neutral",C:\Users\GF\Documents\secret_project\cryto\logs\crypto_models_summary.csv
979dd9111a2bfba6dc3d,crypto,XRPUSD,2026-05-12 16:14:20,2026-05-12T09:14:20.409893+00:00,SIGNAL,NEUTRAL,WAIT,WAIT,2.68,26.83,1.45760,4h,,WAIT,1.41896,1.51190,,,,"4h strongest: BULLISH score=7 | above_ema200,ema_bull_stack,momentum_positive,trend_strength_bull,regime_trend | weighted_score_neutral",C:\Users\GF\Documents\secret_project\cryto\logs\crypto_models_summary.csv
585fd44ed420e3f4580a,crypto,BTCUSD,2026-05-12 16:23:48,2026-05-12T09:23:49.061241+00:00,SIGNAL,NEUTRAL,WAIT,WAIT,1.22,12.25,80715.15625,15m,,WAIT,80904.59736,80455.55176,,,,"15m strongest: BEARISH score=-5 | below_ema200,ema_bear_stack,momentum_negative,trend_strength_bear,rsi_short_too_cold,regime_range | weighted_score_neutral",C:\Users\GF\Documents\secret_project\cryto\logs\crypto_models_summary.csv
9cee0902f45a8edfde7d,crypto,ETHUSD,2026-05-12 16:23:48,2026-05-12T09:23:49.061241+00:00,SIGNAL,BEARISH,BEARISH_WATCH,WATCH,-4.42,44.17,2283.33008,1h,,WAIT,2301.26478,2259.21100,,,,"1h strongest: BEARISH score=-6 | below_ema200,ema_bear_stack,momentum_negative,trend_strength_bear,volume_confirmation,rsi_short_too_cold,regime_trend | short_disabled_crypto_long_bias",C:\Users\GF\Documents\secret_project\cryto\logs\crypto_models_summary.csv
d948b006cfd5631e9a6f,crypto,SOLUSD,2026-05-12 16:23:48,2026-05-12T09:23:49.061241+00:00,SIGNAL,NEUTRAL,WAIT,WAIT,1.77,17.67,95.50000,4h,,WAIT,92.69303,99.42976,,,,"4h strongest: BULLISH score=5 | above_ema200,ema_bull_stack,trend_strength_bull,regime_trend | weighted_score_neutral",C:\Users\GF\Documents\secret_project\cryto\logs\crypto_models_summary.csv
415dde0f4c395d1fa535,crypto,BNBUSD,2026-05-12 16:23:48,2026-05-12T09:23:49.061241+00:00,SIGNAL,NEUTRAL,WAIT,WAIT,2.53,25.33,659.28998,4h,,WAIT,649.42612,672.21504,,,,"4h strongest: BULLISH score=7 | above_ema200,ema_bull_stack,momentum_positive,trend_strength_bull,regime_trend | weighted_score_neutral",C:\Users\GF\Documents\secret_project\cryto\logs\crypto_models_summary.csv
20a1dad86f6317088a23,crypto,XRPUSD,2026-05-12 16:23:48,2026-05-12T09:23:49.061241+00:00,SIGNAL,NEUTRAL,WAIT,WAIT,2.16,21.58,1.45560,4h,,WAIT,1.41696,1.50990,,,,"4h strongest: BULLISH score=7 | above_ema200,ema_bull_stack,momentum_positive,trend_strength_bull,regime_trend | weighted_score_neutral",C:\Users\GF\Documents\secret_project\cryto\logs\crypto_models_summary.csv
8801967f9a8bab24e5f6,crypto,BTCUSD,2026-05-12 16:32:13,2026-05-12T09:32:13.114722+00:00,SIGNAL,NEUTRAL,WAIT,WAIT,2.07,20.75,80820.10156,15m,,WAIT,81011.72563,80557.50561,,,,"15m strongest: BEARISH score=-7 | below_ema200,ema_bear_stack,momentum_negative,trend_strength_bear,regime_range | weighted_score_neutral",C:\Users\GF\Documents\secret_project\cryto\logs\crypto_models_summary.csv
5ea20947fc69cda8fba1,crypto,ETHUSD,2026-05-12 16:32:13,2026-05-12T09:32:13.114722+00:00,SIGNAL,BEARISH,BEARISH_WATCH,WATCH,-4.57,45.67,2288.52002,15m,,WAIT,2296.68125,2277.54458,,,,"15m strongest: BEARISH score=-7 | below_ema200,ema_bear_stack,momentum_negative,trend_strength_bear,regime_range | short_disabled_crypto_long_bias",C:\Users\GF\Documents\secret_project\cryto\logs\crypto_models_summary.csv
7c35e50d5aa9cd1f3849,crypto,SOLUSD,2026-05-12 16:32:13,2026-05-12T09:32:13.114722+00:00,SIGNAL,NEUTRAL,WAIT,WAIT,2.07,20.67,95.65000,4h,,WAIT,92.84303,99.57976,,,,"4h strongest: BULLISH score=5 | above_ema200,ema_bull_stack,trend_strength_bull,regime_trend | weighted_score_neutral",C:\Users\GF\Documents\secret_project\cryto\logs\crypto_models_summary.csv
b28c2f3398dc369f7d98,crypto,BNBUSD,2026-05-12 16:32:13,2026-05-12T09:32:13.114722+00:00,SIGNAL,NEUTRAL,WAIT,WAIT,2.76,27.58,660.03998,4h,,WAIT,650.17612,672.96504,,,,"4h strongest: BULLISH score=7 | above_ema200,ema_bull_stack,momentum_positive,trend_strength_bull,regime_trend | weighted_score_neutral",C:\Users\GF\Documents\secret_project\cryto\logs\crypto_models_summary.csv
f47160ff1fa030713cc8,crypto,XRPUSD,2026-05-12 16:32:13,2026-05-12T09:32:13.114722+00:00,SIGNAL,NEUTRAL,WAIT,WAIT,2.53,25.33,1.45700,4h,,WAIT,1.41836,1.51130,,,,"4h strongest: BULLISH score=7 | above_ema200,ema_bull_stack,momentum_positive,trend_strength_bull,regime_trend | weighted_score_neutral",C:\Users\GF\Documents\secret_project\cryto\logs\crypto_models_summary.csv
1994ab58ed66d5cf0d79,crypto,BTCUSD,2026-05-12 16:43:54,2026-05-12T09:43:54.517640+00:00,SIGNAL,NEUTRAL,WAIT,WAIT,2.00,20.00,80906.88281,15m,,WAIT,81105.15217,80635.18036,,,,"15m strongest: BEARISH score=-8 | below_ema200,ema_bear_stack,momentum_negative,trend_strength_bear,volume_confirmation,regime_range | weighted_score_neutral",C:\Users\GF\Documents\secret_project\cryto\logs\crypto_models_summary.csv
8781728dbcf67f4f42c4,crypto,ETHUSD,2026-05-12 16:43:54,2026-05-12T09:43:54.517640+00:00,SIGNAL,NEUTRAL,WAIT,WAIT,-2.90,29.00,2293.32007,15m,,WAIT,2301.96261,2281.69734,,,,"15m strongest: BEARISH score=-7 | below_ema200,ema_bear_stack,momentum_negative,trend_strength_bear,regime_range | weighted_score_neutral",C:\Users\GF\Documents\secret_project\cryto\logs\crypto_models_summary.csv
056c178fe1f488c9fb0d,crypto,SOLUSD,2026-05-12 16:43:54,2026-05-12T09:43:54.517640+00:00,SIGNAL,NEUTRAL,WAIT,WAIT,2.07,20.67,95.96000,4h,,WAIT,93.15607,99.88549,,,,"4h strongest: BULLISH score=5 | above_ema200,ema_bull_stack,trend_strength_bull,regime_trend | weighted_score_neutral",C:\Users\GF\Documents\secret_project\cryto\logs\crypto_models_summary.csv
9203bd1fe1f9a59f5a26,crypto,BNBUSD,2026-05-12 16:43:54,2026-05-12T09:43:54.517640+00:00,SIGNAL,NEUTRAL,WAIT,WAIT,2.91,29.08,661.40997,4h,,WAIT,651.54611,674.33503,,,,"4h strongest: BULLISH score=7 | above_ema200,ema_bull_stack,momentum_positive,trend_strength_bull,regime_trend | weighted_score_neutral",C:\Users\GF\Documents\secret_project\cryto\logs\crypto_models_summary.csv
7ca6f263d472677b0934,crypto,XRPUSD,2026-05-12 16:43:54,2026-05-12T09:43:54.517640+00:00,SIGNAL,NEUTRAL,WAIT,WAIT,2.16,21.58,1.45570,4h,,WAIT,1.41706,1.51000,,,,"4h strongest: BULLISH score=7 | above_ema200,ema_bull_stack,momentum_positive,trend_strength_bull,regime_trend | weighted_score_neutral",C:\Users\GF\Documents\secret_project\cryto\logs\crypto_models_summary.csv
886ab8ff9e3574aa8fcd,crypto,BTCUSD,2026-05-12 17:26:50,2026-05-12T10:26:50.491887+00:00,SIGNAL,NEUTRAL,WAIT,WAIT,1.07,10.75,80671.50781,15m,,WAIT,80862.51635,80409.75537,,,,"15m strongest: BEARISH score=-7 | below_ema200,ema_bear_stack,momentum_negative,trend_strength_bear,regime_range | weighted_score_neutral",C:\Users\GF\Documents\secret_project\cryto\logs\crypto_models_summary.csv
4f1f11803a1715e80df9,crypto,ETHUSD,2026-05-12 17:26:50,2026-05-12T10:26:50.493398+00:00,SIGNAL,NEUTRAL,WAIT,WAIT,-3.88,38.83,2287.92993,15m,,WAIT,2296.01689,2277.05436,,,,"15m strongest: BEARISH score=-5 | below_ema200,ema_bear_stack,trend_strength_bear,regime_range | weighted_score_neutral",C:\Users\GF\Documents\secret_project\cryto\logs\crypto_models_summary.csv
2ce3009527720fafb379,crypto,SOLUSD,2026-05-12 17:26:50,2026-05-12T10:26:50.493398+00:00,SIGNAL,NEUTRAL,WAIT,WAIT,1.69,16.92,95.30000,15m,,WAIT,95.89995,94.46008,,,,"15m strongest: BEARISH score=-5 | below_ema200,momentum_negative,trend_strength_bear,regime_range | weighted_score_neutral",C:\Users\GF\Documents\secret_project\cryto\logs\crypto_models_summary.csv
bea16e0881c5c3c6dee5,crypto,BNBUSD,2026-05-12 17:26:50,2026-05-12T10:26:50.493398+00:00,SIGNAL,NEUTRAL,WAIT,WAIT,2.91,29.08,661.09998,4h,,WAIT,651.82157,673.25789,,,,"4h strongest: BULLISH score=7 | above_ema200,ema_bull_stack,momentum_positive,trend_strength_bull,regime_trend | weighted_score_neutral",C:\Users\GF\Documents\secret_project\cryto\logs\crypto_models_summary.csv
e0170eb354b25f596ad8,crypto,XRPUSD,2026-05-12 17:26:50,2026-05-12T10:26:50.493398+00:00,SIGNAL,NEUTRAL,WAIT,WAIT,1.49,14.92,1.45440,15m,,WAIT,1.46330,1.44190,,,,"15m strongest: BEARISH score=-5 | below_ema200,momentum_negative,trend_strength_bear,regime_range | weighted_score_neutral",C:\Users\GF\Documents\secret_project\cryto\logs\crypto_models_summary.csv
86cb56f040b1ea82c641,crypto,BTCUSD,2026-05-12 18:58:58,2026-05-12T11:58:58.290241+00:00,SIGNAL,NEUTRAL,WAIT,WAIT,1.15,11.50,80749.46094,15m,,WAIT,80927.58966,80505.35861,,,,"15m strongest: BEARISH score=-6 | below_ema200,ema_bear_stack,trend_strength_bear,volume_confirmation,regime_range | weighted_score_neutral",C:\Users\GF\Documents\secret_project\cryto\logs\crypto_models_summary.csv
35b57886a064d5fe8ead,crypto,ETHUSD,2026-05-12 18:58:58,2026-05-12T11:58:58.290241+00:00,SIGNAL,BEARISH,BEARISH_WATCH,WATCH,-4.42,44.17,2285.87012,1h,,WAIT,2303.79648,2261.76225,,,,"1h strongest: BEARISH score=-6 | below_ema200,ema_bear_stack,momentum_negative,trend_strength_bear,volume_confirmation,rsi_short_too_cold,regime_trend | short_disabled_crypto_long_bias",C:\Users\GF\Documents\secret_project\cryto\logs\crypto_models_summary.csv
ae6d32930fa0dcccc713,crypto,SOLUSD,2026-05-12 18:58:58,2026-05-12T11:58:58.290241+00:00,SIGNAL,NEUTRAL,WAIT,WAIT,1.69,16.92,94.92000,15m,,WAIT,95.46676,94.15453,,,,"15m strongest: BEARISH score=-5 | below_ema200,ema_bear_stack,momentum_negative,trend_strength_bear,rsi_short_too_cold,regime_range | weighted_score_neutral",C:\Users\GF\Documents\secret_project\cryto\logs\crypto_models_summary.csv
666de8371b2d99b60f99,crypto,BNBUSD,2026-05-12 18:58:58,2026-05-12T11:58:58.290241+00:00,SIGNAL,NEUTRAL,WAIT,WAIT,2.91,29.08,662.88000,4h,,WAIT,653.43691,675.25371,,,,"4h strongest: BULLISH score=7 | above_ema200,ema_bull_stack,momentum_positive,trend_strength_bull,regime_trend | weighted_score_neutral",C:\Users\GF\Documents\secret_project\cryto\logs\crypto_models_summary.csv
44cb20ce16327a434918,crypto,XRPUSD,2026-05-12 18:58:58,2026-05-12T11:58:58.290241+00:00,SIGNAL,NEUTRAL,WAIT,WAIT,1.34,13.42,1.44900,15m,,WAIT,1.45696,1.43782,,,,"15m strongest: BEARISH score=-7 | below_ema200,ema_bear_stack,momentum_negative,trend_strength_bear,regime_range | weighted_score_neutral",C:\Users\GF\Documents\secret_project\cryto\logs\crypto_models_summary.csv
de32fe4aa44902028231,crypto,BTCUSD,2026-05-12 19:04:43,2026-05-12T12:04:44.018406+00:00,SIGNAL,NEUTRAL,WAIT,WAIT,0.78,7.75,80751.92969,15m,,WAIT,nan,nan,,,,"15m strongest: NEUTRAL score=-3 | below_ema200,ema_bear_stack,momentum_positive,trend_strength_bear,regime_range | weighted_score_neutral",C:\Users\GF\Documents\secret_project\cryto\logs\crypto_models_summary.csv
1a598b628f33e234720d,crypto,ETHUSD,2026-05-12 19:04:43,2026-05-12T12:04:44.018406+00:00,SIGNAL,BEARISH,BEARISH_WATCH,WATCH,-4.07,40.67,2283.55005,1h,,WAIT,2300.47041,2260.79508,,,,"1h strongest: BEARISH score=-5 | below_ema200,ema_bear_stack,momentum_negative,trend_strength_bear,rsi_short_too_cold,regime_trend | short_disabled_crypto_long_bias",C:\Users\GF\Documents\secret_project\cryto\logs\crypto_models_summary.csv
6917eed657444df90180,crypto,SOLUSD,2026-05-12 19:04:43,2026-05-12T12:04:44.018406+00:00,SIGNAL,NEUTRAL,WAIT,WAIT,1.69,16.92,94.87000,15m,,WAIT,95.39477,94.13533,,,,"15m strongest: BEARISH score=-5 | below_ema200,ema_bear_stack,momentum_negative,trend_strength_bear,rsi_short_too_cold,regime_range | weighted_score_neutral",C:\Users\GF\Documents\secret_project\cryto\logs\crypto_models_summary.csv
63f49f4f2e0c6f1d3d57,crypto,BNBUSD,2026-05-12 19:04:43,2026-05-12T12:04:44.018406+00:00,SIGNAL,NEUTRAL,WAIT,WAIT,2.83,28.33,662.56000,4h,,WAIT,653.08066,674.98120,,,,"4h strongest: BULLISH score=7 | above_ema200,ema_bull_stack,momentum_positive,trend_strength_bull,regime_trend | weighted_score_neutral",C:\Users\GF\Documents\secret_project\cryto\logs\crypto_models_summary.csv
e165d119690104d17f41,crypto,XRPUSD,2026-05-12 19:04:43,2026-05-12T12:04:44.018406+00:00,SIGNAL,NEUTRAL,WAIT,WAIT,1.34,13.42,1.44860,15m,,WAIT,1.45619,1.43794,,,,"15m strongest: BEARISH score=-7 | below_ema200,ema_bear_stack,momentum_negative,trend_strength_bear,regime_range | weighted_score_neutral",C:\Users\GF\Documents\secret_project\cryto\logs\crypto_models_summary.csv
0e8c8d2ea2c165562b85,crypto,BTCUSD,2026-05-12 19:13:29,2026-05-12T12:13:30.003092+00:00,SIGNAL,NEUTRAL,WAIT,WAIT,0.78,7.75,80800.25000,15m,,WAIT,nan,nan,,,,"15m strongest: NEUTRAL score=-3 | below_ema200,ema_bear_stack,momentum_positive,trend_strength_bear,regime_range | weighted_score_neutral",C:\Users\GF\Documents\secret_project\cryto\logs\crypto_models_summary.csv
0874823cab1c66b6fddc,crypto,ETHUSD,2026-05-12 19:13:29,2026-05-12T12:13:30.003092+00:00,SIGNAL,BEARISH,BEARISH_WATCH,WATCH,-4.07,40.67,2287.43994,1h,,WAIT,2304.70624,2264.21974,,,,"1h strongest: BEARISH score=-5 | below_ema200,ema_bear_stack,momentum_negative,trend_strength_bear,rsi_short_too_cold,regime_trend | short_disabled_crypto_long_bias",C:\Users\GF\Documents\secret_project\cryto\logs\crypto_models_summary.csv
bf2a9d36dbecf62f48e2,crypto,SOLUSD,2026-05-12 19:13:29,2026-05-12T12:13:30.003092+00:00,SIGNAL,NEUTRAL,WAIT,WAIT,1.54,15.42,95.07000,15m,,WAIT,95.62851,94.28808,,,,"15m strongest: BEARISH score=-7 | below_ema200,ema_bear_stack,momentum_negative,trend_strength_bear,regime_range | weighted_score_neutral",C:\Users\GF\Documents\secret_project\cryto\logs\crypto_models_summary.csv
970f39446752a02a53a1,crypto,BNBUSD,2026-05-12 19:13:29,2026-05-12T12:13:30.003092+00:00,SIGNAL,NEUTRAL,WAIT,WAIT,2.91,29.08,663.15002,4h,,WAIT,653.67069,675.57123,,,,"4h strongest: BULLISH score=7 | above_ema200,ema_bull_stack,momentum_positive,trend_strength_bull,regime_trend | weighted_score_neutral",C:\Users\GF\Documents\secret_project\cryto\logs\crypto_models_summary.csv
09eccbf8691a3a174117,crypto,XRPUSD,2026-05-12 19:13:29,2026-05-12T12:13:30.003092+00:00,SIGNAL,NEUTRAL,WAIT,WAIT,1.34,13.42,1.45140,15m,,WAIT,1.45942,1.44013,,,,"15m strongest: BEARISH score=-7 | below_ema200,ema_bear_stack,momentum_negative,trend_strength_bear,regime_range | weighted_score_neutral",C:\Users\GF\Documents\secret_project\cryto\logs\crypto_models_summary.csv
5191948298c61379548e,crypto,BTCUSD,2026-05-12 19:21:58,2026-05-12T12:21:58.634956+00:00,SIGNAL,NEUTRAL,WAIT,WAIT,0.78,7.75,80795.25000,15m,,WAIT,nan,nan,,,,"15m strongest: NEUTRAL score=-3 | below_ema200,ema_bear_stack,momentum_positive,trend_strength_bear,regime_range | weighted_score_neutral",C:\Users\GF\Documents\secret_project\cryto\logs\crypto_models_summary.csv
6a02cc3a1bf0f07020ac,crypto,ETHUSD,2026-05-12 19:21:58,2026-05-12T12:21:58.634956+00:00,SIGNAL,BEARISH,BEARISH_WATCH,WATCH,-4.07,40.67,2287.67993,1h,,WAIT,2305.06950,2264.29396,,,,"1h strongest: BEARISH score=-5 | below_ema200,ema_bear_stack,momentum_negative,trend_strength_bear,rsi_short_too_cold,regime_trend | short_disabled_crypto_long_bias",C:\Users\GF\Documents\secret_project\cryto\logs\crypto_models_summary.csv
a01a87c471f392e5056e,crypto,SOLUSD,2026-05-12 19:21:58,2026-05-12T12:21:58.634956+00:00,SIGNAL,NEUTRAL,WAIT,WAIT,1.54,15.42,95.05000,15m,,WAIT,95.58987,94.29419,,,,"15m strongest: BEARISH score=-7 | below_ema200,ema_bear_stack,momentum_negative,trend_strength_bear,regime_range | weighted_score_neutral",C:\Users\GF\Documents\secret_project\cryto\logs\crypto_models_summary.csv
59dc08c58893b0d0110a,crypto,BNBUSD,2026-05-12 19:21:58,2026-05-12T12:21:58.634956+00:00,SIGNAL,NEUTRAL,WAIT,WAIT,2.98,29.83,664.23999,4h,,WAIT,654.66433,676.78741,,,,"4h strongest: BULLISH score=7 | above_ema200,ema_bull_stack,momentum_positive,trend_strength_bull,regime_trend | weighted_score_neutral",C:\Users\GF\Documents\secret_project\cryto\logs\crypto_models_summary.csv
2b410f4fae2e8c8c3ba7,crypto,XRPUSD,2026-05-12 19:21:58,2026-05-12T12:21:58.634956+00:00,SIGNAL,NEUTRAL,WAIT,WAIT,1.34,13.42,1.45150,15m,,WAIT,1.45916,1.44073,,,,"15m strongest: BEARISH score=-7 | below_ema200,ema_bear_stack,momentum_negative,trend_strength_bear,regime_range | weighted_score_neutral",C:\Users\GF\Documents\secret_project\cryto\logs\crypto_models_summary.csv
d76d63e47141bb763912,crypto,BTCUSD,2026-05-12 19:30:00,2026-05-12T12:30:00.769562+00:00,SIGNAL,NEUTRAL,WAIT,WAIT,0.78,7.75,80791.86719,15m,,WAIT,nan,nan,,,,"15m strongest: NEUTRAL score=-3 | below_ema200,ema_bear_stack,momentum_positive,trend_strength_bear,regime_range | weighted_score_neutral",C:\Users\GF\Documents\secret_project\cryto\logs\crypto_models_summary.csv
9f675111d5be1f509d79,crypto,ETHUSD,2026-05-12 19:30:00,2026-05-12T12:30:00.769562+00:00,SIGNAL,NEUTRAL,WAIT,WAIT,-3.73,37.33,2288.89990,1h,,WAIT,2306.36920,2265.40671,,,,"1h strongest: BEARISH score=-5 | below_ema200,ema_bear_stack,momentum_negative,trend_strength_bear,rsi_short_too_cold,regime_trend | weighted_score_neutral",C:\Users\GF\Documents\secret_project\cryto\logs\crypto_models_summary.csv
6272b30ff39f253bb471,crypto,SOLUSD,2026-05-12 19:30:00,2026-05-12T12:30:00.769562+00:00,SIGNAL,NEUTRAL,WAIT,WAIT,1.62,16.17,94.81000,15m,,WAIT,95.37558,94.01819,,,,"15m strongest: BEARISH score=-6 | below_ema200,ema_bear_stack,momentum_negative,trend_strength_bear,volume_confirmation,rsi_short_too_cold,regime_range | weighted_score_neutral",C:\Users\GF\Documents\secret_project\cryto\logs\crypto_models_summary.csv
242e559dc590b63f1944,crypto,BNBUSD,2026-05-12 19:30:00,2026-05-12T12:30:00.769562+00:00,SIGNAL,NEUTRAL,WAIT,WAIT,3.13,31.33,663.59998,15m,,WAIT,661.60756,666.21073,,,,"15m strongest: BULLISH score=8 | above_ema200,ema_bull_stack,momentum_positive,trend_strength_bull,volume_confirmation,regime_range | weighted_score_neutral",C:\Users\GF\Documents\secret_project\cryto\logs\crypto_models_summary.csv
9093504d222615da818d,crypto,XRPUSD,2026-05-12 19:30:00,2026-05-12T12:30:00.769562+00:00,SIGNAL,NEUTRAL,WAIT,WAIT,1.34,13.42,1.45200,15m,,WAIT,1.45969,1.44120,,,,"15m strongest: BEARISH score=-7 | below_ema200,ema_bear_stack,momentum_negative,trend_strength_bear,regime_range | weighted_score_neutral",C:\Users\GF\Documents\secret_project\cryto\logs\crypto_models_summary.csv
5a7f3b27712d17d2b08a,crypto,BTCUSD,2026-05-12 19:39:07,2026-05-12T12:39:07.849209+00:00,SIGNAL,NEUTRAL,WAIT,WAIT,0.78,7.75,80935.67969,15m,,WAIT,nan,nan,,,,"15m strongest: NEUTRAL score=-3 | below_ema200,ema_bear_stack,momentum_positive,trend_strength_bear,regime_range | weighted_score_neutral",C:\Users\GF\Documents\secret_project\cryto\logs\crypto_models_summary.csv
405e93c6b327a6c99cb4,crypto,ETHUSD,2026-05-12 19:39:07,2026-05-12T12:39:07.849209+00:00,SIGNAL,BEARISH,BEARISH_WATCH,WATCH,-4.28,42.83,2291.07007,1h,,WAIT,2308.81281,2267.20914,,,,"1h strongest: BEARISH score=-7 | below_ema200,ema_bear_stack,momentum_negative,trend_strength_bear,regime_trend | short_disabled_crypto_long_bias",C:\Users\GF\Documents\secret_project\cryto\logs\crypto_models_summary.csv
41bcc0243ff7578a5e03,crypto,SOLUSD,2026-05-12 19:39:07,2026-05-12T12:39:07.849209+00:00,SIGNAL,NEUTRAL,WAIT,WAIT,1.62,16.17,95.21000,15m,,WAIT,95.84291,94.32392,,,,"15m strongest: BEARISH score=-6 | below_ema200,ema_bear_stack,trend_strength_bear,volume_confirmation,regime_range | weighted_score_neutral",C:\Users\GF\Documents\secret_project\cryto\logs\crypto_models_summary.csv
6402e99455ede847f7bc,crypto,BNBUSD,2026-05-12 19:39:07,2026-05-12T12:39:07.849209+00:00,SIGNAL,NEUTRAL,WAIT,WAIT,3.06,30.58,664.00000,15m,,WAIT,661.86069,666.80323,,,,"15m strongest: BULLISH score=7 | above_ema200,ema_bull_stack,momentum_positive,volume_confirmation,regime_range | weighted_score_neutral",C:\Users\GF\Documents\secret_project\cryto\logs\crypto_models_summary.csv
7c1e5a384770640337a6,crypto,XRPUSD,2026-05-12 19:39:07,2026-05-12T12:39:07.849209+00:00,SIGNAL,NEUTRAL,WAIT,WAIT,1.42,14.17,1.45330,15m,,WAIT,1.46141,1.44190,,,,"15m strongest: BEARISH score=-6 | below_ema200,ema_bear_stack,trend_strength_bear,volume_confirmation,regime_range | weighted_score_neutral",C:\Users\GF\Documents\secret_project\cryto\logs\crypto_models_summary.csv
fadb83cecade5c5f0717,crypto,BTCUSD,2026-05-12 19:47:09,2026-05-12T12:47:09.290645+00:00,SIGNAL,NEUTRAL,WAIT,WAIT,0.78,7.75,80897.60938,15m,,WAIT,nan,nan,,,,"15m strongest: NEUTRAL score=-3 | below_ema200,ema_bear_stack,momentum_positive,trend_strength_bear,regime_range | weighted_score_neutral",C:\Users\GF\Documents\secret_project\cryto\logs\crypto_models_summary.csv
a2e108bae62c8e431421,crypto,ETHUSD,2026-05-12 19:47:09,2026-05-12T12:47:09.290645+00:00,SIGNAL,BEARISH,BEARISH_WATCH,WATCH,-4.08,40.83,2287.57007,1h,,WAIT,2305.55722,2263.38045,,,,"1h strongest: BEARISH score=-6 | below_ema200,ema_bear_stack,momentum_negative,trend_strength_bear,volume_confirmation,rsi_short_too_cold,regime_trend | short_disabled_crypto_long_bias",C:\Users\GF\Documents\secret_project\cryto\logs\crypto_models_summary.csv
7def0c48574b0839ca74,crypto,SOLUSD,2026-05-12 19:47:09,2026-05-12T12:47:09.290645+00:00,SIGNAL,NEUTRAL,WAIT,WAIT,1.82,18.17,95.32000,15m,,WAIT,95.94771,94.44121,,,,"15m strongest: BEARISH score=-6 | below_ema200,ema_bear_stack,trend_strength_bear,volume_confirmation,regime_range | weighted_score_neutral",C:\Users\GF\Documents\secret_project\cryto\logs\crypto_models_summary.csv
c62703769bda9dc764f1,crypto,BNBUSD,2026-05-12 19:47:09,2026-05-12T12:47:09.290645+00:00,SIGNAL,NEUTRAL,WAIT,WAIT,3.06,30.58,662.88000,15m,,WAIT,660.82633,665.57103,,,,"15m strongest: BULLISH score=7 | above_ema200,ema_bull_stack,momentum_positive,volume_confirmation,regime_range | weighted_score_neutral",C:\Users\GF\Documents\secret_project\cryto\logs\crypto_models_summary.csv
9dd245d39928d79098d4,crypto,XRPUSD,2026-05-12 19:47:09,2026-05-12T12:47:09.290645+00:00,SIGNAL,NEUTRAL,WAIT,WAIT,1.49,14.92,1.45160,15m,,WAIT,1.45958,1.44039,,,,"15m strongest: BEARISH score=-5 | below_ema200,ema_bear_stack,trend_strength_bear,regime_range | weighted_score_neutral",C:\Users\GF\Documents\secret_project\cryto\logs\crypto_models_summary.csv
0754ca26e14cdb930928,crypto,BTCUSD,2026-05-12 19:54:33,2026-05-12T12:54:34.069596+00:00,SIGNAL,NEUTRAL,WAIT,WAIT,0.78,7.75,80885.00781,15m,,WAIT,nan,nan,,,,"15m strongest: NEUTRAL score=-3 | below_ema200,ema_bear_stack,momentum_positive,trend_strength_bear,regime_range | weighted_score_neutral",C:\Users\GF\Documents\secret_project\cryto\logs\crypto_models_summary.csv
f969c4e55fd2f7d16f83,crypto,ETHUSD,2026-05-12 19:54:33,2026-05-12T12:54:34.069596+00:00,SIGNAL,BEARISH,BEARISH_WATCH,WATCH,-4.49,44.92,2288.54004,15m,,WAIT,2296.93574,2277.24927,,,,"15m strongest: BEARISH score=-6 | below_ema200,ema_bear_stack,trend_strength_bear,volume_confirmation,regime_range | short_disabled_crypto_long_bias",C:\Users\GF\Documents\secret_project\cryto\logs\crypto_models_summary.csv
0fd38c3ef6916a4e1040,crypto,SOLUSD,2026-05-12 19:54:33,2026-05-12T12:54:34.069596+00:00,SIGNAL,NEUTRAL,WAIT,WAIT,1.82,18.17,95.33000,15m,,WAIT,95.96896,94.43546,,,,"15m strongest: BEARISH score=-6 | below_ema200,ema_bear_stack,trend_strength_bear,volume_confirmation,regime_range | weighted_score_neutral",C:\Users\GF\Documents\secret_project\cryto\logs\crypto_models_summary.csv
2f4315ee74de5ee9b17e,crypto,BNBUSD,2026-05-12 19:54:33,2026-05-12T12:54:34.070594+00:00,SIGNAL,NEUTRAL,WAIT,WAIT,3.06,30.58,661.84998,15m,,WAIT,659.70516,664.66043,,,,"15m strongest: BULLISH score=7 | above_ema200,ema_bull_stack,momentum_positive,volume_confirmation,regime_range | weighted_score_neutral",C:\Users\GF\Documents\secret_project\cryto\logs\crypto_models_summary.csv
5e94212899822d9c9403,crypto,XRPUSD,2026-05-12 19:54:33,2026-05-12T12:54:34.070594+00:00,SIGNAL,NEUTRAL,WAIT,WAIT,1.49,14.92,1.45160,15m,,WAIT,1.45968,1.44024,,,,"15m strongest: BEARISH score=-5 | below_ema200,ema_bear_stack,trend_strength_bear,regime_range | weighted_score_neutral",C:\Users\GF\Documents\secret_project\cryto\logs\crypto_models_summary.csv
b525766917770ada4441,crypto,BTCUSD,2026-05-12 20:03:04,2026-05-12T13:03:04.621037+00:00,SIGNAL,NEUTRAL,WAIT,WAIT,0.78,7.75,80889.54688,15m,,WAIT,nan,nan,,,,"15m strongest: NEUTRAL score=-3 | below_ema200,ema_bear_stack,momentum_positive,trend_strength_bear,regime_range | weighted_score_neutral",C:\Users\GF\Documents\secret_project\cryto\logs\crypto_models_summary.csv
bf901ad82f27c3eae9be,crypto,ETHUSD,2026-05-12 20:03:04,2026-05-12T13:03:04.621037+00:00,SIGNAL,BEARISH,BEARISH_WATCH,WATCH,-4.47,44.67,2291.12988,1h,,WAIT,2308.19783,2268.17644,,,,"1h strongest: BEARISH score=-7 | below_ema200,ema_bear_stack,momentum_negative,trend_strength_bear,regime_trend | short_disabled_crypto_long_bias",C:\Users\GF\Documents\secret_project\cryto\logs\crypto_models_summary.csv
e1175f3ffcf341a54259,crypto,SOLUSD,2026-05-12 20:03:04,2026-05-12T13:03:04.621037+00:00,SIGNAL,NEUTRAL,WAIT,WAIT,1.69,16.92,95.31000,15m,,WAIT,95.93751,94.43148,,,,"15m strongest: BEARISH score=-5 | below_ema200,ema_bear_stack,trend_strength_bear,regime_range | weighted_score_neutral",C:\Users\GF\Documents\secret_project\cryto\logs\crypto_models_summary.csv
f8eb26cf5638c0d4ba47,crypto,BTCUSD,2026-05-12 20:23:19,2026-05-12T13:23:19.913485+00:00,SIGNAL,NEUTRAL,WAIT,WAIT,0.62,6.25,80654.20312,15m,,WAIT,80853.14669,80381.57676,,,,"15m strongest: BEARISH score=-5 | below_ema200,ema_bear_stack,trend_strength_bear,regime_range | weighted_score_neutral",C:\Users\GF\Documents\secret_project\cryto\logs\crypto_models_summary.csv
1bbea83bf400c3084787,crypto,ETHUSD,2026-05-12 20:23:19,2026-05-12T13:23:19.913485+00:00,SIGNAL,BEARISH,BEARISH_WATCH,WATCH,-4.22,42.17,2285.16992,15m,,WAIT,2293.36600,2274.14761,,,,"15m strongest: BEARISH score=-5 | below_ema200,ema_bear_stack,trend_strength_bear,regime_range | short_disabled_crypto_long_bias",C:\Users\GF\Documents\secret_project\cryto\logs\crypto_models_summary.csv
85b32bd864b669445bec,crypto,SOLUSD,2026-05-12 20:23:19,2026-05-12T13:23:19.913485+00:00,SIGNAL,NEUTRAL,WAIT,WAIT,1.69,16.92,95.05000,15m,,WAIT,95.69243,94.15061,,,,"15m strongest: BEARISH score=-5 | below_ema200,ema_bear_stack,trend_strength_bear,regime_range | weighted_score_neutral",C:\Users\GF\Documents\secret_project\cryto\logs\crypto_models_summary.csv
bff5b9ed3b94d1dd9a44,crypto,BNBUSD,2026-05-12 20:23:19,2026-05-12T13:23:19.913485+00:00,SIGNAL,NEUTRAL,WAIT,WAIT,2.53,25.33,660.32001,4h,,WAIT,650.65942,672.97871,,,,"4h strongest: BULLISH score=7 | above_ema200,ema_bull_stack,momentum_positive,trend_strength_bull,regime_trend | weighted_score_neutral",C:\Users\GF\Documents\secret_project\cryto\logs\crypto_models_summary.csv
a8a12c8b135f7ecb70c5,crypto,XRPUSD,2026-05-12 20:23:19,2026-05-12T13:23:19.913485+00:00,SIGNAL,NEUTRAL,WAIT,WAIT,1.49,14.92,1.44970,15m,,WAIT,1.45741,1.43887,,,,"15m strongest: BEARISH score=-5 | below_ema200,ema_bear_stack,trend_strength_bear,regime_range | weighted_score_neutral",C:\Users\GF\Documents\secret_project\cryto\logs\crypto_models_summary.csv
c76d929e729398ea71d6,crypto,BTCUSD,2026-05-12 20:30:23,2026-05-12T13:30:23.381055+00:00,SIGNAL,NEUTRAL,WAIT,WAIT,0.62,6.25,80631.00000,15m,,WAIT,80833.58902,80353.37801,,,,"15m strongest: BEARISH score=-5 | below_ema200,ema_bear_stack,trend_strength_bear,regime_range | weighted_score_neutral",C:\Users\GF\Documents\secret_project\cryto\logs\crypto_models_summary.csv
b79b917531d89d91e5db,crypto,ETHUSD,2026-05-12 20:30:23,2026-05-12T13:30:23.381055+00:00,SIGNAL,BEARISH,BEARISH_WATCH,WATCH,-4.22,42.17,2282.89990,15m,,WAIT,2290.63589,2272.49633,,,,"15m strongest: BEARISH score=-5 | below_ema200,ema_bear_stack,trend_strength_bear,regime_range | short_disabled_crypto_long_bias",C:\Users\GF\Documents\secret_project\cryto\logs\crypto_models_summary.csv
c4e09c43c587bd7e68e1,crypto,SOLUSD,2026-05-12 20:30:23,2026-05-12T13:30:23.381055+00:00,SIGNAL,NEUTRAL,WAIT,WAIT,2.02,20.25,94.91000,4h,,WAIT,92.11011,98.82986,,,,"4h strongest: BULLISH score=6 | above_ema200,ema_bull_stack,trend_strength_bull,volume_confirmation,regime_trend | weighted_score_neutral",C:\Users\GF\Documents\secret_project\cryto\logs\crypto_models_summary.csv
23c0bc8267bf76a9e723,crypto,BNBUSD,2026-05-12 20:30:23,2026-05-12T13:30:23.381055+00:00,SIGNAL,NEUTRAL,WAIT,WAIT,2.53,25.33,660.32001,4h,,WAIT,650.65942,672.97871,,,,"4h strongest: BULLISH score=7 | above_ema200,ema_bull_stack,momentum_positive,trend_strength_bull,regime_trend | weighted_score_neutral",C:\Users\GF\Documents\secret_project\cryto\logs\crypto_models_summary.csv
eb339b90b6e4c5e134b2,crypto,XRPUSD,2026-05-12 20:30:23,2026-05-12T13:30:23.381055+00:00,SIGNAL,NEUTRAL,WAIT,WAIT,1.49,14.92,1.44660,15m,,WAIT,1.45402,1.43617,,,,"15m strongest: BEARISH score=-5 | below_ema200,ema_bear_stack,trend_strength_bear,regime_range | weighted_score_neutral",C:\Users\GF\Documents\secret_project\cryto\logs\crypto_models_summary.csv
e244847da90584f59a6a,crypto,BTCUSD,2026-05-12 20:35:52,2026-05-12T13:35:53.089714+00:00,SIGNAL,NEUTRAL,WAIT,WAIT,-0.63,6.25,80596.00781,15m,,WAIT,80794.74162,80323.66890,,,,"15m strongest: BEARISH score=-6 | below_ema200,ema_bear_stack,trend_strength_bear,volume_confirmation,regime_range | weighted_score_neutral",C:\Users\GF\Documents\secret_project\cryto\logs\crypto_models_summary.csv
3a504c0d71b2d78e4f77,crypto,ETHUSD,2026-05-12 20:35:52,2026-05-12T13:35:53.089714+00:00,SIGNAL,BEARISH,BEARISH_WATCH,WATCH,-4.60,46.00,2279.27002,1h,,WAIT,2297.33122,2254.98082,,,,"1h strongest: BEARISH score=-6 | below_ema200,ema_bear_stack,momentum_negative,trend_strength_bear,volume_confirmation,rsi_short_too_cold,regime_trend | short_disabled_crypto_long_bias",C:\Users\GF\Documents\secret_project\cryto\logs\crypto_models_summary.csv
8681e68d9e1634c80bd5,crypto,SOLUSD,2026-05-12 20:35:52,2026-05-12T13:35:53.089714+00:00,SIGNAL,NEUTRAL,WAIT,WAIT,2.02,20.25,94.81000,4h,,WAIT,92.01010,98.72985,,,,"4h strongest: BULLISH score=6 | above_ema200,ema_bull_stack,trend_strength_bull,volume_confirmation,regime_trend | weighted_score_neutral",C:\Users\GF\Documents\secret_project\cryto\logs\crypto_models_summary.csv
5a0bb978ca4d650ada9c,crypto,BNBUSD,2026-05-12 20:35:52,2026-05-12T13:35:53.089714+00:00,SIGNAL,NEUTRAL,WAIT,WAIT,2.53,25.33,659.10999,4h,,WAIT,649.39036,671.84605,,,,"4h strongest: BULLISH score=7 | above_ema200,ema_bull_stack,momentum_positive,trend_strength_bull,regime_trend | weighted_score_neutral",C:\Users\GF\Documents\secret_project\cryto\logs\crypto_models_summary.csv
5f506f847fda6e0e6252,crypto,XRPUSD,2026-05-12 20:35:52,2026-05-12T13:35:53.089714+00:00,SIGNAL,NEUTRAL,WAIT,WAIT,1.64,16.42,1.44560,4h,,WAIT,1.40788,1.49861,,,,"4h strongest: BULLISH score=5 | above_ema200,ema_bull_stack,trend_strength_bull,regime_trend | weighted_score_neutral",C:\Users\GF\Documents\secret_project\cryto\logs\crypto_models_summary.csv
828c1e7f56562fea2726,crypto,BTCUSD,2026-05-12 20:43:44,2026-05-12T13:43:44.861476+00:00,SIGNAL,NEUTRAL,WAIT,WAIT,0.78,7.75,80757.65625,15m,,WAIT,nan,nan,,,,"15m strongest: NEUTRAL score=-3 | below_ema200,ema_bear_stack,momentum_positive,trend_strength_bear,regime_range | weighted_score_neutral",C:\Users\GF\Documents\secret_project\cryto\logs\crypto_models_summary.csv
f146d6971fa7e86b1c70,crypto,ETHUSD,2026-05-12 20:43:44,2026-05-12T13:43:44.861476+00:00,SIGNAL,BEARISH,BEARISH_WATCH,WATCH,-4.75,47.50,2279.48999,1h,,WAIT,2297.90229,2254.72862,,,,"1h strongest: BEARISH score=-6 | below_ema200,ema_bear_stack,momentum_negative,trend_strength_bear,volume_confirmation,rsi_short_too_cold,regime_trend | short_disabled_crypto_long_bias",C:\Users\GF\Documents\secret_project\cryto\logs\crypto_models_summary.csv
e909172ebc389c1f147e,crypto,SOLUSD,2026-05-12 20:43:44,2026-05-12T13:43:44.861476+00:00,SIGNAL,NEUTRAL,WAIT,WAIT,2.02,20.25,95.12000,4h,,WAIT,92.32011,99.03985,,,,"4h strongest: BULLISH score=6 | above_ema200,ema_bull_stack,trend_strength_bull,volume_confirmation,regime_trend | weighted_score_neutral",C:\Users\GF\Documents\secret_project\cryto\logs\crypto_models_summary.csv
5bf568d7fc363391beb7,crypto,BNBUSD,2026-05-12 20:43:44,2026-05-12T13:43:44.861476+00:00,SIGNAL,NEUTRAL,WAIT,WAIT,2.53,25.33,659.91998,4h,,WAIT,650.13097,672.74697,,,,"4h strongest: BULLISH score=7 | above_ema200,ema_bull_stack,momentum_positive,trend_strength_bull,regime_trend | weighted_score_neutral",C:\Users\GF\Documents\secret_project\cryto\logs\crypto_models_summary.csv
c083c0c2037ec966ced0,crypto,XRPUSD,2026-05-12 20:43:44,2026-05-12T13:43:44.861476+00:00,SIGNAL,NEUTRAL,WAIT,WAIT,1.49,14.92,1.44870,15m,,WAIT,1.45669,1.43747,,,,"15m strongest: BEARISH score=-5 | below_ema200,ema_bear_stack,trend_strength_bear,regime_range | weighted_score_neutral",C:\Users\GF\Documents\secret_project\cryto\logs\crypto_models_summary.csv
6bb8497623d803018f72,crypto,BTCUSD,2026-05-12 20:51:13,2026-05-12T13:51:13.626293+00:00,SIGNAL,NEUTRAL,WAIT,WAIT,0.78,7.75,80702.17188,15m,,WAIT,nan,nan,,,,"15m strongest: NEUTRAL score=-3 | below_ema200,ema_bear_stack,momentum_positive,trend_strength_bear,regime_range | weighted_score_neutral",C:\Users\GF\Documents\secret_project\cryto\logs\crypto_models_summary.csv
b2df785b40cf84991edd,crypto,ETHUSD,2026-05-12 20:51:13,2026-05-12T13:51:13.626293+00:00,SIGNAL,BEARISH,BEARISH_WATCH,WATCH,-4.67,46.75,2275.40991,1h,,WAIT,2293.85018,2250.61094,,,,"1h strongest: BEARISH score=-6 | below_ema200,ema_bear_stack,momentum_negative,trend_strength_bear,volume_confirmation,rsi_short_too_cold,regime_trend | short_disabled_crypto_long_bias",C:\Users\GF\Documents\secret_project\cryto\logs\crypto_models_summary.csv
1596a992967947e6eb74,crypto,SOLUSD,2026-05-12 20:51:13,2026-05-12T13:51:13.626293+00:00,SIGNAL,NEUTRAL,WAIT,WAIT,2.02,20.25,94.83000,4h,,WAIT,92.03011,98.74985,,,,"4h strongest: BULLISH score=6 | above_ema200,ema_bull_stack,trend_strength_bull,volume_confirmation,regime_trend | weighted_score_neutral",C:\Users\GF\Documents\secret_project\cryto\logs\crypto_models_summary.csv
ea7c89006673b88dc050,crypto,BNBUSD,2026-05-12 20:51:13,2026-05-12T13:51:13.626293+00:00,SIGNAL,NEUTRAL,WAIT,WAIT,2.53,25.33,658.84998,4h,,WAIT,649.06096,671.67696,,,,"4h strongest: BULLISH score=7 | above_ema200,ema_bull_stack,momentum_positive,trend_strength_bull,regime_trend | weighted_score_neutral",C:\Users\GF\Documents\secret_project\cryto\logs\crypto_models_summary.csv
f7c3bdf137cebf30f749,crypto,XRPUSD,2026-05-12 20:51:13,2026-05-12T13:51:13.626293+00:00,SIGNAL,NEUTRAL,WAIT,WAIT,1.49,14.92,1.44390,15m,,WAIT,1.45220,1.43223,,,,"15m strongest: BEARISH score=-5 | below_ema200,ema_bear_stack,momentum_negative,trend_strength_bear,rsi_short_too_cold,regime_range | weighted_score_neutral",C:\Users\GF\Documents\secret_project\cryto\logs\crypto_models_summary.csv
becb4c47409af879536a,crypto,BTCUSD,2026-05-12 21:00:32,2026-05-12T14:00:32.337820+00:00,SIGNAL,NEUTRAL,WAIT,WAIT,-0.63,6.25,80441.89844,15m,,WAIT,80677.99429,80118.35968,,,,"15m strongest: BEARISH score=-6 | below_ema200,ema_bear_stack,trend_strength_bear,volume_confirmation,regime_range | weighted_score_neutral",C:\Users\GF\Documents\secret_project\cryto\logs\crypto_models_summary.csv
54baaffe3f2cd33eaae1,crypto,ETHUSD,2026-05-12 21:00:32,2026-05-12T14:00:32.337820+00:00,SIGNAL,BEARISH,BEARISH_WATCH,WATCH,-4.83,48.25,2270.36011,15m,,WAIT,2279.61010,2257.92046,,,,"15m strongest: BEARISH score=-6 | below_ema200,ema_bear_stack,momentum_negative,trend_strength_bear,volume_confirmation,rsi_short_too_cold,regime_range | short_disabled_crypto_long_bias",C:\Users\GF\Documents\secret_project\cryto\logs\crypto_models_summary.csv
78d500c0de52bae0533c,crypto,SOLUSD,2026-05-12 21:00:32,2026-05-12T14:00:32.337820+00:00,SIGNAL,NEUTRAL,WAIT,WAIT,1.03,10.25,94.64000,15m,,WAIT,95.30460,93.70956,,,,"15m strongest: BEARISH score=-5 | below_ema200,ema_bear_stack,trend_strength_bear,regime_range | weighted_score_neutral",C:\Users\GF\Documents\secret_project\cryto\logs\crypto_models_summary.csv
af75d2965706121e6f4a,crypto,BNBUSD,2026-05-12 21:00:32,2026-05-12T14:00:32.337820+00:00,SIGNAL,NEUTRAL,WAIT,WAIT,0.97,9.75,656.47998,15m,,WAIT,nan,nan,,,,"15m strongest: NEUTRAL score=-3 | below_ema200,momentum_negative,trend_strength_bear,rsi_short_too_cold,regime_range | weighted_score_neutral",C:\Users\GF\Documents\secret_project\cryto\logs\crypto_models_summary.csv
562acb8bda329eab4c40,crypto,XRPUSD,2026-05-12 21:00:32,2026-05-12T14:00:32.337820+00:00,SIGNAL,NEUTRAL,WAIT,WAIT,1.03,10.25,1.43390,15m,,WAIT,1.44286,1.42130,,,,"15m strongest: BEARISH score=-5 | below_ema200,ema_bear_stack,momentum_negative,trend_strength_bear,rsi_short_too_cold,regime_range | weighted_score_neutral",C:\Users\GF\Documents\secret_project\cryto\logs\crypto_models_summary.csv
14a17a78affc9cf0d44f,crypto,BTCUSD,2026-05-12 21:09:24,2026-05-12T14:09:24.643918+00:00,SIGNAL,NEUTRAL,WAIT,WAIT,-0.63,6.25,80610.92969,15m,,WAIT,80866.09379,80261.26037,,,,"15m strongest: BEARISH score=-6 | below_ema200,ema_bear_stack,trend_strength_bear,volume_confirmation,regime_range | weighted_score_neutral",C:\Users\GF\Documents\secret_project\cryto\logs\crypto_models_summary.csv
9504fc98e4b92858178c,crypto,ETHUSD,2026-05-12 21:09:24,2026-05-12T14:09:24.643918+00:00,SIGNAL,BEARISH,BEARISH_WATCH,WATCH,-4.22,42.17,2274.10010,15m,,WAIT,2284.15677,2260.57560,,,,"15m strongest: BEARISH score=-5 | below_ema200,ema_bear_stack,momentum_negative,trend_strength_bear,rsi_short_too_cold,regime_range | short_disabled_crypto_long_bias",C:\Users\GF\Documents\secret_project\cryto\logs\crypto_models_summary.csv
6fe026966a7d9cc73046,crypto,SOLUSD,2026-05-12 21:09:24,2026-05-12T14:09:24.643918+00:00,SIGNAL,NEUTRAL,WAIT,WAIT,1.18,11.75,94.83000,15m,,WAIT,nan,nan,,,,"15m strongest: NEUTRAL score=-3 | below_ema200,ema_bear_stack,momentum_positive,trend_strength_bear,regime_range | weighted_score_neutral",C:\Users\GF\Documents\secret_project\cryto\logs\crypto_models_summary.csv
59df76d38c4fbed2d17f,crypto,BNBUSD,2026-05-12 21:09:24,2026-05-12T14:09:24.643918+00:00,SIGNAL,NEUTRAL,WAIT,WAIT,0.90,9.00,656.88000,15m,,WAIT,659.51327,653.42952,,,,"15m strongest: BEARISH score=-4 | below_ema200,momentum_negative,trend_strength_bear,volume_confirmation,rsi_short_too_cold,regime_range | weighted_score_neutral",C:\Users\GF\Documents\secret_project\cryto\logs\crypto_models_summary.csv
dc8f7ad196a6888b007d,crypto,XRPUSD,2026-05-12 21:09:24,2026-05-12T14:09:24.643918+00:00,SIGNAL,NEUTRAL,WAIT,WAIT,0.95,9.50,1.43730,15m,,WAIT,1.44712,1.42350,,,,"15m strongest: BEARISH score=-6 | below_ema200,ema_bear_stack,momentum_negative,trend_strength_bear,volume_confirmation,rsi_short_too_cold,regime_range | weighted_score_neutral",C:\Users\GF\Documents\secret_project\cryto\logs\crypto_models_summary.csv
947eefa57ebe3f8e8aea,crypto,BTCUSD,2026-05-12 21:17:47,2026-05-12T14:17:47.807289+00:00,SIGNAL,NEUTRAL,WAIT,WAIT,-0.55,5.50,80612.40625,15m,,WAIT,80862.25006,80270.02770,,,,"15m strongest: BEARISH score=-5 | below_ema200,ema_bear_stack,trend_strength_bear,regime_range | weighted_score_neutral",C:\Users\GF\Documents\secret_project\cryto\logs\crypto_models_summary.csv
80060bed274b01b3e347,crypto,ETHUSD,2026-05-12 21:17:47,2026-05-12T14:17:47.807289+00:00,SIGNAL,BEARISH,BEARISH_WATCH,WATCH,-4.57,45.67,2274.62988,15m,,WAIT,2284.44674,2261.42791,,,,"15m strongest: BEARISH score=-7 | below_ema200,ema_bear_stack,momentum_negative,trend_strength_bear,regime_range | short_disabled_crypto_long_bias",C:\Users\GF\Documents\secret_project\cryto\logs\crypto_models_summary.csv
5b058ca7d5184b82e267,crypto,SOLUSD,2026-05-12 21:17:47,2026-05-12T14:17:47.807289+00:00,SIGNAL,NEUTRAL,WAIT,WAIT,1.18,11.75,94.95000,15m,,WAIT,nan,nan,,,,"15m strongest: NEUTRAL score=-3 | below_ema200,ema_bear_stack,momentum_positive,trend_strength_bear,regime_range | weighted_score_neutral",C:\Users\GF\Documents\secret_project\cryto\logs\crypto_models_summary.csv
62313eda364876e641bd,crypto,BNBUSD,2026-05-12 21:17:47,2026-05-12T14:17:47.807289+00:00,SIGNAL,NEUTRAL,WAIT,WAIT,0.83,8.25,657.44000,15m,,WAIT,659.98461,654.10569,,,,"15m strongest: BEARISH score=-5 | below_ema200,momentum_negative,trend_strength_bear,regime_range | weighted_score_neutral",C:\Users\GF\Documents\secret_project\cryto\logs\crypto_models_summary.csv
165aa9a2dba1aa5dc513,crypto,XRPUSD,2026-05-12 21:17:47,2026-05-12T14:17:47.807289+00:00,SIGNAL,NEUTRAL,WAIT,WAIT,1.03,10.25,1.43680,15m,,WAIT,1.44637,1.42335,,,,"15m strongest: BEARISH score=-5 | below_ema200,ema_bear_stack,momentum_negative,trend_strength_bear,rsi_short_too_cold,regime_range | weighted_score_neutral",C:\Users\GF\Documents\secret_project\cryto\logs\crypto_models_summary.csv
e8a44516b1662a3fb49e,crypto,BTCUSD,2026-05-12 21:25:47,2026-05-12T14:25:47.452468+00:00,SIGNAL,NEUTRAL,WAIT,WAIT,0.78,7.75,80820.10156,15m,,WAIT,nan,nan,,,,"15m strongest: NEUTRAL score=-3 | below_ema200,ema_bear_stack,momentum_positive,trend_strength_bear,regime_range | weighted_score_neutral",C:\Users\GF\Documents\secret_project\cryto\logs\crypto_models_summary.csv
1aa4ac3ca7e4e7b0d69e,crypto,ETHUSD,2026-05-12 21:25:47,2026-05-12T14:25:47.452468+00:00,SIGNAL,BEARISH,BEARISH_WATCH,WATCH,-4.64,46.42,2279.52002,15m,,WAIT,2289.54814,2266.03393,,,,"15m strongest: BEARISH score=-8 | below_ema200,ema_bear_stack,momentum_negative,trend_strength_bear,volume_confirmation,regime_range | short_disabled_crypto_long_bias",C:\Users\GF\Documents\secret_project\cryto\logs\crypto_models_summary.csv
7b1b8b8700e21f9c2a55,crypto,SOLUSD,2026-05-12 21:25:47,2026-05-12T14:25:47.452468+00:00,SIGNAL,NEUTRAL,WAIT,WAIT,1.18,11.75,95.16000,15m,,WAIT,nan,nan,,,,"15m strongest: NEUTRAL score=-3 | below_ema200,ema_bear_stack,momentum_positive,trend_strength_bear,regime_range | weighted_score_neutral",C:\Users\GF\Documents\secret_project\cryto\logs\crypto_models_summary.csv
e9c8a903b2fc65e2064e,crypto,BNBUSD,2026-05-12 21:25:47,2026-05-12T14:25:47.452468+00:00,SIGNAL,NEUTRAL,WAIT,WAIT,0.90,9.00,656.25000,15m,,WAIT,658.95100,652.71076,,,,"15m strongest: BEARISH score=-4 | below_ema200,momentum_negative,trend_strength_bear,volume_confirmation,rsi_short_too_cold,regime_range | weighted_score_neutral",C:\Users\GF\Documents\secret_project\cryto\logs\crypto_models_summary.csv
6e7074332f8b62db3589,crypto,XRPUSD,2026-05-12 21:25:47,2026-05-12T14:25:47.452468+00:00,SIGNAL,NEUTRAL,WAIT,WAIT,1.03,10.25,1.43810,15m,,WAIT,1.44772,1.42458,,,,"15m strongest: BEARISH score=-5 | below_ema200,ema_bear_stack,momentum_negative,trend_strength_bear,rsi_short_too_cold,regime_range | weighted_score_neutral",C:\Users\GF\Documents\secret_project\cryto\logs\crypto_models_summary.csv
dc0614a309df65a1f34a,crypto,ETHUSD,2026-05-12 21:34:13,2026-05-12T14:34:13.212934+00:00,SIGNAL,BEARISH,BEARISH_WATCH,WATCH,-4.42,44.17,2264.63989,1h,,WAIT,2284.15625,2238.39376,,,,"1h strongest: BEARISH score=-6 | below_ema200,ema_bear_stack,momentum_negative,trend_strength_bear,volume_confirmation,rsi_short_too_cold,regime_trend | short_disabled_crypto_long_bias",C:\Users\GF\Documents\secret_project\cryto\logs\crypto_models_summary.csv
99bfbbe08aeed68ffd33,crypto,SOLUSD,2026-05-12 21:34:13,2026-05-12T14:34:13.212934+00:00,SIGNAL,NEUTRAL,WAIT,WAIT,1.03,10.25,94.45000,15m,,WAIT,95.18852,93.41607,,,,"15m strongest: BEARISH score=-5 | below_ema200,ema_bear_stack,trend_strength_bear,regime_range | weighted_score_neutral",C:\Users\GF\Documents\secret_project\cryto\logs\crypto_models_summary.csv
43ce28aef74220cee4a2,crypto,BNBUSD,2026-05-12 21:34:13,2026-05-12T14:34:13.212934+00:00,SIGNAL,NEUTRAL,WAIT,WAIT,0.90,9.00,653.00000,15m,,WAIT,655.91733,649.17730,,,,"15m strongest: BEARISH score=-4 | below_ema200,momentum_negative,trend_strength_bear,volume_confirmation,rsi_short_too_cold,regime_range | weighted_score_neutral",C:\Users\GF\Documents\secret_project\cryto\logs\crypto_models_summary.csv
a714ea73b9e772907251,crypto,XRPUSD,2026-05-12 21:34:13,2026-05-12T14:34:13.212934+00:00,SIGNAL,NEUTRAL,WAIT,WAIT,0.62,6.25,1.42760,15m,,WAIT,1.43787,1.41317,,,,"15m strongest: BEARISH score=-5 | below_ema200,ema_bear_stack,momentum_negative,trend_strength_bear,rsi_short_too_cold,regime_range | weighted_score_neutral",C:\Users\GF\Documents\secret_project\cryto\logs\crypto_models_summary.csv
b151fbad55208c0960ca,crypto,BTCUSD,2026-05-12 21:42:03,2026-05-12T14:42:03.195114+00:00,SIGNAL,NEUTRAL,WAIT,WAIT,0.78,7.75,80806.99219,15m,,WAIT,nan,nan,,,,"15m strongest: NEUTRAL score=-3 | below_ema200,ema_bear_stack,momentum_positive,trend_strength_bear,regime_range | weighted_score_neutral",C:\Users\GF\Documents\secret_project\cryto\logs\crypto_models_summary.csv
f5e60b80e9658092aaed,crypto,ETHUSD,2026-05-12 21:42:03,2026-05-12T14:42:03.195114+00:00,SIGNAL,BEARISH,BEARISH_WATCH,WATCH,-4.57,45.67,2277.67993,15m,,WAIT,2288.98188,2262.48076,,,,"15m strongest: BEARISH score=-7 | below_ema200,ema_bear_stack,momentum_negative,trend_strength_bear,regime_range | short_disabled_crypto_long_bias",C:\Users\GF\Documents\secret_project\cryto\logs\crypto_models_summary.csv
6cea38f6bea41fe91449,crypto,SOLUSD,2026-05-12 21:42:03,2026-05-12T14:42:03.195114+00:00,SIGNAL,NEUTRAL,WAIT,WAIT,1.18,11.75,95.04000,15m,,WAIT,nan,nan,,,,"15m strongest: NEUTRAL score=-3 | below_ema200,ema_bear_stack,momentum_positive,trend_strength_bear,regime_range | weighted_score_neutral",C:\Users\GF\Documents\secret_project\cryto\logs\crypto_models_summary.csv
091ddedd50a8d3be454a,crypto,BNBUSD,2026-05-12 21:42:03,2026-05-12T14:42:03.195114+00:00,SIGNAL,NEUTRAL,WAIT,WAIT,0.90,9.00,655.50000,15m,,WAIT,658.59962,651.43843,,,,"15m strongest: BEARISH score=-4 | below_ema200,momentum_negative,trend_strength_bear,volume_confirmation,rsi_short_too_cold,regime_range | weighted_score_neutral",C:\Users\GF\Documents\secret_project\cryto\logs\crypto_models_summary.csv
4618be06aca0215f8336,crypto,XRPUSD,2026-05-12 21:42:03,2026-05-12T14:42:03.195114+00:00,SIGNAL,NEUTRAL,WAIT,WAIT,1.03,10.25,1.43520,15m,,WAIT,1.44593,1.42012,,,,"15m strongest: BEARISH score=-5 | below_ema200,ema_bear_stack,momentum_negative,trend_strength_bear,rsi_short_too_cold,regime_range | weighted_score_neutral",C:\Users\GF\Documents\secret_project\cryto\logs\crypto_models_summary.csv
d3d38fd049dc879eaea1,crypto,BTCUSD,2026-05-12 21:49:16,2026-05-12T14:49:16.446354+00:00,SIGNAL,NEUTRAL,WAIT,WAIT,0.62,6.25,80667.52344,15m,,WAIT,80954.17321,80274.70708,,,,"15m strongest: BEARISH score=-5 | below_ema200,ema_bear_stack,trend_strength_bear,regime_range | weighted_score_neutral",C:\Users\GF\Documents\secret_project\cryto\logs\crypto_models_summary.csv
5d6c7fc4ed9882b7c0a1,crypto,ETHUSD,2026-05-12 21:49:16,2026-05-12T14:49:16.446354+00:00,SIGNAL,BEARISH,BEARISH_WATCH,WATCH,-4.57,45.67,2272.16992,15m,,WAIT,2283.45056,2256.99941,,,,"15m strongest: BEARISH score=-7 | below_ema200,ema_bear_stack,momentum_negative,trend_strength_bear,regime_range | short_disabled_crypto_long_bias",C:\Users\GF\Documents\secret_project\cryto\logs\crypto_models_summary.csv
e1d6f8a2cc51b9612f6f,crypto,SOLUSD,2026-05-12 21:49:16,2026-05-12T14:49:16.446354+00:00,SIGNAL,NEUTRAL,WAIT,WAIT,1.03,10.25,94.71000,15m,,WAIT,95.47755,93.63542,,,,"15m strongest: BEARISH score=-5 | below_ema200,ema_bear_stack,trend_strength_bear,regime_range | weighted_score_neutral",C:\Users\GF\Documents\secret_project\cryto\logs\crypto_models_summary.csv
1e9dd5f4192753a5ed73,crypto,BNBUSD,2026-05-12 21:49:16,2026-05-12T14:49:16.446354+00:00,SIGNAL,NEUTRAL,WAIT,WAIT,0.90,9.00,654.20001,15m,,WAIT,657.18802,650.28470,,,,"15m strongest: BEARISH score=-4 | below_ema200,momentum_negative,trend_strength_bear,volume_confirmation,rsi_short_too_cold,regime_range | weighted_score_neutral",C:\Users\GF\Documents\secret_project\cryto\logs\crypto_models_summary.csv
8a13096f03efad82edc5,crypto,XRPUSD,2026-05-12 21:49:16,2026-05-12T14:49:16.446354+00:00,SIGNAL,NEUTRAL,WAIT,WAIT,1.22,12.25,1.43000,15m,,WAIT,1.44074,1.41491,,,,"15m strongest: BEARISH score=-5 | below_ema200,ema_bear_stack,momentum_negative,trend_strength_bear,rsi_short_too_cold,regime_range | weighted_score_neutral",C:\Users\GF\Documents\secret_project\cryto\logs\crypto_models_summary.csv
0f9c2bf015cbbbf77afc,crypto,BTCUSD,2026-05-12 21:57:39,2026-05-12T14:57:39.224805+00:00,SIGNAL,NEUTRAL,WAIT,WAIT,-0.63,6.25,80504.96094,15m,,WAIT,80808.07212,80089.58635,,,,"15m strongest: BEARISH score=-6 | below_ema200,ema_bear_stack,trend_strength_bear,volume_confirmation,regime_range | weighted_score_neutral",C:\Users\GF\Documents\secret_project\cryto\logs\crypto_models_summary.csv
8cab36d3f1b58b75e00f,crypto,ETHUSD,2026-05-12 21:57:39,2026-05-12T14:57:39.224805+00:00,SIGNAL,BEARISH,BEARISH_WATCH,WATCH,-4.83,48.25,2267.96997,15m,,WAIT,2279.68457,2252.21586,,,,"15m strongest: BEARISH score=-6 | below_ema200,ema_bear_stack,momentum_negative,trend_strength_bear,volume_confirmation,rsi_short_too_cold,regime_range | short_disabled_crypto_long_bias",C:\Users\GF\Documents\secret_project\cryto\logs\crypto_models_summary.csv
c7ea118582f34b09c9c8,crypto,SOLUSD,2026-05-12 21:57:39,2026-05-12T14:57:39.224805+00:00,SIGNAL,NEUTRAL,WAIT,WAIT,1.03,10.25,94.43000,15m,,WAIT,95.21756,93.32742,,,,"15m strongest: BEARISH score=-5 | below_ema200,ema_bear_stack,trend_strength_bear,regime_range | weighted_score_neutral",C:\Users\GF\Documents\secret_project\cryto\logs\crypto_models_summary.csv
a5f2215142dbb715051b,crypto,BNBUSD,2026-05-12 21:57:39,2026-05-12T14:57:39.224805+00:00,SIGNAL,NEUTRAL,WAIT,WAIT,0.90,9.00,653.67999,15m,,WAIT,656.75085,649.65611,,,,"15m strongest: BEARISH score=-4 | below_ema200,momentum_negative,trend_strength_bear,volume_confirmation,rsi_short_too_cold,regime_range | weighted_score_neutral",C:\Users\GF\Documents\secret_project\cryto\logs\crypto_models_summary.csv
09232f2585e954118ca7,crypto,XRPUSD,2026-05-12 21:57:39,2026-05-12T14:57:39.224805+00:00,SIGNAL,NEUTRAL,WAIT,WAIT,0.62,6.25,1.42620,15m,,WAIT,1.43751,1.41031,,,,"15m strongest: BEARISH score=-5 | below_ema200,ema_bear_stack,momentum_negative,trend_strength_bear,rsi_short_too_cold,regime_range | weighted_score_neutral",C:\Users\GF\Documents\secret_project\cryto\logs\crypto_models_summary.csv
2c7f6cf87bf5623bb91f,crypto,BTCUSD,2026-05-12 22:06:55,2026-05-12T15:06:55.617094+00:00,SIGNAL,NEUTRAL,WAIT,WAIT,-0.70,7.00,80517.63281,15m,,WAIT,80811.84814,80114.44885,,,,"15m strongest: BEARISH score=-7 | below_ema200,ema_bear_stack,momentum_negative,trend_strength_bear,regime_range | weighted_score_neutral",C:\Users\GF\Documents\secret_project\cryto\logs\crypto_models_summary.csv
9112ee3f35e828947514,crypto,ETHUSD,2026-05-12 22:06:55,2026-05-12T15:06:55.617094+00:00,SIGNAL,BEARISH,BEARISH_WATCH,WATCH,-4.70,47.00,2271.11011,15m,,WAIT,2282.51617,2255.77092,,,,"15m strongest: BEARISH score=-7 | below_ema200,ema_bear_stack,momentum_negative,trend_strength_bear,regime_range | short_disabled_crypto_long_bias",C:\Users\GF\Documents\secret_project\cryto\logs\crypto_models_summary.csv
34693e31307bcbc8b6cb,crypto,SOLUSD,2026-05-12 22:06:55,2026-05-12T15:06:55.617094+00:00,SIGNAL,NEUTRAL,WAIT,WAIT,1.03,10.25,94.59000,15m,,WAIT,95.35478,93.51930,,,,"15m strongest: BEARISH score=-5 | below_ema200,ema_bear_stack,trend_strength_bear,regime_range | weighted_score_neutral",C:\Users\GF\Documents\secret_project\cryto\logs\crypto_models_summary.csv
54ad1a377d48871531ca,crypto,BNBUSD,2026-05-12 22:06:55,2026-05-12T15:06:55.617094+00:00,SIGNAL,NEUTRAL,WAIT,WAIT,0.97,9.75,654.90002,15m,,WAIT,nan,nan,,,,"15m strongest: NEUTRAL score=-3 | below_ema200,momentum_negative,trend_strength_bear,rsi_short_too_cold,regime_range | weighted_score_neutral",C:\Users\GF\Documents\secret_project\cryto\logs\crypto_models_summary.csv
2279c60e59e96be3ef03,crypto,XRPUSD,2026-05-12 22:06:55,2026-05-12T15:06:55.617094+00:00,SIGNAL,NEUTRAL,WAIT,WAIT,0.22,2.25,1.42900,15m,,WAIT,1.44004,1.41349,,,,"15m strongest: BEARISH score=-5 | below_ema200,ema_bear_stack,momentum_negative,trend_strength_bear,rsi_short_too_cold,regime_range | weighted_score_neutral",C:\Users\GF\Documents\secret_project\cryto\logs\crypto_models_summary.csv
7387f395870b62bc764d,crypto,BTCUSD,2026-05-12 22:16:13,2026-05-12T15:16:13.973551+00:00,SIGNAL,NEUTRAL,WAIT,WAIT,-0.70,7.00,80524.64062,15m,,WAIT,80814.02851,80128.07204,,,,"15m strongest: BEARISH score=-7 | below_ema200,ema_bear_stack,momentum_negative,trend_strength_bear,regime_range | weighted_score_neutral",C:\Users\GF\Documents\secret_project\cryto\logs\crypto_models_summary.csv
969aba7b03d1f2b39b11,crypto,ETHUSD,2026-05-12 22:16:13,2026-05-12T15:16:13.973551+00:00,SIGNAL,BEARISH,BEARISH_WATCH,WATCH,-4.70,47.00,2270.07007,15m,,WAIT,2281.04491,2255.31080,,,,"15m strongest: BEARISH score=-7 | below_ema200,ema_bear_stack,momentum_negative,trend_strength_bear,regime_range | short_disabled_crypto_long_bias",C:\Users\GF\Documents\secret_project\cryto\logs\crypto_models_summary.csv
220ef0fe0815e7c524c8,crypto,SOLUSD,2026-05-12 22:16:13,2026-05-12T15:16:13.973551+00:00,SIGNAL,NEUTRAL,WAIT,WAIT,0.88,8.75,94.53000,15m,,WAIT,95.26489,93.50115,,,,"15m strongest: BEARISH score=-7 | below_ema200,ema_bear_stack,momentum_negative,trend_strength_bear,regime_range | weighted_score_neutral",C:\Users\GF\Documents\secret_project\cryto\logs\crypto_models_summary.csv
dca5b402810959dc573e,crypto,BNBUSD,2026-05-12 22:16:13,2026-05-12T15:16:13.973551+00:00,SIGNAL,NEUTRAL,WAIT,WAIT,0.83,8.25,654.60999,15m,,WAIT,657.57808,650.72076,,,,"15m strongest: BEARISH score=-5 | below_ema200,ema_bear_stack,momentum_negative,trend_strength_bear,rsi_short_too_cold,regime_range | weighted_score_neutral",C:\Users\GF\Documents\secret_project\cryto\logs\crypto_models_summary.csv
c5bf76b49067ec8b2c67,crypto,XRPUSD,2026-05-12 22:16:13,2026-05-12T15:16:13.973551+00:00,SIGNAL,NEUTRAL,WAIT,WAIT,0.22,2.25,1.42740,15m,,WAIT,1.43813,1.41231,,,,"15m strongest: BEARISH score=-5 | below_ema200,ema_bear_stack,momentum_negative,trend_strength_bear,rsi_short_too_cold,regime_range | weighted_score_neutral",C:\Users\GF\Documents\secret_project\cryto\logs\crypto_models_summary.csv
1f1242fcea91944b0f7f,crypto,BTCUSD,2026-05-12 22:25:23,2026-05-12T15:25:23.885381+00:00,SIGNAL,NEUTRAL,WAIT,WAIT,-1.30,13.00,80205.70312,15m,,WAIT,80525.84570,79766.98922,,,,"15m strongest: BEARISH score=-7 | below_ema200,ema_bear_stack,momentum_negative,trend_strength_bear,regime_range | weighted_score_neutral",C:\Users\GF\Documents\secret_project\cryto\logs\crypto_models_summary.csv
13b5406be459d0138eb1,crypto,ETHUSD,2026-05-12 22:25:23,2026-05-12T15:25:23.885381+00:00,SIGNAL,NEUTRAL,WAIT,WAIT,-3.88,38.83,2257.16992,15m,,WAIT,2269.48085,2240.61384,,,,"15m strongest: BEARISH score=-5 | below_ema200,ema_bear_stack,momentum_negative,trend_strength_bear,rsi_short_too_cold,regime_range | weighted_score_neutral",C:\Users\GF\Documents\secret_project\cryto\logs\crypto_models_summary.csv
bac2e0a2795a77c9fc34,crypto,SOLUSD,2026-05-12 22:25:23,2026-05-12T15:25:23.885381+00:00,SIGNAL,NEUTRAL,WAIT,WAIT,1.03,10.25,93.63000,15m,,WAIT,94.47864,92.44190,,,,"15m strongest: BEARISH score=-5 | below_ema200,ema_bear_stack,momentum_negative,trend_strength_bear,rsi_short_too_cold,regime_trend | weighted_score_neutral",C:\Users\GF\Documents\secret_project\cryto\logs\crypto_models_summary.csv
6f317f74c4e52c022298,crypto,BNBUSD,2026-05-12 22:25:23,2026-05-12T15:25:23.885381+00:00,SIGNAL,NEUTRAL,WAIT,WAIT,0.83,8.25,650.92999,15m,,WAIT,654.27923,646.54134,,,,"15m strongest: BEARISH score=-5 | below_ema200,ema_bear_stack,momentum_negative,trend_strength_bear,rsi_short_too_cold,regime_range | weighted_score_neutral",C:\Users\GF\Documents\secret_project\cryto\logs\crypto_models_summary.csv
c738ebbe42943fc09bd0,crypto,XRPUSD,2026-05-12 22:25:23,2026-05-12T15:25:23.885381+00:00,SIGNAL,NEUTRAL,WAIT,WAIT,0.22,2.25,1.42140,15m,,WAIT,1.43313,1.40492,,,,"15m strongest: BEARISH score=-5 | below_ema200,ema_bear_stack,momentum_negative,trend_strength_bear,rsi_short_too_cold,regime_trend | weighted_score_neutral",C:\Users\GF\Documents\secret_project\cryto\logs\crypto_models_summary.csv
a8429b7a6bcfed8191e6,crypto,BTCUSD,2026-05-12 22:33:42,2026-05-12T15:33:42.708558+00:00,SIGNAL,NEUTRAL,WAIT,WAIT,-1.30,13.00,80316.65625,15m,,WAIT,80632.47495,79883.86766,,,,"15m strongest: BEARISH score=-7 | below_ema200,ema_bear_stack,momentum_negative,trend_strength_bear,regime_range | weighted_score_neutral",C:\Users\GF\Documents\secret_project\cryto\logs\crypto_models_summary.csv
af7c0e5a6d11e0d6ca4f,crypto,ETHUSD,2026-05-12 22:33:42,2026-05-12T15:33:42.708558+00:00,SIGNAL,BEARISH,BEARISH_WATCH,WATCH,-4.90,49.00,2262.84009,15m,,WAIT,2274.84268,2246.69867,,,,"15m strongest: BEARISH score=-7 | below_ema200,ema_bear_stack,momentum_negative,trend_strength_bear,regime_range | short_disabled_crypto_long_bias",C:\Users\GF\Documents\secret_project\cryto\logs\crypto_models_summary.csv
f5ed61cacb7b0d687c2a,crypto,SOLUSD,2026-05-12 22:33:42,2026-05-12T15:33:42.708558+00:00,SIGNAL,NEUTRAL,WAIT,WAIT,0.88,8.75,94.03000,15m,,WAIT,94.85159,92.87977,,,,"15m strongest: BEARISH score=-7 | below_ema200,ema_bear_stack,momentum_negative,trend_strength_bear,regime_trend | weighted_score_neutral",C:\Users\GF\Documents\secret_project\cryto\logs\crypto_models_summary.csv
a94b2cf39b3b713f5a25,crypto,BNBUSD,2026-05-12 22:33:42,2026-05-12T15:33:42.708558+00:00,SIGNAL,NEUTRAL,WAIT,WAIT,0.75,7.50,651.73999,15m,,WAIT,654.99130,647.47966,,,,"15m strongest: BEARISH score=-6 | below_ema200,ema_bear_stack,momentum_negative,trend_strength_bear,volume_confirmation,rsi_short_too_cold,regime_range | weighted_score_neutral",C:\Users\GF\Documents\secret_project\cryto\logs\crypto_models_summary.csv
bc8f17e5df512f774b0a,crypto,XRPUSD,2026-05-12 22:33:42,2026-05-12T15:33:42.708558+00:00,SIGNAL,NEUTRAL,WAIT,WAIT,0.22,2.25,1.42250,15m,,WAIT,1.43403,1.40629,,,,"15m strongest: BEARISH score=-5 | below_ema200,ema_bear_stack,momentum_negative,trend_strength_bear,rsi_short_too_cold,regime_trend | weighted_score_neutral",C:\Users\GF\Documents\secret_project\cryto\logs\crypto_models_summary.csv
6fd61a88baa112b8cc7f,crypto,BTCUSD,2026-05-12 22:42:09,2026-05-12T15:42:10.094226+00:00,SIGNAL,NEUTRAL,WAIT,WAIT,-1.58,15.75,80242.54688,15m,,WAIT,80569.82852,79794.04980,,,,"15m strongest: BEARISH score=-8 | below_ema200,ema_bear_stack,momentum_negative,trend_strength_bear,volume_confirmation,regime_range | weighted_score_neutral",C:\Users\GF\Documents\secret_project\cryto\logs\crypto_models_summary.csv
03e5f70c7cfc396c9ec8,crypto,ETHUSD,2026-05-12 22:42:09,2026-05-12T15:42:10.094226+00:00,SIGNAL,BEARISH,BEARISH_WATCH,WATCH,-4.16,41.58,2259.47998,15m,,WAIT,2271.90591,2242.76925,,,,"15m strongest: BEARISH score=-6 | below_ema200,ema_bear_stack,momentum_negative,trend_strength_bear,volume_confirmation,rsi_short_too_cold,regime_range | short_disabled_crypto_long_bias",C:\Users\GF\Documents\secret_project\cryto\logs\crypto_models_summary.csv
bfb87bc95992b24787b6,crypto,SOLUSD,2026-05-12 22:42:09,2026-05-12T15:42:10.094226+00:00,SIGNAL,NEUTRAL,WAIT,WAIT,1.03,10.25,93.97000,15m,,WAIT,94.81642,92.78502,,,,"15m strongest: BEARISH score=-5 | below_ema200,ema_bear_stack,momentum_negative,trend_strength_bear,rsi_short_too_cold,regime_trend | weighted_score_neutral",C:\Users\GF\Documents\secret_project\cryto\logs\crypto_models_summary.csv
ecfabbe0a462a8668ae3,crypto,BNBUSD,2026-05-12 22:42:09,2026-05-12T15:42:10.094226+00:00,SIGNAL,NEUTRAL,WAIT,WAIT,0.75,7.50,651.79999,15m,,WAIT,655.17550,647.37690,,,,"15m strongest: BEARISH score=-6 | below_ema200,ema_bear_stack,momentum_negative,trend_strength_bear,volume_confirmation,rsi_short_too_cold,regime_range | weighted_score_neutral",C:\Users\GF\Documents\secret_project\cryto\logs\crypto_models_summary.csv
261a8624c01499daef67,crypto,XRPUSD,2026-05-12 22:42:09,2026-05-12T15:42:10.094226+00:00,SIGNAL,NEUTRAL,WAIT,WAIT,0.22,2.25,1.42210,15m,,WAIT,1.43373,1.40576,,,,"15m strongest: BEARISH score=-5 | below_ema200,ema_bear_stack,momentum_negative,trend_strength_bear,rsi_short_too_cold,regime_trend | weighted_score_neutral",C:\Users\GF\Documents\secret_project\cryto\logs\crypto_models_summary.csv
b3066dc1e3110a94cadc,crypto,BTCUSD,2026-05-12 22:50:00,2026-05-12T15:50:00.508124+00:00,SIGNAL,NEUTRAL,WAIT,WAIT,-1.58,15.75,80263.63281,15m,,WAIT,80580.34939,79829.61380,,,,"15m strongest: BEARISH score=-8 | below_ema200,ema_bear_stack,momentum_negative,trend_strength_bear,volume_confirmation,regime_range | weighted_score_neutral",C:\Users\GF\Documents\secret_project\cryto\logs\crypto_models_summary.csv
d03869ba7dc0d5b0663d,crypto,ETHUSD,2026-05-12 22:50:00,2026-05-12T15:50:00.508124+00:00,SIGNAL,BEARISH,BEARISH_WATCH,WATCH,-4.16,41.58,2259.00000,15m,,WAIT,2271.07074,2242.76694,,,,"15m strongest: BEARISH score=-6 | below_ema200,ema_bear_stack,momentum_negative,trend_strength_bear,volume_confirmation,rsi_short_too_cold,regime_range | short_disabled_crypto_long_bias",C:\Users\GF\Documents\secret_project\cryto\logs\crypto_models_summary.csv
b697c3d15db6026d6466,crypto,SOLUSD,2026-05-12 22:50:00,2026-05-12T15:50:00.508124+00:00,SIGNAL,NEUTRAL,WAIT,WAIT,1.03,10.25,93.85000,15m,,WAIT,94.68096,92.68666,,,,"15m strongest: BEARISH score=-5 | below_ema200,ema_bear_stack,momentum_negative,trend_strength_bear,rsi_short_too_cold,regime_trend | weighted_score_neutral",C:\Users\GF\Documents\secret_project\cryto\logs\crypto_models_summary.csv
a2e8a7f08ccd68efcee6,crypto,BNBUSD,2026-05-12 22:50:00,2026-05-12T15:50:00.508124+00:00,SIGNAL,NEUTRAL,WAIT,WAIT,0.83,8.25,652.09998,15m,,WAIT,655.28616,647.92497,,,,"15m strongest: BEARISH score=-5 | below_ema200,ema_bear_stack,momentum_negative,trend_strength_bear,rsi_short_too_cold,regime_range | weighted_score_neutral",C:\Users\GF\Documents\secret_project\cryto\logs\crypto_models_summary.csv
d3e60291c9d1602d7a9f,crypto,XRPUSD,2026-05-12 22:50:00,2026-05-12T15:50:00.508124+00:00,SIGNAL,NEUTRAL,WAIT,WAIT,0.22,2.25,1.42310,15m,,WAIT,1.43451,1.40707,,,,"15m strongest: BEARISH score=-5 | below_ema200,ema_bear_stack,momentum_negative,trend_strength_bear,rsi_short_too_cold,regime_trend | weighted_score_neutral",C:\Users\GF\Documents\secret_project\cryto\logs\crypto_models_summary.csv
ee78cf2d3121916aab71,crypto,BTCUSD,2026-05-12 22:58:19,2026-05-12T15:58:19.580410+00:00,SIGNAL,NEUTRAL,WAIT,WAIT,-1.97,19.75,80332.71094,15m,,WAIT,80653.22967,79893.48157,,,,"15m strongest: BEARISH score=-8 | below_ema200,ema_bear_stack,momentum_negative,trend_strength_bear,volume_confirmation,regime_range | weighted_score_neutral",C:\Users\GF\Documents\secret_project\cryto\logs\crypto_models_summary.csv
09f446fca100904e1ebc,crypto,ETHUSD,2026-05-12 22:58:19,2026-05-12T15:58:19.580410+00:00,SIGNAL,BEARISH,BEARISH_WATCH,WATCH,-4.97,49.75,2262.63989,15m,,WAIT,2274.92397,2246.11993,,,,"15m strongest: BEARISH score=-8 | below_ema200,ema_bear_stack,momentum_negative,trend_strength_bear,volume_confirmation,regime_range | short_disabled_crypto_long_bias",C:\Users\GF\Documents\secret_project\cryto\logs\crypto_models_summary.csv
cc414af06fcffbdac7cb,crypto,SOLUSD,2026-05-12 22:58:19,2026-05-12T15:58:19.580410+00:00,SIGNAL,NEUTRAL,WAIT,WAIT,0.80,8.00,93.93000,15m,,WAIT,94.76096,92.76666,,,,"15m strongest: BEARISH score=-8 | below_ema200,ema_bear_stack,momentum_negative,trend_strength_bear,volume_confirmation,regime_trend | weighted_score_neutral",C:\Users\GF\Documents\secret_project\cryto\logs\crypto_models_summary.csv
ad82b3e5459570807993,crypto,BNBUSD,2026-05-12 22:58:19,2026-05-12T15:58:19.580410+00:00,SIGNAL,NEUTRAL,WAIT,WAIT,0.83,8.25,652.50000,15m,,WAIT,655.72555,648.27342,,,,"15m strongest: BEARISH score=-5 | below_ema200,ema_bear_stack,momentum_negative,trend_strength_bear,rsi_short_too_cold,regime_range | weighted_score_neutral",C:\Users\GF\Documents\secret_project\cryto\logs\crypto_models_summary.csv
4c5e9aecac4207b41c58,crypto,XRPUSD,2026-05-12 22:58:19,2026-05-12T15:58:19.580410+00:00,SIGNAL,NEUTRAL,WAIT,WAIT,0.22,2.25,1.42400,15m,,WAIT,1.43553,1.40780,,,,"15m strongest: BEARISH score=-5 | below_ema200,ema_bear_stack,momentum_negative,trend_strength_bear,rsi_short_too_cold,regime_trend | weighted_score_neutral",C:\Users\GF\Documents\secret_project\cryto\logs\crypto_models_summary.csv
b96167e93829b79661c3,crypto,BTCUSD,2026-05-12 23:07:14,2026-05-12T16:07:14.890591+00:00,SIGNAL,NEUTRAL,WAIT,WAIT,-1.30,13.00,80270.49219,15m,,WAIT,80588.62738,79834.52915,,,,"15m strongest: BEARISH score=-7 | below_ema200,ema_bear_stack,momentum_negative,trend_strength_bear,regime_range | weighted_score_neutral",C:\Users\GF\Documents\secret_project\cryto\logs\crypto_models_summary.csv
77836c064f337b6917bd,crypto,ETHUSD,2026-05-12 23:07:14,2026-05-12T16:07:14.890591+00:00,SIGNAL,BEARISH,BEARISH_WATCH,WATCH,-4.70,47.00,2264.09009,15m,,WAIT,2276.39617,2247.54054,,,,"15m strongest: BEARISH score=-7 | below_ema200,ema_bear_stack,momentum_negative,trend_strength_bear,regime_range | short_disabled_crypto_long_bias",C:\Users\GF\Documents\secret_project\cryto\logs\crypto_models_summary.csv
d974b2ab36fe3a00cd81,crypto,SOLUSD,2026-05-12 23:07:14,2026-05-12T16:07:14.890591+00:00,SIGNAL,NEUTRAL,WAIT,WAIT,0.88,8.75,94.00000,15m,,WAIT,94.83392,92.83251,,,,"15m strongest: BEARISH score=-7 | below_ema200,ema_bear_stack,momentum_negative,trend_strength_bear,regime_trend | weighted_score_neutral",C:\Users\GF\Documents\secret_project\cryto\logs\crypto_models_summary.csv
5baf72e8ee6fc253360c,crypto,BNBUSD,2026-05-12 23:07:14,2026-05-12T16:07:14.890591+00:00,SIGNAL,NEUTRAL,WAIT,WAIT,1.03,10.25,652.15002,15m,,WAIT,655.29631,648.02730,,,,"15m strongest: BEARISH score=-5 | below_ema200,ema_bear_stack,momentum_negative,trend_strength_bear,rsi_short_too_cold,regime_range | weighted_score_neutral",C:\Users\GF\Documents\secret_project\cryto\logs\crypto_models_summary.csv
418e99be8cfae0c57a50,crypto,XRPUSD,2026-05-12 23:07:14,2026-05-12T16:07:14.890591+00:00,SIGNAL,NEUTRAL,WAIT,WAIT,0.22,2.25,1.42450,15m,,WAIT,1.43589,1.40849,,,,"15m strongest: BEARISH score=-5 | below_ema200,ema_bear_stack,momentum_negative,trend_strength_bear,rsi_short_too_cold,regime_trend | weighted_score_neutral",C:\Users\GF\Documents\secret_project\cryto\logs\crypto_models_summary.csv
eeb80b4d98c726205f92,crypto,BTCUSD,2026-05-12 23:15:41,2026-05-12T16:15:41.407879+00:00,SIGNAL,NEUTRAL,WAIT,WAIT,-1.70,17.00,80324.46875,15m,,WAIT,80621.51929,79917.39950,,,,"15m strongest: BEARISH score=-7 | below_ema200,ema_bear_stack,momentum_negative,trend_strength_bear,regime_range | weighted_score_neutral",C:\Users\GF\Documents\secret_project\cryto\logs\crypto_models_summary.csv
939ba873599a1795d180,crypto,ETHUSD,2026-05-12 23:15:41,2026-05-12T16:15:41.407879+00:00,SIGNAL,BEARISH,BEARISH_WATCH,WATCH,-4.70,47.00,2266.15991,15m,,WAIT,2277.75419,2250.56760,,,,"15m strongest: BEARISH score=-7 | below_ema200,ema_bear_stack,momentum_negative,trend_strength_bear,regime_range | short_disabled_crypto_long_bias",C:\Users\GF\Documents\secret_project\cryto\logs\crypto_models_summary.csv
11b3793aac11fd3227fc,crypto,SOLUSD,2026-05-12 23:15:41,2026-05-12T16:15:41.407879+00:00,SIGNAL,NEUTRAL,WAIT,WAIT,0.88,8.75,94.03000,15m,,WAIT,94.81159,92.93577,,,,"15m strongest: BEARISH score=-7 | below_ema200,ema_bear_stack,momentum_negative,trend_strength_bear,regime_trend | weighted_score_neutral",C:\Users\GF\Documents\secret_project\cryto\logs\crypto_models_summary.csv
78a6e02bfbd685caba0a,crypto,BNBUSD,2026-05-12 23:15:41,2026-05-12T16:15:41.407879+00:00,SIGNAL,NEUTRAL,WAIT,WAIT,0.88,8.75,652.79999,15m,,WAIT,655.75187,648.93200,,,,"15m strongest: BEARISH score=-7 | below_ema200,ema_bear_stack,momentum_negative,trend_strength_bear,regime_range | weighted_score_neutral",C:\Users\GF\Documents\secret_project\cryto\logs\crypto_models_summary.csv
1f555a070c1b3b064b0f,crypto,XRPUSD,2026-05-12 23:15:41,2026-05-12T16:15:41.407879+00:00,SIGNAL,NEUTRAL,WAIT,WAIT,0.22,2.25,1.42520,15m,,WAIT,1.43593,1.41012,,,,"15m strongest: BEARISH score=-5 | below_ema200,ema_bear_stack,momentum_negative,trend_strength_bear,rsi_short_too_cold,regime_trend | weighted_score_neutral",C:\Users\GF\Documents\secret_project\cryto\logs\crypto_models_summary.csv
63fc8c7461ec4271d008,crypto,BTCUSD,2026-05-12 23:24:22,2026-05-12T16:24:23.178252+00:00,SIGNAL,NEUTRAL,WAIT,WAIT,-1.50,15.00,80288.64844,15m,,WAIT,80602.49864,79858.55742,,,,"15m strongest: BEARISH score=-7 | below_ema200,ema_bear_stack,momentum_negative,trend_strength_bear,regime_range | weighted_score_neutral",C:\Users\GF\Documents\secret_project\cryto\logs\crypto_models_summary.csv
2c60ed49b28438b91413,crypto,ETHUSD,2026-05-12 23:24:22,2026-05-12T16:24:23.178252+00:00,SIGNAL,BEARISH,BEARISH_WATCH,WATCH,-4.70,47.00,2267.53003,15m,,WAIT,2279.63489,2251.25108,,,,"15m strongest: BEARISH score=-7 | below_ema200,ema_bear_stack,momentum_negative,trend_strength_bear,regime_range | short_disabled_crypto_long_bias",C:\Users\GF\Documents\secret_project\cryto\logs\crypto_models_summary.csv
be016a8ee56d5ed6c9a5,crypto,SOLUSD,2026-05-12 23:24:22,2026-05-12T16:24:23.178252+00:00,SIGNAL,NEUTRAL,WAIT,WAIT,0.88,8.75,94.12000,15m,,WAIT,94.93909,92.97328,,,,"15m strongest: BEARISH score=-7 | below_ema200,ema_bear_stack,momentum_negative,trend_strength_bear,regime_trend | weighted_score_neutral",C:\Users\GF\Documents\secret_project\cryto\logs\crypto_models_summary.csv
ceadcd3879c31c6ba2f8,crypto,BNBUSD,2026-05-12 23:24:22,2026-05-12T16:24:23.178252+00:00,SIGNAL,NEUTRAL,WAIT,WAIT,0.88,8.75,653.39001,15m,,WAIT,656.41854,649.42160,,,,"15m strongest: BEARISH score=-7 | below_ema200,ema_bear_stack,momentum_negative,trend_strength_bear,regime_range | weighted_score_neutral",C:\Users\GF\Documents\secret_project\cryto\logs\crypto_models_summary.csv
cd445a1c8b8c0d52692e,crypto,XRPUSD,2026-05-12 23:24:22,2026-05-12T16:24:23.178252+00:00,SIGNAL,NEUTRAL,WAIT,WAIT,0.08,0.75,1.42700,15m,,WAIT,1.43814,1.41134,,,,"15m strongest: BEARISH score=-7 | below_ema200,ema_bear_stack,momentum_negative,trend_strength_bear,regime_trend | weighted_score_neutral",C:\Users\GF\Documents\secret_project\cryto\logs\crypto_models_summary.csv
5c9a452692e14f41ed69,crypto,BTCUSD,2026-05-12 23:33:38,2026-05-12T16:33:38.785852+00:00,SIGNAL,NEUTRAL,WAIT,WAIT,-1.50,15.00,80212.39844,15m,,WAIT,80511.02675,79803.16705,,,,"15m strongest: BEARISH score=-7 | below_ema200,ema_bear_stack,momentum_negative,trend_strength_bear,regime_range | weighted_score_neutral",C:\Users\GF\Documents\secret_project\cryto\logs\crypto_models_summary.csv
96c4b44b01d9d63cab15,crypto,ETHUSD,2026-05-12 23:33:38,2026-05-12T16:33:38.785852+00:00,SIGNAL,BEARISH,BEARISH_WATCH,WATCH,-4.70,47.00,2264.39990,15m,,WAIT,2276.03370,2248.75445,,,,"15m strongest: BEARISH score=-7 | below_ema200,ema_bear_stack,momentum_negative,trend_strength_bear,regime_range | short_disabled_crypto_long_bias",C:\Users\GF\Documents\secret_project\cryto\logs\crypto_models_summary.csv
4fdfce539c11a2a9e98c,crypto,SOLUSD,2026-05-12 23:33:38,2026-05-12T16:33:38.785852+00:00,SIGNAL,NEUTRAL,WAIT,WAIT,0.88,8.75,94.04000,15m,,WAIT,94.81683,92.95244,,,,"15m strongest: BEARISH score=-7 | below_ema200,ema_bear_stack,momentum_negative,trend_strength_bear,regime_trend | weighted_score_neutral",C:\Users\GF\Documents\secret_project\cryto\logs\crypto_models_summary.csv
4a8edb65d340fba404ff,crypto,BNBUSD,2026-05-12 23:33:38,2026-05-12T16:33:38.785852+00:00,SIGNAL,NEUTRAL,WAIT,WAIT,0.88,8.75,653.09003,15m,,WAIT,655.94883,649.34401,,,,"15m strongest: BEARISH score=-7 | below_ema200,ema_bear_stack,momentum_negative,trend_strength_bear,regime_range | weighted_score_neutral",C:\Users\GF\Documents\secret_project\cryto\logs\crypto_models_summary.csv
b78fc702f251dcdaaaf6,crypto,XRPUSD,2026-05-12 23:33:38,2026-05-12T16:33:38.785852+00:00,SIGNAL,NEUTRAL,WAIT,WAIT,0.08,0.75,1.42650,15m,,WAIT,1.43709,1.41161,,,,"15m strongest: BEARISH score=-7 | below_ema200,ema_bear_stack,momentum_negative,trend_strength_bear,regime_trend | weighted_score_neutral",C:\Users\GF\Documents\secret_project\cryto\logs\crypto_models_summary.csv
49d22a5e2311b81be909,crypto,BTCUSD,2026-05-12 23:42:06,2026-05-12T16:42:06.693661+00:00,SIGNAL,NEUTRAL,WAIT,WAIT,-1.50,15.00,80231.68750,15m,,WAIT,80532.71824,79819.16390,,,,"15m strongest: BEARISH score=-7 | below_ema200,ema_bear_stack,momentum_negative,trend_strength_bear,regime_range | weighted_score_neutral",C:\Users\GF\Documents\secret_project\cryto\logs\crypto_models_summary.csv
17e66b485c172781eb93,crypto,ETHUSD,2026-05-12 23:42:06,2026-05-12T16:42:06.693661+00:00,SIGNAL,BEARISH,BEARISH_WATCH,WATCH,-4.90,49.00,2263.18994,15m,,WAIT,2274.94906,2247.37595,,,,"15m strongest: BEARISH score=-7 | below_ema200,ema_bear_stack,momentum_negative,trend_strength_bear,regime_range | short_disabled_crypto_long_bias",C:\Users\GF\Documents\secret_project\cryto\logs\crypto_models_summary.csv
0e65d94bab87e1360015,crypto,SOLUSD,2026-05-12 23:42:06,2026-05-12T16:42:06.693661+00:00,SIGNAL,NEUTRAL,WAIT,WAIT,0.88,8.75,93.96000,15m,,WAIT,94.74683,92.85843,,,,"15m strongest: BEARISH score=-7 | below_ema200,ema_bear_stack,momentum_negative,trend_strength_bear,regime_trend | weighted_score_neutral",C:\Users\GF\Documents\secret_project\cryto\logs\crypto_models_summary.csv
1189b82a84dba15a0516,crypto,BNBUSD,2026-05-12 23:42:06,2026-05-12T16:42:06.693661+00:00,SIGNAL,NEUTRAL,WAIT,WAIT,0.88,8.75,652.57001,15m,,WAIT,655.51271,648.71405,,,,"15m strongest: BEARISH score=-7 | below_ema200,ema_bear_stack,momentum_negative,trend_strength_bear,regime_range | weighted_score_neutral",C:\Users\GF\Documents\secret_project\cryto\logs\crypto_models_summary.csv
e73baf093c8c6763970a,crypto,XRPUSD,2026-05-12 23:42:06,2026-05-12T16:42:06.693661+00:00,SIGNAL,NEUTRAL,WAIT,WAIT,0.22,2.25,1.42560,15m,,WAIT,1.43646,1.41034,,,,"15m strongest: BEARISH score=-5 | below_ema200,ema_bear_stack,momentum_negative,trend_strength_bear,rsi_short_too_cold,regime_trend | weighted_score_neutral",C:\Users\GF\Documents\secret_project\cryto\logs\crypto_models_summary.csv
b6b8caa35f0653a756dc,crypto,BTCUSD,2026-05-13 09:24:58,2026-05-13T02:24:58.767715+00:00,SIGNAL,NEUTRAL,WAIT,WAIT,2.89,28.92,81204.15625,1h,,WAIT,80717.61981,81870.89138,,,,"1h strongest: BULLISH score=5 | above_ema200,momentum_positive,trend_strength_bull,regime_range | weighted_score_neutral",C:\Users\GF\Documents\secret_project\cryto\logs\crypto_models_summary.csv
af16ebc781c9d3f5be88,crypto,ETHUSD,2026-05-13 09:24:58,2026-05-13T02:24:58.767715+00:00,SIGNAL,NEUTRAL,WAIT,WAIT,-1.78,17.75,2296.58008,1h,,WAIT,nan,nan,,,,"1h strongest: NEUTRAL score=-3 | below_ema200,ema_bear_stack,momentum_positive,trend_strength_bear,regime_trend | weighted_score_neutral",C:\Users\GF\Documents\secret_project\cryto\logs\crypto_models_summary.csv
e93b85a96543f4013bed,crypto,SOLUSD,2026-05-13 09:24:58,2026-05-13T02:24:58.767715+00:00,SIGNAL,NEUTRAL,WAIT,WAIT,1.95,19.50,95.46000,1h,,WAIT,94.25513,97.14682,,,,"1h strongest: BULLISH score=4 | above_ema200,momentum_positive,regime_range | weighted_score_neutral",C:\Users\GF\Documents\secret_project\cryto\logs\crypto_models_summary.csv
0b77d677a5bd7d30b863,crypto,BNBUSD,2026-05-13 09:24:58,2026-05-13T02:24:58.767715+00:00,SIGNAL,NEUTRAL,WAIT,WAIT,3.04,30.42,680.32001,15m,,WAIT,677.14117,684.48539,,,,"15m strongest: BULLISH score=5 | above_ema200,ema_bull_stack,momentum_positive,trend_strength_bull,rsi_long_too_hot,regime_trend | weighted_score_neutral",C:\Users\GF\Documents\secret_project\cryto\logs\crypto_models_summary.csv
fd2c86a3be3d1a443c1b,crypto,XRPUSD,2026-05-13 09:24:58,2026-05-13T02:24:58.767715+00:00,SIGNAL,NEUTRAL,WAIT,WAIT,2.02,20.25,1.45280,1h,,WAIT,1.43562,1.47694,,,,"1h strongest: BULLISH score=4 | above_ema200,momentum_positive,regime_range | weighted_score_neutral",C:\Users\GF\Documents\secret_project\cryto\logs\crypto_models_summary.csv
f2040168453938e6bf9e,crypto,BTCUSD,2026-05-13 09:46:42,2026-05-13T02:46:42.640883+00:00,SIGNAL,NEUTRAL,WAIT,WAIT,3.65,36.50,81044.60156,15m,,WAIT,80808.43273,81368.24034,,,,"15m strongest: BULLISH score=6 | above_ema200,momentum_positive,trend_strength_bull,volume_confirmation,regime_range | weighted_score_neutral",C:\Users\GF\Documents\secret_project\cryto\logs\crypto_models_summary.csv
bfff16f3d55322a61293,crypto,ETHUSD,2026-05-13 09:46:42,2026-05-13T02:46:42.640883+00:00,SIGNAL,NEUTRAL,WAIT,WAIT,-1.78,17.75,2294.63989,1h,,WAIT,nan,nan,,,,"1h strongest: NEUTRAL score=-3 | below_ema200,ema_bear_stack,momentum_positive,trend_strength_bear,regime_trend | weighted_score_neutral",C:\Users\GF\Documents\secret_project\cryto\logs\crypto_models_summary.csv
bfaec289791b29454466,crypto,SOLUSD,2026-05-13 09:46:42,2026-05-13T02:46:42.640883+00:00,SIGNAL,NEUTRAL,WAIT,WAIT,2.10,21.00,95.26000,15m,,WAIT,94.74585,95.97982,,,,"15m strongest: BULLISH score=4 | above_ema200,momentum_positive,regime_range | weighted_score_neutral",C:\Users\GF\Documents\secret_project\cryto\logs\crypto_models_summary.csv
177b62cd752137db774e,crypto,BNBUSD,2026-05-13 09:46:42,2026-05-13T02:46:42.640883+00:00,SIGNAL,NEUTRAL,WAIT,WAIT,3.24,32.42,679.90002,1h,,WAIT,673.81885,687.86846,,,,"1h strongest: BULLISH score=6 | above_ema200,ema_bull_stack,momentum_positive,volume_confirmation,rsi_long_too_hot,breakout_regime,regime_breakout | weighted_score_neutral",C:\Users\GF\Documents\secret_project\cryto\logs\crypto_models_summary.csv
966ab5dd673edfb3750c,crypto,XRPUSD,2026-05-13 09:46:42,2026-05-13T02:46:42.640883+00:00,SIGNAL,NEUTRAL,WAIT,WAIT,1.80,18.00,1.44790,1h,,WAIT,1.43064,1.47216,,,,"1h strongest: BULLISH score=4 | above_ema200,momentum_positive,regime_range | weighted_score_neutral",C:\Users\GF\Documents\secret_project\cryto\logs\crypto_models_summary.csv
e2529d66f3ee50abf33f,crypto,BTCUSD,2026-05-13 10:01:11,2026-05-13T03:01:15.034607+00:00,SIGNAL,NEUTRAL,WAIT,WAIT,3.57,35.75,81022.49219,1h,,WAIT,80530.57081,81696.60667,,,,"1h strongest: BULLISH score=6 | above_ema200,momentum_positive,trend_strength_bull,volume_confirmation,regime_range | weighted_score_neutral",C:\Users\GF\Documents\secret_project\cryto\logs\crypto_models_summary.csv
f77a14c37f0e1a6cebac,crypto,ETHUSD,2026-05-13 10:01:11,2026-05-13T03:01:15.034607+00:00,SIGNAL,NEUTRAL,WAIT,WAIT,-1.78,17.75,2293.48999,1h,,WAIT,nan,nan,,,,"1h strongest: NEUTRAL score=-3 | below_ema200,ema_bear_stack,momentum_positive,trend_strength_bear,regime_trend | weighted_score_neutral",C:\Users\GF\Documents\secret_project\cryto\logs\crypto_models_summary.csv
ff4e0046a76463f88594,crypto,SOLUSD,2026-05-13 10:01:11,2026-05-13T03:01:15.034607+00:00,SIGNAL,NEUTRAL,WAIT,WAIT,2.10,21.00,95.19000,15m,,WAIT,94.68784,95.89303,,,,"15m strongest: BULLISH score=4 | above_ema200,momentum_positive,regime_range | weighted_score_neutral",C:\Users\GF\Documents\secret_project\cryto\logs\crypto_models_summary.csv
7f5bba777c04f9bed543,crypto,BNBUSD,2026-05-13 10:01:11,2026-05-13T03:01:15.034607+00:00,SIGNAL,NEUTRAL,WAIT,WAIT,3.04,30.42,680.15002,15m,,WAIT,677.25033,683.94962,,,,"15m strongest: BULLISH score=5 | above_ema200,ema_bull_stack,momentum_positive,trend_strength_bull,rsi_long_too_hot,regime_trend | weighted_score_neutral",C:\Users\GF\Documents\secret_project\cryto\logs\crypto_models_summary.csv
b08a5eab0555c4d449d0,crypto,XRPUSD,2026-05-13 10:01:11,2026-05-13T03:01:15.034607+00:00,SIGNAL,NEUTRAL,WAIT,WAIT,1.80,18.00,1.44790,1h,,WAIT,1.43188,1.47041,,,,"1h strongest: BULLISH score=4 | above_ema200,momentum_positive,regime_range | weighted_score_neutral",C:\Users\GF\Documents\secret_project\cryto\logs\crypto_models_summary.csv
69f630302f166ca87386,crypto,BTCUSD,2026-05-13 10:17:31,2026-05-13T03:17:31.710491+00:00,SIGNAL,NEUTRAL,WAIT,WAIT,3.38,33.75,80996.29688,4h,,WAIT,80051.67025,82290.78521,,,,"4h strongest: BULLISH score=6 | above_ema200,ema_bull_stack,trend_strength_bull,volume_confirmation,regime_trend | weighted_score_neutral",C:\Users\GF\Documents\secret_project\cryto\logs\crypto_models_summary.csv
061ebe4de8799fd31d6b,crypto,ETHUSD,2026-05-13 10:17:31,2026-05-13T03:17:31.710491+00:00,SIGNAL,NEUTRAL,WAIT,WAIT,-1.78,17.75,2293.78003,1h,,WAIT,nan,nan,,,,"1h strongest: NEUTRAL score=-3 | below_ema200,ema_bear_stack,momentum_positive,trend_strength_bear,regime_trend | weighted_score_neutral",C:\Users\GF\Documents\secret_project\cryto\logs\crypto_models_summary.csv
26ccd8e178ce6c46d6d1,crypto,SOLUSD,2026-05-13 10:17:31,2026-05-13T03:17:31.710491+00:00,SIGNAL,NEUTRAL,WAIT,WAIT,1.80,18.00,95.14000,1h,,WAIT,93.99164,96.74771,,,,"1h strongest: BULLISH score=4 | above_ema200,momentum_positive,regime_range | weighted_score_neutral",C:\Users\GF\Documents\secret_project\cryto\logs\crypto_models_summary.csv
d00190309001261cd823,crypto,BNBUSD,2026-05-13 10:17:31,2026-05-13T03:17:31.710491+00:00,SIGNAL,NEUTRAL,WAIT,WAIT,3.57,35.75,682.21002,1h,,WAIT,676.24354,690.02818,,,,"1h strongest: BULLISH score=6 | above_ema200,ema_bull_stack,momentum_positive,trend_strength_bull,volume_confirmation,rsi_long_too_hot,regime_trend | weighted_score_neutral",C:\Users\GF\Documents\secret_project\cryto\logs\crypto_models_summary.csv
e2f8829249c10a3b0cc4,crypto,XRPUSD,2026-05-13 10:17:31,2026-05-13T03:17:31.710491+00:00,SIGNAL,NEUTRAL,WAIT,WAIT,1.80,18.00,1.44800,1h,,WAIT,1.43167,1.47095,,,,"1h strongest: BULLISH score=4 | above_ema200,momentum_positive,regime_range | weighted_score_neutral",C:\Users\GF\Documents\secret_project\cryto\logs\crypto_models_summary.csv
00e4ed921234fc3d49e2,crypto,BTCUSD,2026-05-13 10:29:26,2026-05-13T03:29:26.915580+00:00,SIGNAL,NEUTRAL,WAIT,WAIT,3.38,33.75,81056.32812,4h,,WAIT,80111.70150,82350.81646,,,,"4h strongest: BULLISH score=6 | above_ema200,ema_bull_stack,trend_strength_bull,volume_confirmation,regime_trend | weighted_score_neutral",C:\Users\GF\Documents\secret_project\cryto\logs\crypto_models_summary.csv
23e139da04f0c811c691,crypto,ETHUSD,2026-05-13 10:29:26,2026-05-13T03:29:26.915580+00:00,SIGNAL,NEUTRAL,WAIT,WAIT,-1.78,17.75,2297.43994,1h,,WAIT,nan,nan,,,,"1h strongest: NEUTRAL score=-3 | below_ema200,ema_bear_stack,momentum_positive,trend_strength_bear,regime_trend | weighted_score_neutral",C:\Users\GF\Documents\secret_project\cryto\logs\crypto_models_summary.csv
dff22bbbe300c1da9892,crypto,SOLUSD,2026-05-13 10:29:26,2026-05-13T03:29:26.915580+00:00,SIGNAL,NEUTRAL,WAIT,WAIT,2.10,21.00,95.24000,15m,,WAIT,94.73379,95.94868,,,,"15m strongest: BULLISH score=4 | above_ema200,momentum_positive,regime_range | weighted_score_neutral",C:\Users\GF\Documents\secret_project\cryto\logs\crypto_models_summary.csv
0616cfbadff7d94ca95d,crypto,BNBUSD,2026-05-13 10:29:26,2026-05-13T03:29:26.915580+00:00,SIGNAL,NEUTRAL,WAIT,WAIT,3.65,36.50,680.58002,15m,,WAIT,677.45025,684.68110,,,,"15m strongest: BULLISH score=6 | above_ema200,ema_bull_stack,momentum_positive,trend_strength_bull,volume_confirmation,rsi_long_too_hot,regime_trend | weighted_score_neutral",C:\Users\GF\Documents\secret_project\cryto\logs\crypto_models_summary.csv
8b6146b7af2d41c690af,crypto,XRPUSD,2026-05-13 10:29:26,2026-05-13T03:29:26.915580+00:00,SIGNAL,NEUTRAL,WAIT,WAIT,2.25,22.50,1.44970,15m,,WAIT,1.44314,1.45892,,,,"15m strongest: BULLISH score=6 | above_ema200,momentum_positive,trend_strength_bull,volume_confirmation,regime_range | weighted_score_neutral",C:\Users\GF\Documents\secret_project\cryto\logs\crypto_models_summary.csv
171e21990cd108e14cd6,crypto,BNBUSD,2026-05-13 10:56:45,2026-05-13T03:56:45.749016+00:00,SIGNAL,NEUTRAL,WAIT,WAIT,3.65,36.50,679.90002,15m,,WAIT,677.05546,683.62738,,,,"15m strongest: BULLISH score=6 | above_ema200,ema_bull_stack,momentum_positive,trend_strength_bull,volume_confirmation,rsi_long_too_hot,regime_trend | weighted_score_neutral",C:\Users\GF\Documents\secret_project\cryto\logs\crypto_models_summary.csv
6289d28d7258a592f25f,crypto,XRPUSD,2026-05-13 10:56:45,2026-05-13T03:56:45.749016+00:00,SIGNAL,NEUTRAL,WAIT,WAIT,2.02,20.25,1.45230,1h,,WAIT,1.43587,1.47540,,,,"1h strongest: BULLISH score=4 | above_ema200,momentum_positive,regime_range | weighted_score_neutral",C:\Users\GF\Documents\secret_project\cryto\logs\crypto_models_summary.csv
5844558b48266d064208,crypto,BTCUSD,2026-05-13 11:26:18,2026-05-13T04:26:18.478966+00:00,SIGNAL,NEUTRAL,WAIT,WAIT,3.04,30.42,81180.54688,15m,,WAIT,80986.62639,81446.28977,,,,"15m strongest: BULLISH score=5 | above_ema200,momentum_positive,trend_strength_bull,regime_range | weighted_score_neutral",C:\Users\GF\Documents\secret_project\cryto\logs\crypto_models_summary.csv
e8452c36da69631bc86e,crypto,ETHUSD,2026-05-13 11:26:18,2026-05-13T04:26:18.478966+00:00,SIGNAL,NEUTRAL,WAIT,WAIT,-1.78,17.75,2300.79004,1h,,WAIT,nan,nan,,,,"1h strongest: NEUTRAL score=-3 | below_ema200,ema_bear_stack,momentum_positive,trend_strength_bear,regime_trend | weighted_score_neutral",C:\Users\GF\Documents\secret_project\cryto\logs\crypto_models_summary.csv
4fda197ea38ad7106cc6,crypto,SOLUSD,2026-05-13 11:26:18,2026-05-13T04:26:18.478966+00:00,SIGNAL,NEUTRAL,WAIT,WAIT,2.77,27.67,95.72000,4h,,WAIT,93.14484,99.32522,,,,"4h strongest: BULLISH score=5 | above_ema200,ema_bull_stack,trend_strength_bull,regime_trend | weighted_score_neutral",C:\Users\GF\Documents\secret_project\cryto\logs\crypto_models_summary.csv
00abb8050307b68fcacd,crypto,BNBUSD,2026-05-13 11:26:18,2026-05-13T04:26:18.478966+00:00,SIGNAL,NEUTRAL,WAIT,WAIT,3.57,35.75,678.14001,1h,,WAIT,672.12189,686.02584,,,,"1h strongest: BULLISH score=6 | above_ema200,ema_bull_stack,momentum_positive,trend_strength_bull,volume_confirmation,rsi_long_too_hot,regime_trend | weighted_score_neutral",C:\Users\GF\Documents\secret_project\cryto\logs\crypto_models_summary.csv
8abf459e25e174da9acf,crypto,XRPUSD,2026-05-13 11:26:18,2026-05-13T04:26:18.478966+00:00,SIGNAL,NEUTRAL,WAIT,WAIT,2.18,21.75,1.45060,15m,,WAIT,1.44445,1.45924,,,,"15m strongest: BULLISH score=5 | above_ema200,momentum_positive,trend_strength_bull,regime_range | weighted_score_neutral",C:\Users\GF\Documents\secret_project\cryto\logs\crypto_models_summary.csv
04327ee7f4e03f83195c,crypto,BTCUSD,2026-05-13 11:40:58,2026-05-13T04:40:58.863212+00:00,SIGNAL,NEUTRAL,WAIT,WAIT,3.04,30.42,81196.00000,15m,,WAIT,81006.52618,81455.64931,,,,"15m strongest: BULLISH score=5 | above_ema200,momentum_positive,trend_strength_bull,regime_range | weighted_score_neutral",C:\Users\GF\Documents\secret_project\cryto\logs\crypto_models_summary.csv
1fc0183fb7228a1a0f15,crypto,ETHUSD,2026-05-13 11:40:58,2026-05-13T04:40:58.864202+00:00,SIGNAL,NEUTRAL,WAIT,WAIT,-1.55,15.50,2305.16992,15m,,WAIT,nan,nan,,,,"15m strongest: NEUTRAL score=3 | above_ema200,momentum_positive,trend_strength_bull,rsi_long_too_hot,regime_range | weighted_score_neutral",C:\Users\GF\Documents\secret_project\cryto\logs\crypto_models_summary.csv
2c62b7588c14c0cb07a5,crypto,SOLUSD,2026-05-13 11:40:58,2026-05-13T04:40:58.864202+00:00,SIGNAL,NEUTRAL,WAIT,WAIT,2.45,24.50,95.59000,15m,,WAIT,95.11145,96.25996,,,,"15m strongest: BULLISH score=6 | above_ema200,momentum_positive,trend_strength_bull,volume_confirmation,regime_range | weighted_score_neutral",C:\Users\GF\Documents\secret_project\cryto\logs\crypto_models_summary.csv
9ba5e4ee6cb1eb65b519,crypto,BNBUSD,2026-05-13 11:40:58,2026-05-13T04:40:58.864202+00:00,SIGNAL,NEUTRAL,WAIT,WAIT,3.57,35.75,678.92999,1h,,WAIT,672.91187,686.81581,,,,"1h strongest: BULLISH score=6 | above_ema200,ema_bull_stack,momentum_positive,trend_strength_bull,volume_confirmation,rsi_long_too_hot,regime_trend | weighted_score_neutral",C:\Users\GF\Documents\secret_project\cryto\logs\crypto_models_summary.csv
9b9fc7aec511d30df3b8,crypto,BTCUSD,2026-05-13 11:56:57,2026-05-13T04:56:57.911238+00:00,SIGNAL,NEUTRAL,WAIT,WAIT,3.24,32.42,81229.64062,1h,,WAIT,80767.85560,81862.45714,,,,"1h strongest: BULLISH score=6 | above_ema200,momentum_positive,trend_strength_bull,volume_confirmation,regime_range | weighted_score_neutral",C:\Users\GF\Documents\secret_project\cryto\logs\crypto_models_summary.csv
e92be02cb5177e41b29b,crypto,ETHUSD,2026-05-13 11:56:57,2026-05-13T04:56:57.911238+00:00,SIGNAL,NEUTRAL,WAIT,WAIT,-1.55,15.50,2307.33008,15m,,WAIT,nan,nan,,,,"15m strongest: NEUTRAL score=3 | above_ema200,momentum_positive,trend_strength_bull,rsi_long_too_hot,regime_range | weighted_score_neutral",C:\Users\GF\Documents\secret_project\cryto\logs\crypto_models_summary.csv
46640daaf390deb9a6f2,crypto,SOLUSD,2026-05-13 11:56:57,2026-05-13T04:56:57.911238+00:00,SIGNAL,NEUTRAL,WAIT,WAIT,2.45,24.50,95.57000,15m,,WAIT,95.09734,96.23173,,,,"15m strongest: BULLISH score=6 | above_ema200,momentum_positive,trend_strength_bull,volume_confirmation,regime_range | weighted_score_neutral",C:\Users\GF\Documents\secret_project\cryto\logs\crypto_models_summary.csv
fed908aef6d69ccda0ce,crypto,BNBUSD,2026-05-13 11:56:57,2026-05-13T04:56:57.911238+00:00,SIGNAL,NEUTRAL,WAIT,WAIT,3.42,34.25,679.70001,1h,,WAIT,673.68189,687.58583,,,,"1h strongest: BULLISH score=6 | above_ema200,ema_bull_stack,momentum_positive,trend_strength_bull,volume_confirmation,rsi_long_too_hot,regime_trend | weighted_score_neutral",C:\Users\GF\Documents\secret_project\cryto\logs\crypto_models_summary.csv
54dcc641d68f0c6ea5e8,crypto,XRPUSD,2026-05-13 11:56:57,2026-05-13T04:56:57.911238+00:00,SIGNAL,NEUTRAL,WAIT,WAIT,3.17,31.67,1.46230,1h,,WAIT,1.44532,1.48616,,,,"1h strongest: BULLISH score=6 | above_ema200,momentum_positive,volume_confirmation,breakout_regime,regime_breakout | weighted_score_neutral",C:\Users\GF\Documents\secret_project\cryto\logs\crypto_models_summary.csv
5a51494396612609d5c1,crypto,BTCUSD,2026-05-13 12:06:48,2026-05-13T05:06:49.127161+00:00,SIGNAL,NEUTRAL,WAIT,WAIT,3.19,31.92,81191.11719,15m,,WAIT,81015.15305,81432.25323,,,,"15m strongest: BULLISH score=7 | above_ema200,ema_bull_stack,momentum_positive,trend_strength_bull,regime_range | weighted_score_neutral",C:\Users\GF\Documents\secret_project\cryto\logs\crypto_models_summary.csv
4550bc0c0dfa40bfb8ca,crypto,ETHUSD,2026-05-13 12:06:48,2026-05-13T05:06:49.127161+00:00,SIGNAL,NEUTRAL,WAIT,WAIT,-1.55,15.50,2306.16992,15m,,WAIT,nan,nan,,,,"15m strongest: NEUTRAL score=3 | above_ema200,momentum_positive,trend_strength_bull,rsi_long_too_hot,regime_range | weighted_score_neutral",C:\Users\GF\Documents\secret_project\cryto\logs\crypto_models_summary.csv
e6123765b907545bc789,crypto,SOLUSD,2026-05-13 12:06:48,2026-05-13T05:06:49.127161+00:00,SIGNAL,NEUTRAL,WAIT,WAIT,2.25,22.50,95.38000,15m,,WAIT,94.92243,96.02059,,,,"15m strongest: BULLISH score=6 | above_ema200,momentum_positive,trend_strength_bull,volume_confirmation,regime_range | weighted_score_neutral",C:\Users\GF\Documents\secret_project\cryto\logs\crypto_models_summary.csv
361e3212c68033d8ebf1,crypto,BNBUSD,2026-05-13 12:06:48,2026-05-13T05:06:49.127161+00:00,SIGNAL,NEUTRAL,WAIT,WAIT,3.23,32.25,680.40002,4h,,WAIT,669.18688,695.09311,,,,"4h strongest: BULLISH score=6 | above_ema200,ema_bull_stack,momentum_positive,trend_strength_bull,volume_confirmation,rsi_long_too_hot,regime_trend | weighted_score_neutral",C:\Users\GF\Documents\secret_project\cryto\logs\crypto_models_summary.csv
636f8a44a11d1ae5bfec,crypto,XRPUSD,2026-05-13 12:06:48,2026-05-13T05:06:49.127161+00:00,SIGNAL,NEUTRAL,WAIT,WAIT,2.77,27.67,1.46120,4h,,WAIT,1.42422,1.51317,,,,"4h strongest: BULLISH score=5 | above_ema200,ema_bull_stack,trend_strength_bull,regime_trend | weighted_score_neutral",C:\Users\GF\Documents\secret_project\cryto\logs\crypto_models_summary.csv
e6c13b172d2501a9680a,crypto,ETHUSD,2026-05-13 12:22:12,2026-05-13T05:22:12.365201+00:00,SIGNAL,NEUTRAL,WAIT,WAIT,-1.78,17.75,2301.36011,1h,,WAIT,nan,nan,,,,"1h strongest: NEUTRAL score=-3 | below_ema200,ema_bear_stack,momentum_positive,trend_strength_bear,regime_trend | weighted_score_neutral",C:\Users\GF\Documents\secret_project\cryto\logs\crypto_models_summary.csv
42b61b6845f43117ce44,crypto,SOLUSD,2026-05-13 12:22:12,2026-05-13T05:22:12.365201+00:00,SIGNAL,NEUTRAL,WAIT,WAIT,1.78,17.75,95.41000,15m,,WAIT,94.93209,96.07909,,,,"15m strongest: BULLISH score=5 | above_ema200,momentum_positive,trend_strength_bull,regime_range | weighted_score_neutral",C:\Users\GF\Documents\secret_project\cryto\logs\crypto_models_summary.csv
93baa6abf57c906b1b43,crypto,BNBUSD,2026-05-13 12:22:12,2026-05-13T05:22:12.365201+00:00,SIGNAL,NEUTRAL,WAIT,WAIT,3.57,35.75,679.29999,1h,,WAIT,673.48387,686.92111,,,,"1h strongest: BULLISH score=6 | above_ema200,ema_bull_stack,momentum_positive,trend_strength_bull,volume_confirmation,rsi_long_too_hot,regime_trend | weighted_score_neutral",C:\Users\GF\Documents\secret_project\cryto\logs\crypto_models_summary.csv
17a1f3e07a6b77304dce,crypto,XRPUSD,2026-05-13 12:22:12,2026-05-13T05:22:12.365201+00:00,SIGNAL,NEUTRAL,WAIT,WAIT,2.97,29.67,1.45850,1h,,WAIT,1.44175,1.48205,,,,"1h strongest: BULLISH score=5 | above_ema200,momentum_positive,volume_confirmation,regime_range | weighted_score_neutral",C:\Users\GF\Documents\secret_project\cryto\logs\crypto_models_summary.csv
b48f9d721402f4a2cfd0,crypto,BTCUSD,2026-05-13 12:26:51,2026-05-13T05:26:51.580624+00:00,SIGNAL,NEUTRAL,WAIT,WAIT,3.04,30.42,81112.20312,15m,,WAIT,80940.69736,81347.22954,,,,"15m strongest: BULLISH score=5 | above_ema200,ema_bull_stack,trend_strength_bull,regime_range | weighted_score_neutral",C:\Users\GF\Documents\secret_project\cryto\logs\crypto_models_summary.csv
3fbc017372596efe16c7,crypto,ETHUSD,2026-05-13 12:26:51,2026-05-13T05:26:51.580624+00:00,SIGNAL,NEUTRAL,WAIT,WAIT,-1.78,17.75,2301.69995,1h,,WAIT,nan,nan,,,,"1h strongest: NEUTRAL score=-3 | below_ema200,ema_bear_stack,momentum_positive,trend_strength_bear,regime_trend | weighted_score_neutral",C:\Users\GF\Documents\secret_project\cryto\logs\crypto_models_summary.csv
53f44dacfb2433776b54,crypto,SOLUSD,2026-05-13 12:26:51,2026-05-13T05:26:51.580624+00:00,SIGNAL,NEUTRAL,WAIT,WAIT,1.62,16.25,95.40000,15m,,WAIT,nan,nan,,,,"15m strongest: NEUTRAL score=3 | above_ema200,trend_strength_bull,regime_range | weighted_score_neutral",C:\Users\GF\Documents\secret_project\cryto\logs\crypto_models_summary.csv
8626085a153bb4820f0e,crypto,XRPUSD,2026-05-13 12:26:51,2026-05-13T05:26:51.581219+00:00,SIGNAL,NEUTRAL,WAIT,WAIT,2.97,29.67,1.45880,1h,,WAIT,1.44205,1.48235,,,,"1h strongest: BULLISH score=5 | above_ema200,momentum_positive,volume_confirmation,regime_range | weighted_score_neutral",C:\Users\GF\Documents\secret_project\cryto\logs\crypto_models_summary.csv
4c1b603df134c7bc66bd,crypto,BTCUSD,2026-05-13 12:37:15,2026-05-13T05:37:15.868117+00:00,SIGNAL,NEUTRAL,WAIT,WAIT,3.65,36.50,81053.59375,15m,,WAIT,80891.58345,81275.60787,,,,"15m strongest: BULLISH score=6 | above_ema200,ema_bull_stack,trend_strength_bull,volume_confirmation,regime_range | weighted_score_neutral",C:\Users\GF\Documents\secret_project\cryto\logs\crypto_models_summary.csv
a7a085c5f69ebc0c3a5b,crypto,ETHUSD,2026-05-13 12:37:15,2026-05-13T05:37:15.868117+00:00,SIGNAL,NEUTRAL,WAIT,WAIT,-1.78,17.75,2298.89990,1h,,WAIT,nan,nan,,,,"1h strongest: NEUTRAL score=-3 | below_ema200,ema_bear_stack,momentum_positive,trend_strength_bear,regime_trend | weighted_score_neutral",C:\Users\GF\Documents\secret_project\cryto\logs\crypto_models_summary.csv
76ce4703e6f09a9f54f7,crypto,SOLUSD,2026-05-13 12:37:15,2026-05-13T05:37:15.868117+00:00,SIGNAL,NEUTRAL,WAIT,WAIT,1.62,16.25,95.27000,15m,,WAIT,nan,nan,,,,"15m strongest: NEUTRAL score=3 | above_ema200,trend_strength_bull,regime_range | weighted_score_neutral",C:\Users\GF\Documents\secret_project\cryto\logs\crypto_models_summary.csv
c46c4e513d3b153a6ba5,crypto,BNBUSD,2026-05-13 12:37:15,2026-05-13T05:37:15.868117+00:00,SIGNAL,NEUTRAL,WAIT,WAIT,3.42,34.25,679.20001,1h,,WAIT,673.37872,686.82792,,,,"1h strongest: BULLISH score=6 | above_ema200,ema_bull_stack,momentum_positive,trend_strength_bull,volume_confirmation,rsi_long_too_hot,regime_trend | weighted_score_neutral",C:\Users\GF\Documents\secret_project\cryto\logs\crypto_models_summary.csv
badd34ec093610ff2739,crypto,XRPUSD,2026-05-13 12:37:15,2026-05-13T05:37:15.868117+00:00,SIGNAL,NEUTRAL,WAIT,WAIT,3.04,30.42,1.45650,15m,,WAIT,1.44967,1.46610,,,,"15m strongest: BULLISH score=5 | above_ema200,momentum_positive,trend_strength_bull,regime_range | weighted_score_neutral",C:\Users\GF\Documents\secret_project\cryto\logs\crypto_models_summary.csv
6ad9b69bcd72c5e70af8,crypto,BTCUSD,2026-05-13 12:49:48,2026-05-13T05:49:48.563836+00:00,SIGNAL,NEUTRAL,WAIT,WAIT,3.42,34.25,81021.13281,1h,,WAIT,80569.38243,81640.19815,,,,"1h strongest: BULLISH score=6 | above_ema200,momentum_positive,trend_strength_bull,volume_confirmation,regime_range | weighted_score_neutral",C:\Users\GF\Documents\secret_project\cryto\logs\crypto_models_summary.csv
00f33bb821056c91c4b6,crypto,ETHUSD,2026-05-13 12:49:48,2026-05-13T05:49:48.563836+00:00,SIGNAL,NEUTRAL,WAIT,WAIT,-2.00,20.00,2297.91992,15m,,WAIT,nan,nan,,,,"15m strongest: NEUTRAL score=-3 | below_ema200,trend_strength_bear,regime_range | weighted_score_neutral",C:\Users\GF\Documents\secret_project\cryto\logs\crypto_models_summary.csv
d7782b000fb919baa7ca,crypto,SOLUSD,2026-05-13 12:49:48,2026-05-13T05:49:48.563836+00:00,SIGNAL,NEUTRAL,WAIT,WAIT,1.40,14.00,95.21000,4h,,WAIT,nan,nan,,,,"4h strongest: NEUTRAL score=3 | above_ema200,ema_bull_stack,momentum_negative,trend_strength_bull,regime_trend | weighted_score_neutral",C:\Users\GF\Documents\secret_project\cryto\logs\crypto_models_summary.csv
c3eaa533f141a252e4fb,crypto,BNBUSD,2026-05-13 12:49:48,2026-05-13T05:49:48.563836+00:00,SIGNAL,NEUTRAL,WAIT,WAIT,3.42,34.25,678.00000,1h,,WAIT,672.06626,685.77524,,,,"1h strongest: BULLISH score=6 | above_ema200,ema_bull_stack,momentum_positive,trend_strength_bull,volume_confirmation,rsi_long_too_hot,regime_trend | weighted_score_neutral",C:\Users\GF\Documents\secret_project\cryto\logs\crypto_models_summary.csv
002dec856c06bd30a448,crypto,XRPUSD,2026-05-13 12:49:48,2026-05-13T05:49:48.563836+00:00,SIGNAL,NEUTRAL,WAIT,WAIT,3.04,30.42,1.45650,15m,,WAIT,1.44960,1.46620,,,,"15m strongest: BULLISH score=5 | above_ema200,momentum_positive,trend_strength_bull,regime_range | weighted_score_neutral",C:\Users\GF\Documents\secret_project\cryto\logs\crypto_models_summary.csv
28e553e13af3e0f79191,crypto,BTCUSD,2026-05-13 13:01:45,2026-05-13T06:01:45.455183+00:00,SIGNAL,NEUTRAL,WAIT,WAIT,2.71,27.08,80996.75781,15m,,WAIT,80842.36699,81208.33042,,,,"15m strongest: BULLISH score=5 | above_ema200,ema_bull_stack,trend_strength_bull,regime_range | weighted_score_neutral",C:\Users\GF\Documents\secret_project\cryto\logs\crypto_models_summary.csv
43e6819b0a2e629388bc,crypto,ETHUSD,2026-05-13 13:01:45,2026-05-13T06:01:45.455183+00:00,SIGNAL,NEUTRAL,WAIT,WAIT,-2.00,20.00,2297.84009,15m,,WAIT,nan,nan,,,,"15m strongest: NEUTRAL score=-3 | below_ema200,trend_strength_bear,regime_range | weighted_score_neutral",C:\Users\GF\Documents\secret_project\cryto\logs\crypto_models_summary.csv
ca6e2ec0d4ff7fdade58,crypto,SOLUSD,2026-05-13 13:01:45,2026-05-13T06:01:45.455183+00:00,SIGNAL,NEUTRAL,WAIT,WAIT,1.62,16.25,95.22000,15m,,WAIT,nan,nan,,,,"15m strongest: NEUTRAL score=3 | above_ema200,trend_strength_bull,regime_range | weighted_score_neutral",C:\Users\GF\Documents\secret_project\cryto\logs\crypto_models_summary.csv
c6826ddf005214fa34e3,crypto,BNBUSD,2026-05-13 13:01:45,2026-05-13T06:01:45.455183+00:00,SIGNAL,NEUTRAL,WAIT,WAIT,2.89,28.92,678.16998,1h,,WAIT,672.66009,685.38985,,,,"1h strongest: BULLISH score=5 | above_ema200,ema_bull_stack,momentum_positive,trend_strength_bull,rsi_long_too_hot,regime_trend | weighted_score_neutral",C:\Users\GF\Documents\secret_project\cryto\logs\crypto_models_summary.csv
a91d8e3f83d979c7a830,crypto,XRPUSD,2026-05-13 13:01:45,2026-05-13T06:01:45.455183+00:00,SIGNAL,NEUTRAL,WAIT,WAIT,2.69,26.92,1.45400,4h,,WAIT,1.41936,1.50268,,,,"4h strongest: BULLISH score=5 | above_ema200,ema_bull_stack,trend_strength_bull,regime_trend | weighted_score_neutral",C:\Users\GF\Documents\secret_project\cryto\logs\crypto_models_summary.csv
999e3b477290bd8242f4,crypto,BTCUSD,2026-05-13 13:14:07,2026-05-13T06:14:07.400313+00:00,SIGNAL,NEUTRAL,WAIT,WAIT,2.71,27.08,81069.07812,15m,,WAIT,80905.50474,81293.23424,,,,"15m strongest: BULLISH score=5 | above_ema200,ema_bull_stack,trend_strength_bull,regime_range | weighted_score_neutral",C:\Users\GF\Documents\secret_project\cryto\logs\crypto_models_summary.csv
e8fbed6ee145e36173e9,crypto,ETHUSD,2026-05-13 13:14:07,2026-05-13T06:14:07.400313+00:00,SIGNAL,NEUTRAL,WAIT,WAIT,-2.00,20.00,2301.54004,15m,,WAIT,nan,nan,,,,"15m strongest: NEUTRAL score=-3 | below_ema200,trend_strength_bear,regime_range | weighted_score_neutral",C:\Users\GF\Documents\secret_project\cryto\logs\crypto_models_summary.csv
f8b3263141dbca7aba5c,crypto,SOLUSD,2026-05-13 13:14:07,2026-05-13T06:14:07.400313+00:00,SIGNAL,NEUTRAL,WAIT,WAIT,2.29,22.92,95.53000,4h,,WAIT,93.07146,98.97195,,,,"4h strongest: BULLISH score=5 | above_ema200,ema_bull_stack,trend_strength_bull,regime_trend | weighted_score_neutral",C:\Users\GF\Documents\secret_project\cryto\logs\crypto_models_summary.csv
b39305d31f833f208b6d,crypto,BNBUSD,2026-05-13 13:14:07,2026-05-13T06:14:07.400313+00:00,SIGNAL,NEUTRAL,WAIT,WAIT,2.89,28.92,678.00000,1h,,WAIT,672.38722,685.35467,,,,"1h strongest: BULLISH score=5 | above_ema200,ema_bull_stack,momentum_positive,trend_strength_bull,rsi_long_too_hot,regime_trend | weighted_score_neutral",C:\Users\GF\Documents\secret_project\cryto\logs\crypto_models_summary.csv
fa31e4d302a62eceff82,crypto,XRPUSD,2026-05-13 13:14:07,2026-05-13T06:14:07.400313+00:00,SIGNAL,NEUTRAL,WAIT,WAIT,2.97,29.67,1.46020,1h,,WAIT,1.44319,1.48410,,,,"1h strongest: BULLISH score=5 | above_ema200,momentum_positive,volume_confirmation,regime_range | weighted_score_neutral",C:\Users\GF\Documents\secret_project\cryto\logs\crypto_models_summary.csv
7c5d35c90296d5d48cb5,crypto,BTCUSD,2026-05-13 13:26:56,2026-05-13T06:26:56.370424+00:00,SIGNAL,NEUTRAL,WAIT,WAIT,2.56,25.58,81033.50781,1h,,WAIT,80596.88579,81631.84170,,,,"1h strongest: BULLISH score=5 | above_ema200,momentum_positive,trend_strength_bull,regime_range | weighted_score_neutral",C:\Users\GF\Documents\secret_project\cryto\logs\crypto_models_summary.csv
80f657f7397be662d0da,crypto,ETHUSD,2026-05-13 13:26:56,2026-05-13T06:26:56.370424+00:00,SIGNAL,NEUTRAL,WAIT,WAIT,-2.00,20.00,2302.47998,15m,,WAIT,nan,nan,,,,"15m strongest: NEUTRAL score=-3 | below_ema200,trend_strength_bear,regime_range | weighted_score_neutral",C:\Users\GF\Documents\secret_project\cryto\logs\crypto_models_summary.csv
653033f37e545af6f01b,crypto,SOLUSD,2026-05-13 13:26:56,2026-05-13T06:26:56.370424+00:00,SIGNAL,NEUTRAL,WAIT,WAIT,2.29,22.92,95.30000,4h,,WAIT,92.82664,98.76271,,,,"4h strongest: BULLISH score=5 | above_ema200,ema_bull_stack,trend_strength_bull,regime_trend | weighted_score_neutral",C:\Users\GF\Documents\secret_project\cryto\logs\crypto_models_summary.csv
b86aa429f88e9cb64f4a,crypto,BNBUSD,2026-05-13 13:26:56,2026-05-13T06:26:56.370424+00:00,SIGNAL,NEUTRAL,WAIT,WAIT,2.89,28.92,678.17999,1h,,WAIT,672.53649,685.57493,,,,"1h strongest: BULLISH score=5 | above_ema200,ema_bull_stack,momentum_positive,trend_strength_bull,rsi_long_too_hot,regime_trend | weighted_score_neutral",C:\Users\GF\Documents\secret_project\cryto\logs\crypto_models_summary.csv
edb15bc008d169cd5fb5,crypto,BTCUSD,2026-05-13 13:41:32,2026-05-13T06:41:32.648385+00:00,SIGNAL,NEUTRAL,WAIT,WAIT,1.92,19.17,81026.45312,1h,,WAIT,80593.91327,81619.19292,,,,"1h strongest: BULLISH score=6 | above_ema200,momentum_positive,trend_strength_bull,volume_confirmation,regime_range | weighted_score_neutral",C:\Users\GF\Documents\secret_project\cryto\logs\crypto_models_summary.csv
f52a9f92ec7d5455c232,crypto,ETHUSD,2026-05-13 13:41:32,2026-05-13T06:41:32.648385+00:00,SIGNAL,NEUTRAL,WAIT,WAIT,-2.00,20.00,2302.82007,15m,,WAIT,nan,nan,,,,"15m strongest: NEUTRAL score=-3 | below_ema200,trend_strength_bear,regime_range | weighted_score_neutral",C:\Users\GF\Documents\secret_project\cryto\logs\crypto_models_summary.csv
888a67d28a6702138acf,crypto,SOLUSD,2026-05-13 13:41:32,2026-05-13T06:41:32.648385+00:00,SIGNAL,NEUTRAL,WAIT,WAIT,1.03,10.25,95.18000,15m,,WAIT,95.68369,94.47484,,,,"15m strongest: BEARISH score=-5 | below_ema200,momentum_negative,trend_strength_bear,regime_range | weighted_score_neutral",C:\Users\GF\Documents\secret_project\cryto\logs\crypto_models_summary.csv
e3f169028a11ab6cbc64,crypto,BNBUSD,2026-05-13 13:41:32,2026-05-13T06:41:32.648385+00:00,SIGNAL,NEUTRAL,WAIT,WAIT,3.29,32.92,676.77002,1h,,WAIT,670.99291,684.34003,,,,"1h strongest: BULLISH score=7 | above_ema200,ema_bull_stack,momentum_positive,trend_strength_bull,regime_trend | weighted_score_neutral",C:\Users\GF\Documents\secret_project\cryto\logs\crypto_models_summary.csv
814e870759434ea6c035,crypto,XRPUSD,2026-05-13 13:41:32,2026-05-13T06:41:32.648385+00:00,SIGNAL,NEUTRAL,WAIT,WAIT,2.89,28.92,1.45520,1h,,WAIT,1.43816,1.47915,,,,"1h strongest: BULLISH score=5 | above_ema200,momentum_positive,volume_confirmation,regime_range | weighted_score_neutral",C:\Users\GF\Documents\secret_project\cryto\logs\crypto_models_summary.csv
8dc7467b6498f1d65300,crypto,BTCUSD,2026-05-13 13:53:21,2026-05-13T06:53:21.604952+00:00,SIGNAL,NEUTRAL,WAIT,WAIT,1.92,19.17,80960.02344,1h,,WAIT,80522.16441,81560.05247,,,,"1h strongest: BULLISH score=6 | above_ema200,momentum_positive,trend_strength_bull,volume_confirmation,regime_range | weighted_score_neutral",C:\Users\GF\Documents\secret_project\cryto\logs\crypto_models_summary.csv
dddd0c62ed7349937cb3,crypto,ETHUSD,2026-05-13 13:53:21,2026-05-13T06:53:21.604952+00:00,SIGNAL,NEUTRAL,WAIT,WAIT,-2.15,21.50,2300.65991,15m,,WAIT,2307.38489,2291.61598,,,,"15m strongest: BEARISH score=-5 | below_ema200,momentum_negative,trend_strength_bear,regime_range | weighted_score_neutral",C:\Users\GF\Documents\secret_project\cryto\logs\crypto_models_summary.csv
84f0080e59b606a87739,crypto,SOLUSD,2026-05-13 13:53:21,2026-05-13T06:53:21.604952+00:00,SIGNAL,NEUTRAL,WAIT,WAIT,1.03,10.25,95.14000,15m,,WAIT,95.62860,94.45596,,,,"15m strongest: BEARISH score=-5 | below_ema200,momentum_negative,trend_strength_bear,regime_range | weighted_score_neutral",C:\Users\GF\Documents\secret_project\cryto\logs\crypto_models_summary.csv
b9381052c105965f1326,crypto,BNBUSD,2026-05-13 13:53:21,2026-05-13T06:53:21.604952+00:00,SIGNAL,NEUTRAL,WAIT,WAIT,3.49,34.92,676.00000,1h,,WAIT,670.21150,683.58494,,,,"1h strongest: BULLISH score=8 | above_ema200,ema_bull_stack,momentum_positive,trend_strength_bull,volume_confirmation,regime_trend | weighted_score_neutral",C:\Users\GF\Documents\secret_project\cryto\logs\crypto_models_summary.csv
244762f1424581b883da,crypto,XRPUSD,2026-05-13 13:53:21,2026-05-13T06:53:21.604952+00:00,SIGNAL,NEUTRAL,WAIT,WAIT,2.89,28.92,1.45360,1h,,WAIT,1.43656,1.47755,,,,"1h strongest: BULLISH score=5 | above_ema200,momentum_positive,volume_confirmation,regime_range | weighted_score_neutral",C:\Users\GF\Documents\secret_project\cryto\logs\crypto_models_summary.csv
98b55d97de623a714ba6,crypto,BTCUSD,2026-05-13 14:05:14,2026-05-13T07:05:14.727445+00:00,SIGNAL,NEUTRAL,WAIT,WAIT,1.38,13.83,80974.32812,1h,,WAIT,80561.35108,81540.25963,,,,"1h strongest: BULLISH score=5 | above_ema200,momentum_positive,trend_strength_bull,regime_range | weighted_score_neutral",C:\Users\GF\Documents\secret_project\cryto\logs\crypto_models_summary.csv
02170ca39c49c631fe2a,crypto,ETHUSD,2026-05-13 14:05:14,2026-05-13T07:05:14.727445+00:00,SIGNAL,NEUTRAL,WAIT,WAIT,-2.00,20.00,2300.76001,15m,,WAIT,nan,nan,,,,"15m strongest: NEUTRAL score=-3 | below_ema200,trend_strength_bear,regime_range | weighted_score_neutral",C:\Users\GF\Documents\secret_project\cryto\logs\crypto_models_summary.csv
054f077c82416a5bf35d,crypto,SOLUSD,2026-05-13 14:05:14,2026-05-13T07:05:14.727445+00:00,SIGNAL,NEUTRAL,WAIT,WAIT,1.03,10.25,95.15000,15m,,WAIT,95.62085,94.49082,,,,"15m strongest: BEARISH score=-5 | below_ema200,momentum_negative,trend_strength_bear,regime_range | weighted_score_neutral",C:\Users\GF\Documents\secret_project\cryto\logs\crypto_models_summary.csv
4f9bd465433db7251a03,crypto,BNBUSD,2026-05-13 14:05:14,2026-05-13T07:05:14.727445+00:00,SIGNAL,NEUTRAL,WAIT,WAIT,3.29,32.92,676.62000,1h,,WAIT,671.17917,683.74935,,,,"1h strongest: BULLISH score=7 | above_ema200,ema_bull_stack,momentum_positive,trend_strength_bull,regime_trend | weighted_score_neutral",C:\Users\GF\Documents\secret_project\cryto\logs\crypto_models_summary.csv
27af6df23e6a1073a278,crypto,XRPUSD,2026-05-13 14:05:14,2026-05-13T07:05:14.727445+00:00,SIGNAL,NEUTRAL,WAIT,WAIT,2.84,28.42,1.45670,15m,,WAIT,1.44958,1.46670,,,,"15m strongest: BULLISH score=5 | above_ema200,ema_bull_stack,trend_strength_bull,regime_range | weighted_score_neutral",C:\Users\GF\Documents\secret_project\cryto\logs\crypto_models_summary.csv
b60748eb1001eda389e0,crypto,BTCUSD,2026-05-13 14:17:44,2026-05-13T07:17:45.213264+00:00,SIGNAL,NEUTRAL,WAIT,WAIT,1.38,13.83,81001.84375,1h,,WAIT,80586.16520,81571.47732,,,,"1h strongest: BULLISH score=5 | above_ema200,momentum_positive,trend_strength_bull,regime_range | weighted_score_neutral",C:\Users\GF\Documents\secret_project\cryto\logs\crypto_models_summary.csv
85cda9c1131ebb085124,crypto,ETHUSD,2026-05-13 14:17:44,2026-05-13T07:17:45.213264+00:00,SIGNAL,NEUTRAL,WAIT,WAIT,-2.15,21.50,2300.71997,15m,,WAIT,2306.91518,2292.38848,,,,"15m strongest: BEARISH score=-5 | below_ema200,momentum_negative,trend_strength_bear,regime_range | weighted_score_neutral",C:\Users\GF\Documents\secret_project\cryto\logs\crypto_models_summary.csv
6a5026d6ffe843d4e9dd,crypto,SOLUSD,2026-05-13 14:17:44,2026-05-13T07:17:45.213264+00:00,SIGNAL,NEUTRAL,WAIT,WAIT,1.40,14.00,95.23000,4h,,WAIT,nan,nan,,,,"4h strongest: NEUTRAL score=3 | above_ema200,ema_bull_stack,momentum_negative,trend_strength_bull,regime_trend | weighted_score_neutral",C:\Users\GF\Documents\secret_project\cryto\logs\crypto_models_summary.csv
48d358192e1e868e6794,crypto,BNBUSD,2026-05-13 14:17:44,2026-05-13T07:17:45.213264+00:00,SIGNAL,NEUTRAL,WAIT,WAIT,2.89,28.92,677.34003,1h,,WAIT,671.81323,684.58203,,,,"1h strongest: BULLISH score=5 | above_ema200,ema_bull_stack,momentum_positive,trend_strength_bull,rsi_long_too_hot,regime_trend | weighted_score_neutral",C:\Users\GF\Documents\secret_project\cryto\logs\crypto_models_summary.csv
aad73b353fbc01ae6b68,crypto,XRPUSD,2026-05-13 14:17:44,2026-05-13T07:17:45.213264+00:00,SIGNAL,NEUTRAL,WAIT,WAIT,2.84,28.42,1.45970,15m,,WAIT,1.45264,1.46963,,,,"15m strongest: BULLISH score=5 | above_ema200,ema_bull_stack,trend_strength_bull,regime_range | weighted_score_neutral",C:\Users\GF\Documents\secret_project\cryto\logs\crypto_models_summary.csv
dd16f23477b6e29983c9,crypto,BTCUSD,2026-05-13 14:29:37,2026-05-13T07:29:37.903452+00:00,SIGNAL,NEUTRAL,WAIT,WAIT,0.47,4.67,80900.92969,1h,,WAIT,80477.86004,81480.69180,,,,"1h strongest: BULLISH score=6 | above_ema200,momentum_positive,trend_strength_bull,volume_confirmation,regime_range | weighted_score_neutral",C:\Users\GF\Documents\secret_project\cryto\logs\crypto_models_summary.csv
fd43178706d5c3b89b8b,crypto,ETHUSD,2026-05-13 14:29:37,2026-05-13T07:29:37.903452+00:00,SIGNAL,NEUTRAL,WAIT,WAIT,-2.15,21.50,2298.52002,15m,,WAIT,2305.20146,2289.53463,,,,"15m strongest: BEARISH score=-5 | below_ema200,momentum_negative,trend_strength_bear,regime_range | weighted_score_neutral",C:\Users\GF\Documents\secret_project\cryto\logs\crypto_models_summary.csv
cb538e60faca849f2221,crypto,SOLUSD,2026-05-13 14:29:37,2026-05-13T07:29:37.903452+00:00,SIGNAL,NEUTRAL,WAIT,WAIT,1.03,10.25,94.96000,15m,,WAIT,95.44837,94.27628,,,,"15m strongest: BEARISH score=-5 | below_ema200,momentum_negative,trend_strength_bear,regime_range | weighted_score_neutral",C:\Users\GF\Documents\secret_project\cryto\logs\crypto_models_summary.csv
3bcd5f20653278cfd482,crypto,BNBUSD,2026-05-13 14:29:37,2026-05-13T07:29:37.903452+00:00,SIGNAL,NEUTRAL,WAIT,WAIT,3.29,32.92,676.96997,1h,,WAIT,671.43178,684.22691,,,,"1h strongest: BULLISH score=7 | above_ema200,ema_bull_stack,momentum_positive,trend_strength_bull,regime_trend | weighted_score_neutral",C:\Users\GF\Documents\secret_project\cryto\logs\crypto_models_summary.csv
8bde7e9622d821888817,crypto,XRPUSD,2026-05-13 14:29:37,2026-05-13T07:29:37.903452+00:00,SIGNAL,NEUTRAL,WAIT,WAIT,2.84,28.42,1.46020,15m,,WAIT,1.45285,1.47054,,,,"15m strongest: BULLISH score=5 | above_ema200,ema_bull_stack,trend_strength_bull,regime_range | weighted_score_neutral",C:\Users\GF\Documents\secret_project\cryto\logs\crypto_models_summary.csv
5a889c8b87b02f8b24f6,crypto,BTCUSD,2026-05-13 14:39:28,2026-05-13T07:39:28.357619+00:00,SIGNAL,NEUTRAL,WAIT,WAIT,0.47,4.67,80922.71875,1h,,WAIT,80498.53640,81504.00567,,,,"1h strongest: BULLISH score=6 | above_ema200,momentum_positive,trend_strength_bull,volume_confirmation,regime_range | weighted_score_neutral",C:\Users\GF\Documents\secret_project\cryto\logs\crypto_models_summary.csv
cbc08a797a77059bae2d,crypto,ETHUSD,2026-05-13 14:39:28,2026-05-13T07:39:28.357619+00:00,SIGNAL,NEUTRAL,WAIT,WAIT,-2.15,21.50,2299.20996,15m,,WAIT,2305.61369,2290.59805,,,,"15m strongest: BEARISH score=-5 | below_ema200,momentum_negative,trend_strength_bear,regime_range | weighted_score_neutral",C:\Users\GF\Documents\secret_project\cryto\logs\crypto_models_summary.csv
2cfcd290dc0e97cfc0a6,crypto,SOLUSD,2026-05-13 14:39:28,2026-05-13T07:39:28.357619+00:00,SIGNAL,NEUTRAL,WAIT,WAIT,1.03,10.25,95.11000,15m,,WAIT,95.59474,94.43136,,,,"15m strongest: BEARISH score=-5 | below_ema200,momentum_negative,trend_strength_bear,regime_range | weighted_score_neutral",C:\Users\GF\Documents\secret_project\cryto\logs\crypto_models_summary.csv
7fb7ecfce44b76ef9e40,crypto,BNBUSD,2026-05-13 14:39:28,2026-05-13T07:39:28.357619+00:00,SIGNAL,NEUTRAL,WAIT,WAIT,2.89,28.92,677.79999,1h,,WAIT,672.22555,685.10442,,,,"1h strongest: BULLISH score=5 | above_ema200,ema_bull_stack,momentum_positive,trend_strength_bull,rsi_long_too_hot,regime_trend | weighted_score_neutral",C:\Users\GF\Documents\secret_project\cryto\logs\crypto_models_summary.csv
eaf2515d387c506a1255,crypto,XRPUSD,2026-05-13 14:39:28,2026-05-13T07:39:28.357619+00:00,SIGNAL,NEUTRAL,WAIT,WAIT,3.27,32.67,1.46260,15m,,WAIT,1.45528,1.47288,,,,"15m strongest: BULLISH score=8 | above_ema200,ema_bull_stack,momentum_positive,trend_strength_bull,volume_confirmation,regime_range | weighted_score_neutral",C:\Users\GF\Documents\secret_project\cryto\logs\crypto_models_summary.csv
2f4f1466f3d28e68ce93,crypto,BTCUSD,2026-05-13 14:49:45,2026-05-13T07:49:45.643812+00:00,SIGNAL,NEUTRAL,WAIT,WAIT,0.92,9.17,80942.70312,1h,,WAIT,80518.52078,81523.99005,,,,"1h strongest: BULLISH score=6 | above_ema200,momentum_positive,trend_strength_bull,volume_confirmation,regime_range | weighted_score_neutral",C:\Users\GF\Documents\secret_project\cryto\logs\crypto_models_summary.csv
d08a82761590556388e9,crypto,ETHUSD,2026-05-13 14:49:45,2026-05-13T07:49:45.643812+00:00,SIGNAL,NEUTRAL,WAIT,WAIT,-2.15,21.50,2300.15991,15m,,WAIT,2306.33148,2291.86022,,,,"15m strongest: BEARISH score=-5 | below_ema200,momentum_negative,trend_strength_bear,regime_range | weighted_score_neutral",C:\Users\GF\Documents\secret_project\cryto\logs\crypto_models_summary.csv
6027f35f6deea927e598,crypto,SOLUSD,2026-05-13 14:49:45,2026-05-13T07:49:45.643812+00:00,SIGNAL,NEUTRAL,WAIT,WAIT,1.03,10.25,95.14000,15m,,WAIT,95.60815,94.48459,,,,"15m strongest: BEARISH score=-5 | below_ema200,momentum_negative,trend_strength_bear,regime_range | weighted_score_neutral",C:\Users\GF\Documents\secret_project\cryto\logs\crypto_models_summary.csv
0092eae9a37f510e18c9,crypto,BNBUSD,2026-05-13 14:49:45,2026-05-13T07:49:45.643812+00:00,SIGNAL,NEUTRAL,WAIT,WAIT,2.89,28.92,678.34003,1h,,WAIT,672.68273,685.75303,,,,"1h strongest: BULLISH score=5 | above_ema200,ema_bull_stack,momentum_positive,trend_strength_bull,rsi_long_too_hot,regime_trend | weighted_score_neutral",C:\Users\GF\Documents\secret_project\cryto\logs\crypto_models_summary.csv
aabf6b66dc12c410692f,crypto,XRPUSD,2026-05-13 14:49:45,2026-05-13T07:49:45.643812+00:00,SIGNAL,NEUTRAL,WAIT,WAIT,2.89,28.92,1.46050,1h,,WAIT,1.44338,1.48456,,,,"1h strongest: BULLISH score=5 | above_ema200,momentum_positive,volume_confirmation,regime_range | weighted_score_neutral",C:\Users\GF\Documents\secret_project\cryto\logs\crypto_models_summary.csv
8c43e36acc5c2dcb0b7c,crypto,BTCUSD,2026-05-13 15:00:27,2026-05-13T08:00:27.401126+00:00,SIGNAL,NEUTRAL,WAIT,WAIT,1.58,15.83,80997.92969,1h,,WAIT,80573.74734,81579.21661,,,,"1h strongest: BULLISH score=6 | above_ema200,momentum_positive,trend_strength_bull,volume_confirmation,regime_range | weighted_score_neutral",C:\Users\GF\Documents\secret_project\cryto\logs\crypto_models_summary.csv
51706587ab5bb6e2fa0d,crypto,ETHUSD,2026-05-13 15:00:27,2026-05-13T08:00:27.401126+00:00,SIGNAL,NEUTRAL,WAIT,WAIT,-2.15,21.50,2300.61011,15m,,WAIT,2306.97121,2292.05552,,,,"15m strongest: BEARISH score=-5 | below_ema200,momentum_negative,trend_strength_bear,regime_range | weighted_score_neutral",C:\Users\GF\Documents\secret_project\cryto\logs\crypto_models_summary.csv
59d7529db9aedc7f3fbc,crypto,SOLUSD,2026-05-13 15:00:27,2026-05-13T08:00:27.401126+00:00,SIGNAL,NEUTRAL,WAIT,WAIT,1.03,10.25,95.12000,15m,,WAIT,95.57213,94.48703,,,,"15m strongest: BEARISH score=-5 | below_ema200,momentum_negative,trend_strength_bear,regime_range | weighted_score_neutral",C:\Users\GF\Documents\secret_project\cryto\logs\crypto_models_summary.csv
4fc305c31f33bf68eab2,crypto,BNBUSD,2026-05-13 15:00:27,2026-05-13T08:00:27.401126+00:00,SIGNAL,NEUTRAL,WAIT,WAIT,2.89,28.92,678.79999,1h,,WAIT,673.51645,685.72324,,,,"1h strongest: BULLISH score=5 | above_ema200,ema_bull_stack,momentum_positive,trend_strength_bull,rsi_long_too_hot,regime_trend | weighted_score_neutral",C:\Users\GF\Documents\secret_project\cryto\logs\crypto_models_summary.csv
71fa555388dba661ffa2,crypto,XRPUSD,2026-05-13 15:00:27,2026-05-13T08:00:27.401126+00:00,SIGNAL,NEUTRAL,WAIT,WAIT,3.39,33.92,1.46260,15m,,WAIT,1.45567,1.47234,,,,"15m strongest: BULLISH score=7 | above_ema200,ema_bull_stack,momentum_positive,trend_strength_bull,regime_range | weighted_score_neutral",C:\Users\GF\Documents\secret_project\cryto\logs\crypto_models_summary.csv
b1dfe51ec46dcf82ffa8,crypto,SOLUSD,2026-05-13 15:14:30,2026-05-13T08:14:31.097563+00:00,SIGNAL,NEUTRAL,WAIT,WAIT,1.03,10.25,95.13000,15m,,WAIT,95.60212,94.46902,,,,"15m strongest: BEARISH score=-5 | below_ema200,momentum_negative,trend_strength_bear,regime_range | weighted_score_neutral",C:\Users\GF\Documents\secret_project\cryto\logs\crypto_models_summary.csv
dbb65930682fbb5bc216,crypto,BNBUSD,2026-05-13 15:14:30,2026-05-13T08:14:31.097563+00:00,SIGNAL,NEUTRAL,WAIT,WAIT,2.89,28.92,679.00000,1h,,WAIT,673.50932,686.19468,,,,"1h strongest: BULLISH score=5 | above_ema200,ema_bull_stack,momentum_positive,trend_strength_bull,rsi_long_too_hot,regime_trend | weighted_score_neutral",C:\Users\GF\Documents\secret_project\cryto\logs\crypto_models_summary.csv
a73543769992adf81ad2,crypto,XRPUSD,2026-05-13 15:14:30,2026-05-13T08:14:31.097563+00:00,SIGNAL,NEUTRAL,WAIT,WAIT,3.39,33.92,1.46140,15m,,WAIT,1.45406,1.47171,,,,"15m strongest: BULLISH score=7 | above_ema200,ema_bull_stack,momentum_positive,trend_strength_bull,regime_range | weighted_score_neutral",C:\Users\GF\Documents\secret_project\cryto\logs\crypto_models_summary.csv
005c5a2fcf62b4b2e0c2,crypto,BTCUSD,2026-05-13 15:26:38,2026-05-13T08:26:38.336737+00:00,SIGNAL,NEUTRAL,WAIT,WAIT,1.92,19.17,81041.06250,1h,,WAIT,80635.57808,81596.72633,,,,"1h strongest: BULLISH score=6 | above_ema200,momentum_positive,trend_strength_bull,volume_confirmation,regime_range | weighted_score_neutral",C:\Users\GF\Documents\secret_project\cryto\logs\crypto_models_summary.csv
655a5f41fc103265091a,crypto,ETHUSD,2026-05-13 15:26:38,2026-05-13T08:26:38.336737+00:00,SIGNAL,NEUTRAL,WAIT,WAIT,-1.62,16.25,2303.37988,1h,,WAIT,nan,nan,,,,"1h strongest: NEUTRAL score=-3 | below_ema200,ema_bear_stack,momentum_positive,trend_strength_bear,regime_trend | weighted_score_neutral",C:\Users\GF\Documents\secret_project\cryto\logs\crypto_models_summary.csv
bc5ca1296372710f07ab,crypto,SOLUSD,2026-05-13 15:26:38,2026-05-13T08:26:38.336737+00:00,SIGNAL,NEUTRAL,WAIT,WAIT,1.40,14.00,95.23000,4h,,WAIT,nan,nan,,,,"4h strongest: NEUTRAL score=3 | above_ema200,ema_bull_stack,momentum_negative,trend_strength_bull,regime_trend | weighted_score_neutral",C:\Users\GF\Documents\secret_project\cryto\logs\crypto_models_summary.csv
a36a1f49e2f80043458b,crypto,BNBUSD,2026-05-13 15:26:38,2026-05-13T08:26:38.336737+00:00,SIGNAL,NEUTRAL,WAIT,WAIT,2.89,28.92,679.29999,1h,,WAIT,673.78668,686.52432,,,,"1h strongest: BULLISH score=5 | above_ema200,ema_bull_stack,momentum_positive,trend_strength_bull,rsi_long_too_hot,regime_trend | weighted_score_neutral",C:\Users\GF\Documents\secret_project\cryto\logs\crypto_models_summary.csv
e8e7d890dc17754caaeb,crypto,XRPUSD,2026-05-13 15:26:38,2026-05-13T08:26:38.336737+00:00,SIGNAL,NEUTRAL,WAIT,WAIT,3.24,32.42,1.46170,1h,,WAIT,1.44530,1.48474,,,,"1h strongest: BULLISH score=6 | above_ema200,ema_bull_stack,momentum_positive,regime_range | weighted_score_neutral",C:\Users\GF\Documents\secret_project\cryto\logs\crypto_models_summary.csv
c4599b1f83949abd5b58,crypto,BTCUSD,2026-05-13 15:37:31,2026-05-13T08:37:31.319580+00:00,SIGNAL,NEUTRAL,WAIT,WAIT,1.84,18.42,81007.56250,1h,,WAIT,80596.37373,81571.04341,,,,"1h strongest: BULLISH score=6 | above_ema200,momentum_positive,trend_strength_bull,volume_confirmation,regime_range | weighted_score_neutral",C:\Users\GF\Documents\secret_project\cryto\logs\crypto_models_summary.csv
40c04cff693decfa86f0,crypto,ETHUSD,2026-05-13 15:37:31,2026-05-13T08:37:31.319580+00:00,SIGNAL,NEUTRAL,WAIT,WAIT,-1.62,16.25,2304.32007,1h,,WAIT,nan,nan,,,,"1h strongest: NEUTRAL score=-3 | below_ema200,ema_bear_stack,momentum_positive,trend_strength_bear,regime_trend | weighted_score_neutral",C:\Users\GF\Documents\secret_project\cryto\logs\crypto_models_summary.csv
3243af1642177140d824,crypto,SOLUSD,2026-05-13 15:37:31,2026-05-13T08:37:31.319580+00:00,SIGNAL,NEUTRAL,WAIT,WAIT,1.55,15.50,95.22000,4h,,WAIT,nan,nan,,,,"4h strongest: NEUTRAL score=3 | above_ema200,ema_bull_stack,momentum_negative,trend_strength_bull,regime_trend | weighted_score_neutral",C:\Users\GF\Documents\secret_project\cryto\logs\crypto_models_summary.csv
6d0fc28ba075e40c25e5,crypto,BNBUSD,2026-05-13 15:37:31,2026-05-13T08:37:31.319580+00:00,SIGNAL,NEUTRAL,WAIT,WAIT,3.04,30.42,679.20001,15m,,WAIT,676.86164,682.26408,,,,"15m strongest: BULLISH score=5 | above_ema200,ema_bull_stack,trend_strength_bull,regime_range | weighted_score_neutral",C:\Users\GF\Documents\secret_project\cryto\logs\crypto_models_summary.csv
aa574c5ea0f77aefb15c,crypto,XRPUSD,2026-05-13 15:37:31,2026-05-13T08:37:31.319580+00:00,SIGNAL,NEUTRAL,WAIT,WAIT,3.24,32.42,1.46160,1h,,WAIT,1.44507,1.48484,,,,"1h strongest: BULLISH score=6 | above_ema200,ema_bull_stack,momentum_positive,regime_range | weighted_score_neutral",C:\Users\GF\Documents\secret_project\cryto\logs\crypto_models_summary.csv
995c1dcafd9c142e3c0e,crypto,BTCUSD,2026-05-13 15:48:52,2026-05-13T08:48:52.907713+00:00,SIGNAL,NEUTRAL,WAIT,WAIT,1.99,19.92,81113.49219,1h,,WAIT,80700.21947,81679.82888,,,,"1h strongest: BULLISH score=6 | above_ema200,momentum_positive,trend_strength_bull,volume_confirmation,regime_range | weighted_score_neutral",C:\Users\GF\Documents\secret_project\cryto\logs\crypto_models_summary.csv
33ff678fc78adbce6400,crypto,ETHUSD,2026-05-13 15:48:52,2026-05-13T08:48:52.907713+00:00,SIGNAL,NEUTRAL,WAIT,WAIT,-1.40,14.00,2312.87988,15m,,WAIT,2305.77546,2322.43410,,,,"15m strongest: BULLISH score=5 | above_ema200,ema_bull_stack,momentum_positive,trend_strength_bull,rsi_long_too_hot,regime_range | weighted_score_neutral",C:\Users\GF\Documents\secret_project\cryto\logs\crypto_models_summary.csv
f2be494a0a6fcd4b850a,crypto,SOLUSD,2026-05-13 15:48:52,2026-05-13T08:48:52.907713+00:00,SIGNAL,NEUTRAL,WAIT,WAIT,2.44,24.42,95.50000,15m,,WAIT,94.99126,96.21223,,,,"15m strongest: BULLISH score=5 | above_ema200,momentum_positive,trend_strength_bull,regime_range | weighted_score_neutral",C:\Users\GF\Documents\secret_project\cryto\logs\crypto_models_summary.csv
3fb440184cee4bdaf24f,crypto,BNBUSD,2026-05-13 15:48:52,2026-05-13T08:48:52.907713+00:00,SIGNAL,NEUTRAL,WAIT,WAIT,3.09,30.92,681.10999,1h,,WAIT,675.48984,688.47431,,,,"1h strongest: BULLISH score=6 | above_ema200,ema_bull_stack,momentum_positive,trend_strength_bull,volume_confirmation,rsi_long_too_hot,regime_trend | weighted_score_neutral",C:\Users\GF\Documents\secret_project\cryto\logs\crypto_models_summary.csv
e5abd8eca1c5e6d2574c,crypto,XRPUSD,2026-05-13 15:48:52,2026-05-13T08:48:52.907713+00:00,SIGNAL,NEUTRAL,WAIT,WAIT,3.39,33.92,1.46280,15m,,WAIT,1.45551,1.47305,,,,"15m strongest: BULLISH score=7 | above_ema200,ema_bull_stack,momentum_positive,trend_strength_bull,regime_range | weighted_score_neutral",C:\Users\GF\Documents\secret_project\cryto\logs\crypto_models_summary.csv
bc2794b766c39fad64f5,crypto,BTCUSD,2026-05-13 16:00:54,2026-05-13T09:00:55.070300+00:00,SIGNAL,NEUTRAL,WAIT,WAIT,1.66,16.58,81165.67188,1h,,WAIT,80746.29421,81740.37460,,,,"1h strongest: BULLISH score=6 | above_ema200,momentum_positive,trend_strength_bull,volume_confirmation,regime_range | weighted_score_neutral",C:\Users\GF\Documents\secret_project\cryto\logs\crypto_models_summary.csv
ac627bb0c2f6afb154b7,crypto,ETHUSD,2026-05-13 16:00:54,2026-05-13T09:00:55.070300+00:00,SIGNAL,NEUTRAL,WAIT,WAIT,-1.32,13.25,2316.26001,15m,,WAIT,2309.04113,2325.96815,,,,"15m strongest: BULLISH score=6 | above_ema200,ema_bull_stack,momentum_positive,trend_strength_bull,volume_confirmation,rsi_long_too_hot,regime_range | weighted_score_neutral",C:\Users\GF\Documents\secret_project\cryto\logs\crypto_models_summary.csv
491eeadcc06555ad6fcb,crypto,SOLUSD,2026-05-13 16:00:54,2026-05-13T09:00:55.070300+00:00,SIGNAL,NEUTRAL,WAIT,WAIT,2.52,25.17,95.54000,15m,,WAIT,95.02877,96.25573,,,,"15m strongest: BULLISH score=6 | above_ema200,momentum_positive,trend_strength_bull,volume_confirmation,regime_range | weighted_score_neutral",C:\Users\GF\Documents\secret_project\cryto\logs\crypto_models_summary.csv
2d3e3f04bde6b91851f5,crypto,XRPUSD,2026-05-13 16:00:54,2026-05-13T09:00:55.070300+00:00,SIGNAL,NEUTRAL,WAIT,WAIT,3.39,33.92,1.46300,15m,,WAIT,1.45608,1.47273,,,,"15m strongest: BULLISH score=7 | above_ema200,ema_bull_stack,momentum_positive,trend_strength_bull,regime_range | weighted_score_neutral",C:\Users\GF\Documents\secret_project\cryto\logs\crypto_models_summary.csv
caea3b094ec4d9c27698,crypto,BTCUSD,2026-05-13 16:10:27,2026-05-13T09:10:27.538543+00:00,SIGNAL,NEUTRAL,WAIT,WAIT,1.61,16.08,81251.50781,15m,,WAIT,81089.33043,81473.75089,,,,"15m strongest: BULLISH score=6 | above_ema200,ema_bull_stack,momentum_positive,regime_range | weighted_score_neutral",C:\Users\GF\Documents\secret_project\cryto\logs\crypto_models_summary.csv
78a632c761199bfd446f,crypto,ETHUSD,2026-05-13 16:10:27,2026-05-13T09:10:27.538543+00:00,SIGNAL,NEUTRAL,WAIT,WAIT,-0.20,2.00,2320.00000,15m,,WAIT,2312.59217,2329.96225,,,,"15m strongest: BULLISH score=5 | above_ema200,ema_bull_stack,momentum_positive,trend_strength_bull,rsi_long_too_hot,regime_range | weighted_score_neutral",C:\Users\GF\Documents\secret_project\cryto\logs\crypto_models_summary.csv
41d6b83a88ec3136e808,crypto,SOLUSD,2026-05-13 16:10:27,2026-05-13T09:10:27.538543+00:00,SIGNAL,NEUTRAL,WAIT,WAIT,2.72,27.17,95.71000,15m,,WAIT,95.20153,96.42185,,,,"15m strongest: BULLISH score=6 | above_ema200,momentum_positive,trend_strength_bull,volume_confirmation,regime_range | weighted_score_neutral",C:\Users\GF\Documents\secret_project\cryto\logs\crypto_models_summary.csv
e940da06f50b4f123dcd,crypto,BNBUSD,2026-05-13 16:10:27,2026-05-13T09:10:27.538543+00:00,SIGNAL,NEUTRAL,WAIT,WAIT,3.32,33.17,682.21997,15m,,WAIT,679.65322,685.58330,,,,"15m strongest: BULLISH score=6 | above_ema200,ema_bull_stack,momentum_positive,trend_strength_bull,volume_confirmation,rsi_long_too_hot,regime_range | weighted_score_neutral",C:\Users\GF\Documents\secret_project\cryto\logs\crypto_models_summary.csv
6241130f299d7524ffb9,crypto,XRPUSD,2026-05-13 16:10:27,2026-05-13T09:10:27.538543+00:00,SIGNAL,NEUTRAL,WAIT,WAIT,3.47,34.67,1.46300,15m,,WAIT,1.45589,1.47299,,,,"15m strongest: BULLISH score=8 | above_ema200,ema_bull_stack,momentum_positive,trend_strength_bull,volume_confirmation,regime_range | weighted_score_neutral",C:\Users\GF\Documents\secret_project\cryto\logs\crypto_models_summary.csv
eeb726dad63dd7fd27c0,crypto,BTCUSD,2026-05-13 16:18:18,2026-05-13T09:18:18.367857+00:00,SIGNAL,NEUTRAL,WAIT,WAIT,2.47,24.75,81198.10156,15m,,WAIT,81046.00750,81406.52676,,,,"15m strongest: BULLISH score=6 | above_ema200,ema_bull_stack,momentum_positive,regime_range | weighted_score_neutral",C:\Users\GF\Documents\secret_project\cryto\logs\crypto_models_summary.csv
68cd1e3f3e41966e41a4,crypto,ETHUSD,2026-05-13 16:18:18,2026-05-13T09:18:18.367857+00:00,SIGNAL,NEUTRAL,WAIT,WAIT,-0.20,2.00,2320.42993,15m,,WAIT,2313.17164,2330.19108,,,,"15m strongest: BULLISH score=5 | above_ema200,ema_bull_stack,momentum_positive,trend_strength_bull,rsi_long_too_hot,regime_range | weighted_score_neutral",C:\Users\GF\Documents\secret_project\cryto\logs\crypto_models_summary.csv
37b666e581e275b12f57,crypto,SOLUSD,2026-05-13 16:18:18,2026-05-13T09:18:18.367857+00:00,SIGNAL,NEUTRAL,WAIT,WAIT,2.64,26.42,95.76000,15m,,WAIT,95.27790,96.43494,,,,"15m strongest: BULLISH score=5 | above_ema200,momentum_positive,trend_strength_bull,regime_range | weighted_score_neutral",C:\Users\GF\Documents\secret_project\cryto\logs\crypto_models_summary.csv
c65a8fdd36383f8373bb,crypto,BNBUSD,2026-05-13 16:18:18,2026-05-13T09:18:18.367857+00:00,SIGNAL,NEUTRAL,WAIT,WAIT,3.24,32.42,682.04999,1h,,WAIT,676.53914,689.27110,,,,"1h strongest: BULLISH score=6 | above_ema200,ema_bull_stack,momentum_positive,trend_strength_bull,volume_confirmation,rsi_long_too_hot,regime_trend | weighted_score_neutral",C:\Users\GF\Documents\secret_project\cryto\logs\crypto_models_summary.csv
323ef12a0f560eb719ae,crypto,XRPUSD,2026-05-13 16:18:18,2026-05-13T09:18:18.367857+00:00,SIGNAL,NEUTRAL,WAIT,WAIT,3.39,33.92,1.46410,15m,,WAIT,1.45732,1.47364,,,,"15m strongest: BULLISH score=7 | above_ema200,ema_bull_stack,momentum_positive,trend_strength_bull,regime_range | weighted_score_neutral",C:\Users\GF\Documents\secret_project\cryto\logs\crypto_models_summary.csv
11a2156765ce7488447c,crypto,BTCUSD,2026-05-13 16:27:34,2026-05-13T09:27:35.236628+00:00,SIGNAL,NEUTRAL,WAIT,WAIT,2.14,21.42,81132.74219,15m,,WAIT,80970.33264,81355.30342,,,,"15m strongest: BULLISH score=6 | above_ema200,ema_bull_stack,momentum_positive,regime_range | weighted_score_neutral",C:\Users\GF\Documents\secret_project\cryto\logs\crypto_models_summary.csv
a010f29a72da78bcf36a,crypto,ETHUSD,2026-05-13 16:27:34,2026-05-13T09:27:35.236628+00:00,SIGNAL,NEUTRAL,WAIT,WAIT,-1.40,14.00,2317.59009,15m,,WAIT,2310.06956,2327.70390,,,,"15m strongest: BULLISH score=5 | above_ema200,ema_bull_stack,momentum_positive,trend_strength_bull,rsi_long_too_hot,regime_range | weighted_score_neutral",C:\Users\GF\Documents\secret_project\cryto\logs\crypto_models_summary.csv
0a9edb4c942a51e88dd2,crypto,SOLUSD,2026-05-13 16:27:34,2026-05-13T09:27:35.236628+00:00,SIGNAL,NEUTRAL,WAIT,WAIT,2.44,24.42,95.67000,15m,,WAIT,95.17910,96.35726,,,,"15m strongest: BULLISH score=5 | above_ema200,momentum_positive,trend_strength_bull,regime_range | weighted_score_neutral",C:\Users\GF\Documents\secret_project\cryto\logs\crypto_models_summary.csv
204b17eed3dbd1772a0a,crypto,BNBUSD,2026-05-13 16:27:34,2026-05-13T09:27:35.236628+00:00,SIGNAL,NEUTRAL,WAIT,WAIT,3.57,35.75,683.32001,1h,,WAIT,677.80805,690.54257,,,,"1h strongest: BULLISH score=6 | above_ema200,ema_bull_stack,momentum_positive,trend_strength_bull,volume_confirmation,rsi_long_too_hot,regime_trend | weighted_score_neutral",C:\Users\GF\Documents\secret_project\cryto\logs\crypto_models_summary.csv
1637ce098bf5d642db3a,crypto,XRPUSD,2026-05-13 16:27:34,2026-05-13T09:27:35.236628+00:00,SIGNAL,NEUTRAL,WAIT,WAIT,3.59,35.92,1.46400,15m,,WAIT,1.45716,1.47361,,,,"15m strongest: BULLISH score=7 | above_ema200,ema_bull_stack,momentum_positive,trend_strength_bull,regime_range | weighted_score_neutral",C:\Users\GF\Documents\secret_project\cryto\logs\crypto_models_summary.csv
54468599384c1b6dfd24,crypto,BTCUSD,2026-05-13 16:36:40,2026-05-13T09:36:40.642773+00:00,SIGNAL,NEUTRAL,WAIT,WAIT,2.14,21.42,81248.42969,15m,,WAIT,81085.75031,81471.36069,,,,"15m strongest: BULLISH score=6 | above_ema200,ema_bull_stack,momentum_positive,regime_range | weighted_score_neutral",C:\Users\GF\Documents\secret_project\cryto\logs\crypto_models_summary.csv
44189cfbc7d3e748308f,crypto,ETHUSD,2026-05-13 16:36:40,2026-05-13T09:36:40.642773+00:00,SIGNAL,NEUTRAL,WAIT,WAIT,-0.20,2.00,2321.51001,15m,,WAIT,2314.14345,2331.41676,,,,"15m strongest: BULLISH score=5 | above_ema200,ema_bull_stack,momentum_positive,trend_strength_bull,rsi_long_too_hot,regime_range | weighted_score_neutral",C:\Users\GF\Documents\secret_project\cryto\logs\crypto_models_summary.csv
8ee2e1a4364ff2b39259,crypto,SOLUSD,2026-05-13 16:36:40,2026-05-13T09:36:40.642773+00:00,SIGNAL,NEUTRAL,WAIT,WAIT,2.64,26.42,95.78000,15m,,WAIT,95.30166,96.44967,,,,"15m strongest: BULLISH score=5 | above_ema200,momentum_positive,trend_strength_bull,regime_range | weighted_score_neutral",C:\Users\GF\Documents\secret_project\cryto\logs\crypto_models_summary.csv
910ea5d424c16bd90835,crypto,BNBUSD,2026-05-13 16:36:40,2026-05-13T09:36:40.642773+00:00,SIGNAL,NEUTRAL,WAIT,WAIT,3.65,36.50,685.20001,15m,,WAIT,682.56998,688.64626,,,,"15m strongest: BULLISH score=6 | above_ema200,ema_bull_stack,momentum_positive,trend_strength_bull,volume_confirmation,rsi_long_too_hot,regime_range | weighted_score_neutral",C:\Users\GF\Documents\secret_project\cryto\logs\crypto_models_summary.csv
d9f6eb0074f7b9890071,crypto,XRPUSD,2026-05-13 16:36:40,2026-05-13T09:36:40.642773+00:00,SIGNAL,NEUTRAL,WAIT,WAIT,3.59,35.92,1.46490,15m,,WAIT,1.45822,1.47429,,,,"15m strongest: BULLISH score=7 | above_ema200,ema_bull_stack,momentum_positive,trend_strength_bull,regime_range | weighted_score_neutral",C:\Users\GF\Documents\secret_project\cryto\logs\crypto_models_summary.csv
9d196c498dda23a027e9,crypto,BTCUSD,2026-05-13 16:45:11,2026-05-13T09:45:12.005604+00:00,SIGNAL,NEUTRAL,WAIT,WAIT,2.14,21.42,81190.74219,15m,,WAIT,81026.70377,81415.53557,,,,"15m strongest: BULLISH score=6 | above_ema200,ema_bull_stack,momentum_positive,regime_range | weighted_score_neutral",C:\Users\GF\Documents\secret_project\cryto\logs\crypto_models_summary.csv
7975537e8b8f94a8feb7,crypto,ETHUSD,2026-05-13 16:45:11,2026-05-13T09:45:12.005604+00:00,SIGNAL,NEUTRAL,WAIT,WAIT,-0.13,1.25,2320.50000,15m,,WAIT,2312.98742,2330.60313,,,,"15m strongest: BULLISH score=6 | above_ema200,ema_bull_stack,momentum_positive,trend_strength_bull,volume_confirmation,rsi_long_too_hot,regime_range | weighted_score_neutral",C:\Users\GF\Documents\secret_project\cryto\logs\crypto_models_summary.csv
cc76011f1d31879ffc1e,crypto,SOLUSD,2026-05-13 16:45:11,2026-05-13T09:45:12.005604+00:00,SIGNAL,NEUTRAL,WAIT,WAIT,2.44,24.42,95.66000,15m,,WAIT,95.18042,96.33142,,,,"15m strongest: BULLISH score=5 | above_ema200,momentum_positive,trend_strength_bull,regime_range | weighted_score_neutral",C:\Users\GF\Documents\secret_project\cryto\logs\crypto_models_summary.csv
7e634bb4b6fe2ef6487d,crypto,BNBUSD,2026-05-13 16:45:11,2026-05-13T09:45:12.005604+00:00,SIGNAL,NEUTRAL,WAIT,WAIT,3.65,36.50,684.60999,15m,,WAIT,681.95200,688.09287,,,,"15m strongest: BULLISH score=6 | above_ema200,ema_bull_stack,momentum_positive,trend_strength_bull,volume_confirmation,rsi_long_too_hot,regime_range | weighted_score_neutral",C:\Users\GF\Documents\secret_project\cryto\logs\crypto_models_summary.csv
9aafcf9e3e4d6b3258ab,crypto,XRPUSD,2026-05-13 16:45:11,2026-05-13T09:45:12.005604+00:00,SIGNAL,NEUTRAL,WAIT,WAIT,3.59,35.92,1.46520,15m,,WAIT,1.45900,1.47392,,,,"15m strongest: BULLISH score=7 | above_ema200,ema_bull_stack,momentum_positive,trend_strength_bull,regime_range | weighted_score_neutral",C:\Users\GF\Documents\secret_project\cryto\logs\crypto_models_summary.csv
26e41b359c0e1ab7e9f5,crypto,BTCUSD,2026-05-13 16:55:11,2026-05-13T09:55:12.110574+00:00,SIGNAL,NEUTRAL,WAIT,WAIT,2.14,21.42,81216.20312,15m,,WAIT,81058.91265,81431.74933,,,,"15m strongest: BULLISH score=6 | above_ema200,ema_bull_stack,momentum_positive,regime_range | weighted_score_neutral",C:\Users\GF\Documents\secret_project\cryto\logs\crypto_models_summary.csv
98b41953f840dd92e83b,crypto,ETHUSD,2026-05-13 16:55:11,2026-05-13T09:55:12.110574+00:00,SIGNAL,NEUTRAL,WAIT,WAIT,-0.13,1.25,2319.85010,15m,,WAIT,2312.56341,2329.64943,,,,"15m strongest: BULLISH score=6 | above_ema200,ema_bull_stack,momentum_positive,trend_strength_bull,volume_confirmation,rsi_long_too_hot,regime_range | weighted_score_neutral",C:\Users\GF\Documents\secret_project\cryto\logs\crypto_models_summary.csv
f799352b0098642aa07c,crypto,SOLUSD,2026-05-13 16:55:11,2026-05-13T09:55:12.110574+00:00,SIGNAL,NEUTRAL,WAIT,WAIT,2.44,24.42,95.68000,15m,,WAIT,95.21467,96.33146,,,,"15m strongest: BULLISH score=5 | above_ema200,momentum_positive,trend_strength_bull,regime_range | weighted_score_neutral",C:\Users\GF\Documents\secret_project\cryto\logs\crypto_models_summary.csv
a1dfdb4c3781bed4f2b1,crypto,BNBUSD,2026-05-13 16:55:11,2026-05-13T09:55:12.110574+00:00,SIGNAL,NEUTRAL,WAIT,WAIT,3.57,35.75,684.71002,1h,,WAIT,679.01475,692.17280,,,,"1h strongest: BULLISH score=6 | above_ema200,ema_bull_stack,momentum_positive,trend_strength_bull,volume_confirmation,rsi_long_too_hot,regime_trend | weighted_score_neutral",C:\Users\GF\Documents\secret_project\cryto\logs\crypto_models_summary.csv
69139f3aa8093076fcfd,crypto,XRPUSD,2026-05-13 16:55:11,2026-05-13T09:55:12.111576+00:00,SIGNAL,NEUTRAL,WAIT,WAIT,3.44,34.42,1.46860,1h,,WAIT,1.45208,1.49182,,,,"1h strongest: BULLISH score=7 | above_ema200,ema_bull_stack,momentum_positive,volume_confirmation,regime_range | weighted_score_neutral",C:\Users\GF\Documents\secret_project\cryto\logs\crypto_models_summary.csv
78da3f6a0494ebaa8c7f,crypto,BTCUSD,2026-05-13 17:02:14,2026-05-13T10:02:14.460327+00:00,SIGNAL,NEUTRAL,WAIT,WAIT,2.01,20.08,81235.32031,1h,,WAIT,80854.07529,81757.76719,,,,"1h strongest: BULLISH score=7 | above_ema200,ema_bull_stack,momentum_positive,trend_strength_bull,regime_range | weighted_score_neutral",C:\Users\GF\Documents\secret_project\cryto\logs\crypto_models_summary.csv
3dbbf08c253e5f63e112,crypto,ETHUSD,2026-05-13 17:02:14,2026-05-13T10:02:14.460327+00:00,SIGNAL,NEUTRAL,WAIT,WAIT,0.80,8.00,2319.15991,15m,,WAIT,2312.21246,2328.50304,,,,"15m strongest: BULLISH score=5 | above_ema200,ema_bull_stack,momentum_positive,trend_strength_bull,rsi_long_too_hot,regime_range | weighted_score_neutral",C:\Users\GF\Documents\secret_project\cryto\logs\crypto_models_summary.csv
967fbc35bcc8baa660ef,crypto,SOLUSD,2026-05-13 17:02:14,2026-05-13T10:02:14.460327+00:00,SIGNAL,NEUTRAL,WAIT,WAIT,2.64,26.42,95.64000,15m,,WAIT,95.19541,96.26243,,,,"15m strongest: BULLISH score=5 | above_ema200,momentum_positive,trend_strength_bull,regime_range | weighted_score_neutral",C:\Users\GF\Documents\secret_project\cryto\logs\crypto_models_summary.csv
18a5a9234de66934ed52,crypto,BNBUSD,2026-05-13 17:02:14,2026-05-13T10:02:14.460327+00:00,SIGNAL,NEUTRAL,WAIT,WAIT,3.04,30.42,684.70001,15m,,WAIT,682.26806,687.88671,,,,"15m strongest: BULLISH score=5 | above_ema200,ema_bull_stack,momentum_positive,trend_strength_bull,rsi_long_too_hot,regime_range | weighted_score_neutral",C:\Users\GF\Documents\secret_project\cryto\logs\crypto_models_summary.csv
26cd54314bbef80ef371,crypto,XRPUSD,2026-05-13 17:02:14,2026-05-13T10:02:14.460327+00:00,SIGNAL,NEUTRAL,WAIT,WAIT,3.39,33.92,1.46670,15m,,WAIT,1.46012,1.47595,,,,"15m strongest: BULLISH score=7 | above_ema200,ema_bull_stack,momentum_positive,trend_strength_bull,regime_range | weighted_score_neutral",C:\Users\GF\Documents\secret_project\cryto\logs\crypto_models_summary.csv
06c0071fa7663a8a1c0f,crypto,BTCUSD,2026-05-13 17:07:06,2026-05-13T10:07:06.439126+00:00,SIGNAL,NEUTRAL,WAIT,WAIT,2.01,20.08,81191.03906,1h,,WAIT,80804.23961,81721.09757,,,,"1h strongest: BULLISH score=7 | above_ema200,ema_bull_stack,momentum_positive,trend_strength_bull,regime_range | weighted_score_neutral",C:\Users\GF\Documents\secret_project\cryto\logs\crypto_models_summary.csv
a8b7febf4c4aec47f12c,crypto,ETHUSD,2026-05-13 17:07:06,2026-05-13T10:07:06.439126+00:00,SIGNAL,NEUTRAL,WAIT,WAIT,0.80,8.00,2318.03003,15m,,WAIT,2310.85887,2327.67400,,,,"15m strongest: BULLISH score=5 | above_ema200,ema_bull_stack,momentum_positive,trend_strength_bull,rsi_long_too_hot,regime_range | weighted_score_neutral",C:\Users\GF\Documents\secret_project\cryto\logs\crypto_models_summary.csv
48be00fc320fbfa35495,crypto,SOLUSD,2026-05-13 17:07:06,2026-05-13T10:07:06.439126+00:00,SIGNAL,NEUTRAL,WAIT,WAIT,2.64,26.42,95.52000,15m,,WAIT,95.06041,96.16342,,,,"15m strongest: BULLISH score=5 | above_ema200,momentum_positive,trend_strength_bull,regime_range | weighted_score_neutral",C:\Users\GF\Documents\secret_project\cryto\logs\crypto_models_summary.csv
3f3bafa5ef23af0fabf3,crypto,BNBUSD,2026-05-13 17:07:06,2026-05-13T10:07:06.439126+00:00,SIGNAL,NEUTRAL,WAIT,WAIT,3.04,30.42,683.59998,15m,,WAIT,681.05409,686.93597,,,,"15m strongest: BULLISH score=5 | above_ema200,ema_bull_stack,momentum_positive,trend_strength_bull,rsi_long_too_hot,regime_range | weighted_score_neutral",C:\Users\GF\Documents\secret_project\cryto\logs\crypto_models_summary.csv
fd04186161b6eaffcfe3,crypto,XRPUSD,2026-05-13 17:07:06,2026-05-13T10:07:06.439126+00:00,SIGNAL,NEUTRAL,WAIT,WAIT,3.39,33.92,1.46580,15m,,WAIT,1.45909,1.47524,,,,"15m strongest: BULLISH score=7 | above_ema200,ema_bull_stack,momentum_positive,trend_strength_bull,regime_range | weighted_score_neutral",C:\Users\GF\Documents\secret_project\cryto\logs\crypto_models_summary.csv
465224c90588f486adaa,crypto,BTCUSD,2026-05-13 17:12:05,2026-05-13T10:12:06.171645+00:00,SIGNAL,NEUTRAL,WAIT,WAIT,2.01,20.08,81111.89062,1h,,WAIT,80717.65939,81652.13343,,,,"1h strongest: BULLISH score=7 | above_ema200,ema_bull_stack,momentum_positive,trend_strength_bull,regime_range | weighted_score_neutral",C:\Users\GF\Documents\secret_project\cryto\logs\crypto_models_summary.csv
d34cbb2286da7fb5cdce,crypto,ETHUSD,2026-05-13 17:12:05,2026-05-13T10:12:06.171645+00:00,SIGNAL,NEUTRAL,WAIT,WAIT,-0.25,2.50,2315.58008,15m,,WAIT,2308.18933,2325.51936,,,,"15m strongest: BULLISH score=7 | above_ema200,ema_bull_stack,momentum_positive,trend_strength_bull,regime_range | weighted_score_neutral",C:\Users\GF\Documents\secret_project\cryto\logs\crypto_models_summary.csv
5020fb35f40b999a0402,crypto,SOLUSD,2026-05-13 17:12:05,2026-05-13T10:12:06.171645+00:00,SIGNAL,NEUTRAL,WAIT,WAIT,2.64,26.42,95.41000,15m,,WAIT,94.93416,96.07618,,,,"15m strongest: BULLISH score=5 | above_ema200,momentum_positive,trend_strength_bull,regime_range | weighted_score_neutral",C:\Users\GF\Documents\secret_project\cryto\logs\crypto_models_summary.csv
943919cbe332d915fe20,crypto,BNBUSD,2026-05-13 17:12:05,2026-05-13T10:12:06.171645+00:00,SIGNAL,NEUTRAL,WAIT,WAIT,3.19,31.92,683.25000,15m,,WAIT,680.65233,686.65385,,,,"15m strongest: BULLISH score=7 | above_ema200,ema_bull_stack,momentum_positive,trend_strength_bull,regime_range | weighted_score_neutral",C:\Users\GF\Documents\secret_project\cryto\logs\crypto_models_summary.csv
11147c00dca92fdccc03,crypto,XRPUSD,2026-05-13 17:12:05,2026-05-13T10:12:06.171645+00:00,SIGNAL,NEUTRAL,WAIT,WAIT,3.24,32.42,1.46260,1h,,WAIT,1.44640,1.48537,,,,"1h strongest: BULLISH score=6 | above_ema200,ema_bull_stack,momentum_positive,regime_range | weighted_score_neutral",C:\Users\GF\Documents\secret_project\cryto\logs\crypto_models_summary.csv
a75a72c45203dd48244a,crypto,BTCUSD,2026-05-13 17:20:33,2026-05-13T10:20:33.421361+00:00,SIGNAL,NEUTRAL,WAIT,WAIT,1.78,17.83,81096.75781,1h,,WAIT,80699.47250,81641.18583,,,,"1h strongest: BULLISH score=7 | above_ema200,ema_bull_stack,momentum_positive,volume_confirmation,regime_range | weighted_score_neutral",C:\Users\GF\Documents\secret_project\cryto\logs\crypto_models_summary.csv
508450a5a11904f5a1b6,crypto,ETHUSD,2026-05-13 17:20:33,2026-05-13T10:20:33.421361+00:00,SIGNAL,NEUTRAL,WAIT,WAIT,-0.25,2.50,2314.89990,15m,,WAIT,2307.67429,2324.61711,,,,"15m strongest: BULLISH score=7 | above_ema200,ema_bull_stack,momentum_positive,trend_strength_bull,regime_range | weighted_score_neutral",C:\Users\GF\Documents\secret_project\cryto\logs\crypto_models_summary.csv
62ba6b0d072fdfe12057,crypto,SOLUSD,2026-05-13 17:20:33,2026-05-13T10:20:33.421361+00:00,SIGNAL,NEUTRAL,WAIT,WAIT,2.49,24.92,95.39000,4h,,WAIT,92.98243,98.76060,,,,"4h strongest: BULLISH score=5 | above_ema200,ema_bull_stack,trend_strength_bull,regime_trend | weighted_score_neutral",C:\Users\GF\Documents\secret_project\cryto\logs\crypto_models_summary.csv
ae67aff544bd61c6056e,crypto,BNBUSD,2026-05-13 17:20:33,2026-05-13T10:20:33.421361+00:00,SIGNAL,NEUTRAL,WAIT,WAIT,3.19,31.92,682.87000,15m,,WAIT,680.38685,686.12377,,,,"15m strongest: BULLISH score=7 | above_ema200,ema_bull_stack,momentum_positive,trend_strength_bull,regime_range | weighted_score_neutral",C:\Users\GF\Documents\secret_project\cryto\logs\crypto_models_summary.csv
98a0f279dd3e5c2e7682,crypto,XRPUSD,2026-05-13 17:20:33,2026-05-13T10:20:33.421361+00:00,SIGNAL,NEUTRAL,WAIT,WAIT,3.24,32.42,1.46090,1h,,WAIT,1.44430,1.48422,,,,"1h strongest: BULLISH score=6 | above_ema200,ema_bull_stack,momentum_positive,regime_range | weighted_score_neutral",C:\Users\GF\Documents\secret_project\cryto\logs\crypto_models_summary.csv
ba3a4f61ca742ad5cc41,crypto,BTCUSD,2026-05-13 17:28:47,2026-05-13T10:28:48.198247+00:00,SIGNAL,NEUTRAL,WAIT,WAIT,1.71,17.08,81065.71875,1h,,WAIT,80668.11930,81610.57726,,,,"1h strongest: BULLISH score=7 | above_ema200,ema_bull_stack,momentum_positive,volume_confirmation,regime_range | weighted_score_neutral",C:\Users\GF\Documents\secret_project\cryto\logs\crypto_models_summary.csv
db3e6b0d008b179b2f80,crypto,ETHUSD,2026-05-13 17:28:47,2026-05-13T10:28:48.198247+00:00,SIGNAL,NEUTRAL,WAIT,WAIT,-1.18,11.75,2313.69995,15m,,WAIT,2306.42050,2323.48955,,,,"15m strongest: BULLISH score=8 | above_ema200,ema_bull_stack,momentum_positive,trend_strength_bull,volume_confirmation,regime_range | weighted_score_neutral",C:\Users\GF\Documents\secret_project\cryto\logs\crypto_models_summary.csv
d70a623253cc31e1d56b,crypto,SOLUSD,2026-05-13 17:28:47,2026-05-13T10:28:48.198247+00:00,SIGNAL,NEUTRAL,WAIT,WAIT,2.49,24.92,95.35000,4h,,WAIT,92.94243,98.72060,,,,"4h strongest: BULLISH score=5 | above_ema200,ema_bull_stack,trend_strength_bull,regime_trend | weighted_score_neutral",C:\Users\GF\Documents\secret_project\cryto\logs\crypto_models_summary.csv
3ae8023d9185f8f55636,crypto,BNBUSD,2026-05-13 17:28:47,2026-05-13T10:28:48.198247+00:00,SIGNAL,NEUTRAL,WAIT,WAIT,3.19,31.92,681.59003,15m,,WAIT,678.99296,684.99308,,,,"15m strongest: BULLISH score=7 | above_ema200,ema_bull_stack,momentum_positive,trend_strength_bull,regime_range | weighted_score_neutral",C:\Users\GF\Documents\secret_project\cryto\logs\crypto_models_summary.csv
592bc63098f565dbfafa,crypto,XRPUSD,2026-05-13 17:28:47,2026-05-13T10:28:48.198247+00:00,SIGNAL,NEUTRAL,WAIT,WAIT,2.42,24.25,1.45670,1h,,WAIT,1.43972,1.48056,,,,"1h strongest: BULLISH score=6 | above_ema200,ema_bull_stack,momentum_positive,regime_range | weighted_score_neutral",C:\Users\GF\Documents\secret_project\cryto\logs\crypto_models_summary.csv
e4ba0ff5849a8911c0e3,crypto,BTCUSD,2026-05-13 18:43:47,2026-05-13T11:43:47.969314+00:00,SIGNAL,NEUTRAL,WAIT,WAIT,0.32,3.17,80630.00000,1h,,WAIT,80206.12448,81210.86645,,,,"1h strongest: BULLISH score=6 | above_ema200,momentum_positive,trend_strength_bull,volume_confirmation,regime_range | weighted_score_neutral",C:\Users\GF\Documents\secret_project\cryto\logs\crypto_models_summary.csv
8a1e382ca98ada045c21,crypto,ETHUSD,2026-05-13 18:43:47,2026-05-13T11:43:47.970270+00:00,SIGNAL,NEUTRAL,WAIT,WAIT,-1.55,15.50,2304.56006,15m,,WAIT,nan,nan,,,,"15m strongest: NEUTRAL score=3 | above_ema200,ema_bull_stack,momentum_negative,trend_strength_bull,regime_range | weighted_score_neutral",C:\Users\GF\Documents\secret_project\cryto\logs\crypto_models_summary.csv
a573f39593a9de8d38bb,crypto,SOLUSD,2026-05-13 18:43:47,2026-05-13T11:43:47.970270+00:00,SIGNAL,NEUTRAL,WAIT,WAIT,0.80,8.00,94.55000,15m,,WAIT,95.07286,93.81800,,,,"15m strongest: BEARISH score=-8 | below_ema200,ema_bear_stack,momentum_negative,trend_strength_bear,volume_confirmation,regime_range | weighted_score_neutral",C:\Users\GF\Documents\secret_project\cryto\logs\crypto_models_summary.csv
f5901151ae1996ae625b,crypto,BNBUSD,2026-05-13 18:43:47,2026-05-13T11:43:47.970270+00:00,SIGNAL,NEUTRAL,WAIT,WAIT,3.29,32.92,679.12000,1h,,WAIT,673.42243,686.58577,,,,"1h strongest: BULLISH score=7 | above_ema200,ema_bull_stack,momentum_positive,trend_strength_bull,regime_trend | weighted_score_neutral",C:\Users\GF\Documents\secret_project\cryto\logs\crypto_models_summary.csv
6a887b3eed38428d4fa9,crypto,XRPUSD,2026-05-13 18:43:47,2026-05-13T11:43:47.970270+00:00,SIGNAL,NEUTRAL,WAIT,WAIT,2.18,21.75,1.45120,1h,,WAIT,1.43404,1.47532,,,,"1h strongest: BULLISH score=7 | above_ema200,ema_bull_stack,momentum_positive,volume_confirmation,regime_range | weighted_score_neutral",C:\Users\GF\Documents\secret_project\cryto\logs\crypto_models_summary.csv
40e0726c1f1ed8c1abda,crypto,BTCUSD,2026-05-13 18:48:54,2026-05-13T11:48:54.806496+00:00,SIGNAL,NEUTRAL,WAIT,WAIT,0.32,3.17,80600.00781,1h,,WAIT,80176.13230,81180.87426,,,,"1h strongest: BULLISH score=6 | above_ema200,momentum_positive,trend_strength_bull,volume_confirmation,regime_range | weighted_score_neutral",C:\Users\GF\Documents\secret_project\cryto\logs\crypto_models_summary.csv
a54a41d496f85899d9c4,crypto,ETHUSD,2026-05-13 18:48:54,2026-05-13T11:48:54.806496+00:00,SIGNAL,NEUTRAL,WAIT,WAIT,-2.00,20.00,2303.81006,15m,,WAIT,nan,nan,,,,"15m strongest: NEUTRAL score=-3 | below_ema200,ema_bull_stack,momentum_negative,trend_strength_bear,regime_range | weighted_score_neutral",C:\Users\GF\Documents\secret_project\cryto\logs\crypto_models_summary.csv
320ae96a7935797fede2,crypto,SOLUSD,2026-05-13 18:48:54,2026-05-13T11:48:54.806496+00:00,SIGNAL,NEUTRAL,WAIT,WAIT,0.88,8.75,94.50000,15m,,WAIT,95.00292,93.79591,,,,"15m strongest: BEARISH score=-7 | below_ema200,ema_bear_stack,momentum_negative,trend_strength_bear,regime_range | weighted_score_neutral",C:\Users\GF\Documents\secret_project\cryto\logs\crypto_models_summary.csv
941254850efcad96adc8,crypto,BNBUSD,2026-05-13 18:48:54,2026-05-13T11:48:54.806496+00:00,SIGNAL,NEUTRAL,WAIT,WAIT,3.29,32.92,678.90002,1h,,WAIT,673.20246,686.36580,,,,"1h strongest: BULLISH score=7 | above_ema200,ema_bull_stack,momentum_positive,trend_strength_bull,regime_trend | weighted_score_neutral",C:\Users\GF\Documents\secret_project\cryto\logs\crypto_models_summary.csv
a0f5985d7c75bb067b23,crypto,XRPUSD,2026-05-13 18:48:54,2026-05-13T11:48:54.806496+00:00,SIGNAL,NEUTRAL,WAIT,WAIT,2.18,21.75,1.44990,1h,,WAIT,1.43274,1.47402,,,,"1h strongest: BULLISH score=7 | above_ema200,ema_bull_stack,momentum_positive,volume_confirmation,regime_range | weighted_score_neutral",C:\Users\GF\Documents\secret_project\cryto\logs\crypto_models_summary.csv
e72311f2b31389be67b7,crypto,BTCUSD,2026-05-13 18:56:49,2026-05-13T11:56:49.514691+00:00,SIGNAL,NEUTRAL,WAIT,WAIT,-0.13,1.33,80500.34375,15m,,WAIT,nan,nan,,,,"15m strongest: NEUTRAL score=-3 | below_ema200,momentum_negative,trend_strength_bear,rsi_short_too_cold,regime_range | weighted_score_neutral",C:\Users\GF\Documents\secret_project\cryto\logs\crypto_models_summary.csv
9d2a8eaa955cadea4a40,crypto,ETHUSD,2026-05-13 18:56:49,2026-05-13T11:56:49.514691+00:00,SIGNAL,NEUTRAL,WAIT,WAIT,-2.00,20.00,2301.19995,15m,,WAIT,nan,nan,,,,"15m strongest: NEUTRAL score=-3 | below_ema200,ema_bull_stack,momentum_negative,trend_strength_bear,regime_range | weighted_score_neutral",C:\Users\GF\Documents\secret_project\cryto\logs\crypto_models_summary.csv
31a4dffa38243761ea49,crypto,SOLUSD,2026-05-13 18:56:49,2026-05-13T11:56:49.514691+00:00,SIGNAL,NEUTRAL,WAIT,WAIT,0.88,8.75,94.35000,15m,,WAIT,94.88667,93.59865,,,,"15m strongest: BEARISH score=-7 | below_ema200,ema_bear_stack,momentum_negative,trend_strength_bear,regime_range | weighted_score_neutral",C:\Users\GF\Documents\secret_project\cryto\logs\crypto_models_summary.csv
ca8f786de710e9ea18eb,crypto,BNBUSD,2026-05-13 18:56:49,2026-05-13T11:56:49.514691+00:00,SIGNAL,NEUTRAL,WAIT,WAIT,3.29,32.92,677.90002,1h,,WAIT,672.19624,685.37395,,,,"1h strongest: BULLISH score=7 | above_ema200,ema_bull_stack,momentum_positive,trend_strength_bull,regime_trend | weighted_score_neutral",C:\Users\GF\Documents\secret_project\cryto\logs\crypto_models_summary.csv
c422796fe930028c0f3f,crypto,XRPUSD,2026-05-13 18:56:49,2026-05-13T11:56:49.514691+00:00,SIGNAL,NEUTRAL,WAIT,WAIT,2.18,21.75,1.44830,1h,,WAIT,1.43085,1.47283,,,,"1h strongest: BULLISH score=7 | above_ema200,ema_bull_stack,momentum_positive,volume_confirmation,regime_range | weighted_score_neutral",C:\Users\GF\Documents\secret_project\cryto\logs\crypto_models_summary.csv
63f469501f0da26c72e0,crypto,BTCUSD,2026-05-13 19:04:34,2026-05-13T12:04:34.332551+00:00,SIGNAL,NEUTRAL,WAIT,WAIT,-1.11,11.08,80545.10938,15m,,WAIT,80737.33889,80281.68375,,,,"15m strongest: BEARISH score=-8 | below_ema200,ema_bear_stack,momentum_negative,trend_strength_bear,volume_confirmation,regime_range | weighted_score_neutral",C:\Users\GF\Documents\secret_project\cryto\logs\crypto_models_summary.csv
b5b5a4587ba3981cce43,crypto,ETHUSD,2026-05-13 19:04:34,2026-05-13T12:04:34.332551+00:00,SIGNAL,NEUTRAL,WAIT,WAIT,-1.55,15.50,2304.10010,15m,,WAIT,nan,nan,,,,"15m strongest: NEUTRAL score=3 | above_ema200,ema_bull_stack,momentum_negative,trend_strength_bull,regime_range | weighted_score_neutral",C:\Users\GF\Documents\secret_project\cryto\logs\crypto_models_summary.csv
442d1d5d5b28e96f3b81,crypto,SOLUSD,2026-05-13 19:04:34,2026-05-13T12:04:34.332551+00:00,SIGNAL,NEUTRAL,WAIT,WAIT,0.67,6.75,94.54000,15m,,WAIT,95.06959,93.79857,,,,"15m strongest: BEARISH score=-7 | below_ema200,ema_bear_stack,momentum_negative,trend_strength_bear,regime_range | weighted_score_neutral",C:\Users\GF\Documents\secret_project\cryto\logs\crypto_models_summary.csv
a7dff155d7b51bf001c3,crypto,BNBUSD,2026-05-13 19:04:34,2026-05-13T12:04:34.332551+00:00,SIGNAL,NEUTRAL,WAIT,WAIT,3.29,32.92,679.40002,1h,,WAIT,673.94830,686.54367,,,,"1h strongest: BULLISH score=7 | above_ema200,ema_bull_stack,momentum_positive,trend_strength_bull,regime_trend | weighted_score_neutral",C:\Users\GF\Documents\secret_project\cryto\logs\crypto_models_summary.csv
2b4df67f64ec36394da0,crypto,BTCUSD,2026-05-13 19:12:30,2026-05-13T12:12:30.973344+00:00,SIGNAL,NEUTRAL,WAIT,WAIT,-2.16,21.58,80454.02344,15m,,WAIT,80649.31456,80186.40227,,,,"15m strongest: BEARISH score=-6 | below_ema200,ema_bear_stack,momentum_negative,trend_strength_bear,volume_confirmation,rsi_short_too_cold,regime_range | weighted_score_neutral",C:\Users\GF\Documents\secret_project\cryto\logs\crypto_models_summary.csv
3cf94ce21fbe700a6814,crypto,ETHUSD,2026-05-13 19:12:30,2026-05-13T12:12:30.973344+00:00,SIGNAL,NEUTRAL,WAIT,WAIT,-2.00,20.00,2301.80005,15m,,WAIT,nan,nan,,,,"15m strongest: NEUTRAL score=-3 | below_ema200,ema_bull_stack,momentum_negative,trend_strength_bear,regime_range | weighted_score_neutral",C:\Users\GF\Documents\secret_project\cryto\logs\crypto_models_summary.csv
088f72f063de9a94f604,crypto,SOLUSD,2026-05-13 19:12:30,2026-05-13T12:12:30.973344+00:00,SIGNAL,NEUTRAL,WAIT,WAIT,0.40,4.00,94.42000,15m,,WAIT,94.95459,93.67157,,,,"15m strongest: BEARISH score=-8 | below_ema200,ema_bear_stack,momentum_negative,trend_strength_bear,volume_confirmation,regime_range | weighted_score_neutral",C:\Users\GF\Documents\secret_project\cryto\logs\crypto_models_summary.csv
e3e12d9c8d2c03e63fab,crypto,BNBUSD,2026-05-13 19:12:30,2026-05-13T12:12:30.973344+00:00,SIGNAL,NEUTRAL,WAIT,WAIT,3.29,32.92,678.91998,1h,,WAIT,673.46826,686.06362,,,,"1h strongest: BULLISH score=7 | above_ema200,ema_bull_stack,momentum_positive,trend_strength_bull,regime_trend | weighted_score_neutral",C:\Users\GF\Documents\secret_project\cryto\logs\crypto_models_summary.csv
3f67b6a64858ba06a50d,crypto,XRPUSD,2026-05-13 19:12:30,2026-05-13T12:12:30.973344+00:00,SIGNAL,NEUTRAL,WAIT,WAIT,1.97,19.75,1.44620,1h,,WAIT,1.42958,1.46955,,,,"1h strongest: BULLISH score=6 | above_ema200,ema_bull_stack,momentum_positive,regime_range | weighted_score_neutral",C:\Users\GF\Documents\secret_project\cryto\logs\crypto_models_summary.csv
b8776610c827d802084c,crypto,BTCUSD,2026-05-13 19:21:40,2026-05-13T12:21:40.785655+00:00,SIGNAL,NEUTRAL,WAIT,WAIT,-2.08,20.83,80436.03125,1h,,WAIT,80848.10086,79871.34327,,,,"1h strongest: BEARISH score=-6 | below_ema200,momentum_negative,trend_strength_bear,volume_confirmation,regime_range | weighted_score_neutral",C:\Users\GF\Documents\secret_project\cryto\logs\crypto_models_summary.csv
700df878b9e161460523,crypto,ETHUSD,2026-05-13 19:21:40,2026-05-13T12:21:40.785655+00:00,SIGNAL,NEUTRAL,WAIT,WAIT,-2.00,20.00,2303.05005,15m,,WAIT,nan,nan,,,,"15m strongest: NEUTRAL score=-3 | below_ema200,ema_bull_stack,momentum_negative,trend_strength_bear,regime_range | weighted_score_neutral",C:\Users\GF\Documents\secret_project\cryto\logs\crypto_models_summary.csv
aa05d8837e0463805386,crypto,SOLUSD,2026-05-13 19:21:40,2026-05-13T12:21:40.785655+00:00,SIGNAL,NEUTRAL,WAIT,WAIT,0.48,4.75,94.32000,15m,,WAIT,94.85140,93.57603,,,,"15m strongest: BEARISH score=-7 | below_ema200,ema_bear_stack,momentum_negative,trend_strength_bear,regime_range | weighted_score_neutral",C:\Users\GF\Documents\secret_project\cryto\logs\crypto_models_summary.csv
9e387042dc9a93c60b92,crypto,BNBUSD,2026-05-13 19:21:40,2026-05-13T12:21:40.785655+00:00,SIGNAL,NEUTRAL,WAIT,WAIT,3.29,32.92,678.59998,1h,,WAIT,673.09646,685.81147,,,,"1h strongest: BULLISH score=7 | above_ema200,ema_bull_stack,momentum_positive,trend_strength_bull,regime_trend | weighted_score_neutral",C:\Users\GF\Documents\secret_project\cryto\logs\crypto_models_summary.csv
ea4f291094cf2e66cb1b,crypto,XRPUSD,2026-05-13 19:21:40,2026-05-13T12:21:40.785655+00:00,SIGNAL,NEUTRAL,WAIT,WAIT,2.12,21.25,1.44480,1h,,WAIT,1.42800,1.46841,,,,"1h strongest: BULLISH score=6 | above_ema200,ema_bull_stack,momentum_positive,regime_range | weighted_score_neutral",C:\Users\GF\Documents\secret_project\cryto\logs\crypto_models_summary.csv
daa3d62f87ccb7e8380c,crypto,BTCUSD,2026-05-13 19:29:28,2026-05-13T12:29:29.093274+00:00,SIGNAL,NEUTRAL,WAIT,WAIT,-2.08,20.83,80319.06250,1h,,WAIT,80757.22884,79718.61233,,,,"1h strongest: BEARISH score=-6 | below_ema200,momentum_negative,trend_strength_bear,volume_confirmation,regime_range | weighted_score_neutral",C:\Users\GF\Documents\secret_project\cryto\logs\crypto_models_summary.csv
3532769674a12c24f964,crypto,ETHUSD,2026-05-13 19:29:28,2026-05-13T12:29:29.093274+00:00,SIGNAL,NEUTRAL,WAIT,WAIT,-2.00,20.00,2297.33008,15m,,WAIT,nan,nan,,,,"15m strongest: NEUTRAL score=-3 | below_ema200,ema_bull_stack,momentum_negative,trend_strength_bear,regime_range | weighted_score_neutral",C:\Users\GF\Documents\secret_project\cryto\logs\crypto_models_summary.csv
694e2bd491149bedb449,crypto,SOLUSD,2026-05-13 19:29:28,2026-05-13T12:29:29.093274+00:00,SIGNAL,NEUTRAL,WAIT,WAIT,0.55,5.50,94.13000,15m,,WAIT,94.70390,93.32653,,,,"15m strongest: BEARISH score=-6 | below_ema200,ema_bear_stack,momentum_negative,trend_strength_bear,volume_confirmation,rsi_short_too_cold,regime_range | weighted_score_neutral",C:\Users\GF\Documents\secret_project\cryto\logs\crypto_models_summary.csv
d7678519382538246806,crypto,BNBUSD,2026-05-13 19:29:28,2026-05-13T12:29:29.093274+00:00,SIGNAL,NEUTRAL,WAIT,WAIT,3.56,35.58,675.90002,4h,,WAIT,664.35107,691.03314,,,,"4h strongest: BULLISH score=7 | above_ema200,ema_bull_stack,momentum_positive,trend_strength_bull,regime_trend | weighted_score_neutral",C:\Users\GF\Documents\secret_project\cryto\logs\crypto_models_summary.csv
63c269dcc60c802969e6,crypto,XRPUSD,2026-05-13 19:29:28,2026-05-13T12:29:29.093274+00:00,SIGNAL,NEUTRAL,WAIT,WAIT,2.32,23.25,1.44310,1h,,WAIT,1.42555,1.46777,,,,"1h strongest: BULLISH score=7 | above_ema200,ema_bull_stack,momentum_positive,volume_confirmation,regime_range | weighted_score_neutral",C:\Users\GF\Documents\secret_project\cryto\logs\crypto_models_summary.csv
0dd6ad1af11a6c7b1aed,crypto,BTCUSD,2026-05-13 19:37:23,2026-05-13T12:37:24.087442+00:00,SIGNAL,NEUTRAL,WAIT,WAIT,-2.08,20.83,80026.97656,1h,,WAIT,80477.01266,79410.26043,,,,"1h strongest: BEARISH score=-6 | below_ema200,momentum_negative,trend_strength_bear,volume_confirmation,regime_range | weighted_score_neutral",C:\Users\GF\Documents\secret_project\cryto\logs\crypto_models_summary.csv
d1daa644fda11d829609,crypto,ETHUSD,2026-05-13 19:37:23,2026-05-13T12:37:24.087442+00:00,SIGNAL,BEARISH,BEARISH_WATCH,WATCH,-4.63,46.33,2282.40991,4h,,WAIT,2320.97619,2230.54492,,,,"4h strongest: BEARISH score=-6 | below_ema200,momentum_negative,trend_strength_bear,volume_confirmation,regime_trend | short_disabled_crypto_long_bias",C:\Users\GF\Documents\secret_project\cryto\logs\crypto_models_summary.csv
e246c7f1bffd470c6d40,crypto,SOLUSD,2026-05-13 19:37:23,2026-05-13T12:37:24.087442+00:00,SIGNAL,NEUTRAL,WAIT,WAIT,0.48,4.75,93.37000,15m,,WAIT,94.01041,92.47343,,,,"15m strongest: BEARISH score=-7 | below_ema200,ema_bear_stack,momentum_negative,trend_strength_bear,volume_confirmation,rsi_short_too_cold,breakout_regime,regime_breakout | weighted_score_neutral",C:\Users\GF\Documents\secret_project\cryto\logs\crypto_models_summary.csv
472115f9b59ff3a8cdf9,crypto,BNBUSD,2026-05-13 19:37:23,2026-05-13T12:37:24.087442+00:00,SIGNAL,NEUTRAL,WAIT,WAIT,3.76,37.58,672.29999,4h,,WAIT,660.27046,688.06282,,,,"4h strongest: BULLISH score=7 | above_ema200,ema_bull_stack,momentum_positive,trend_strength_bull,regime_trend | weighted_score_neutral",C:\Users\GF\Documents\secret_project\cryto\logs\crypto_models_summary.csv
6dd2eec96d09e59c306d,crypto,XRPUSD,2026-05-13 19:37:23,2026-05-13T12:37:24.087442+00:00,SIGNAL,NEUTRAL,WAIT,WAIT,1.03,10.25,1.43360,15m,,WAIT,1.44245,1.42116,,,,"15m strongest: BEARISH score=-5 | below_ema200,momentum_negative,trend_strength_bear,volume_confirmation,rsi_short_too_cold,breakout_regime,regime_breakout | weighted_score_neutral",C:\Users\GF\Documents\secret_project\cryto\logs\crypto_models_summary.csv
afdd3ff29bac23de0b95,crypto,BTCUSD,2026-05-13 19:40:17,2026-05-13T12:40:17.702312+00:00,SIGNAL,NEUTRAL,WAIT,WAIT,-1.68,16.83,79857.57812,15m,,WAIT,80105.47355,79517.86959,,,,"15m strongest: BEARISH score=-5 | below_ema200,ema_bear_stack,momentum_negative,trend_strength_bear,rsi_short_too_cold,regime_range | weighted_score_neutral",C:\Users\GF\Documents\secret_project\cryto\logs\crypto_models_summary.csv
4dfc2c05e555d840a249,crypto,ETHUSD,2026-05-13 19:40:17,2026-05-13T12:40:17.702312+00:00,SIGNAL,BEARISH,BEARISH_WATCH,WATCH,-5.23,52.33,2273.09009,1h,,WAIT,2292.08988,2247.53865,,,,"1h strongest: BEARISH score=-6 | below_ema200,ema_bear_stack,trend_strength_bear,volume_confirmation,regime_trend | short_disabled_crypto_long_bias",C:\Users\GF\Documents\secret_project\cryto\logs\crypto_models_summary.csv
3a5cbfb1bf19d2a089dc,crypto,SOLUSD,2026-05-13 19:40:17,2026-05-13T12:40:17.702312+00:00,SIGNAL,NEUTRAL,WAIT,WAIT,0.55,5.50,92.36000,15m,,WAIT,93.11791,91.29892,,,,"15m strongest: BEARISH score=-6 | below_ema200,ema_bear_stack,momentum_negative,trend_strength_bear,volume_confirmation,rsi_short_too_cold,regime_trend | weighted_score_neutral",C:\Users\GF\Documents\secret_project\cryto\logs\crypto_models_summary.csv
a772ece860c3dfddee0a,crypto,BNBUSD,2026-05-13 19:40:17,2026-05-13T12:40:17.702312+00:00,SIGNAL,NEUTRAL,WAIT,WAIT,3.83,38.33,669.59998,4h,,WAIT,657.41094,685.57181,,,,"4h strongest: BULLISH score=7 | above_ema200,ema_bull_stack,momentum_positive,trend_strength_bull,regime_trend | weighted_score_neutral",C:\Users\GF\Documents\secret_project\cryto\logs\crypto_models_summary.csv
c0ac5e15d0955f388dfd,crypto,XRPUSD,2026-05-13 19:40:17,2026-05-13T12:40:17.702312+00:00,SIGNAL,NEUTRAL,WAIT,WAIT,-0.38,3.75,1.42630,15m,,WAIT,1.43603,1.41263,,,,"15m strongest: BEARISH score=-5 | below_ema200,momentum_negative,trend_strength_bear,volume_confirmation,rsi_short_too_cold,breakout_regime,regime_breakout | weighted_score_neutral",C:\Users\GF\Documents\secret_project\cryto\logs\crypto_models_summary.csv
52bd5661f3945e8c80b5,crypto,BTCUSD,2026-05-13 19:45:35,2026-05-13T12:45:35.896068+00:00,SIGNAL,NEUTRAL,WAIT,WAIT,-2.16,21.58,80119.93750,15m,,WAIT,80370.88172,79776.05098,,,,"15m strongest: BEARISH score=-6 | below_ema200,ema_bear_stack,momentum_negative,trend_strength_bear,volume_confirmation,rsi_short_too_cold,regime_range | weighted_score_neutral",C:\Users\GF\Documents\secret_project\cryto\logs\crypto_models_summary.csv
e333cae1933d65935a94,crypto,ETHUSD,2026-05-13 19:45:35,2026-05-13T12:45:35.896068+00:00,SIGNAL,BEARISH,BEARISH_WATCH,WATCH,-5.23,52.33,2281.00000,1h,,WAIT,2300.37473,2254.94433,,,,"1h strongest: BEARISH score=-6 | below_ema200,ema_bear_stack,trend_strength_bear,volume_confirmation,regime_trend | short_disabled_crypto_long_bias",C:\Users\GF\Documents\secret_project\cryto\logs\crypto_models_summary.csv
a8a3fa36009a38f3f264,crypto,SOLUSD,2026-05-13 19:45:35,2026-05-13T12:45:35.896068+00:00,SIGNAL,NEUTRAL,WAIT,WAIT,0.62,6.25,92.97000,15m,,WAIT,93.68981,91.96227,,,,"15m strongest: BEARISH score=-5 | below_ema200,ema_bear_stack,momentum_negative,trend_strength_bear,rsi_short_too_cold,regime_trend | weighted_score_neutral",C:\Users\GF\Documents\secret_project\cryto\logs\crypto_models_summary.csv
27942f992696ceab0d33,crypto,BNBUSD,2026-05-13 19:45:35,2026-05-13T12:45:35.896068+00:00,SIGNAL,NEUTRAL,WAIT,WAIT,3.76,37.58,671.84003,4h,,WAIT,659.56566,687.92369,,,,"4h strongest: BULLISH score=7 | above_ema200,ema_bull_stack,momentum_positive,trend_strength_bull,regime_trend | weighted_score_neutral",C:\Users\GF\Documents\secret_project\cryto\logs\crypto_models_summary.csv
c7865651407a55d3c84c,crypto,XRPUSD,2026-05-13 19:45:35,2026-05-13T12:45:35.896068+00:00,SIGNAL,NEUTRAL,WAIT,WAIT,0.38,3.75,1.43140,15m,,WAIT,nan,nan,,,,"15m strongest: NEUTRAL score=-3 | below_ema200,momentum_negative,trend_strength_bear,rsi_short_too_cold,regime_range | weighted_score_neutral",C:\Users\GF\Documents\secret_project\cryto\logs\crypto_models_summary.csv
8454503307996dbc1a20,crypto,BTCUSD,2026-05-13 19:53:28,2026-05-13T12:53:28.467000+00:00,SIGNAL,NEUTRAL,WAIT,WAIT,-2.16,21.58,80211.20312,15m,,WAIT,80458.20189,79872.72334,,,,"15m strongest: BEARISH score=-6 | below_ema200,ema_bear_stack,momentum_negative,trend_strength_bear,volume_confirmation,rsi_short_too_cold,regime_range | weighted_score_neutral",C:\Users\GF\Documents\secret_project\cryto\logs\crypto_models_summary.csv
ec4171dddbf5cbeaed19,crypto,ETHUSD,2026-05-13 19:53:28,2026-05-13T12:53:28.467000+00:00,SIGNAL,BEARISH,BEARISH_WATCH,WATCH,-4.63,46.33,2283.37988,4h,,WAIT,2323.22631,2229.79331,,,,"4h strongest: BEARISH score=-6 | below_ema200,momentum_negative,trend_strength_bear,volume_confirmation,regime_trend | short_disabled_crypto_long_bias",C:\Users\GF\Documents\secret_project\cryto\logs\crypto_models_summary.csv
f453d67acc88f04eea10,crypto,SOLUSD,2026-05-13 19:53:28,2026-05-13T12:53:28.467000+00:00,SIGNAL,NEUTRAL,WAIT,WAIT,0.55,5.50,93.06000,15m,,WAIT,93.80092,92.02271,,,,"15m strongest: BEARISH score=-6 | below_ema200,ema_bear_stack,momentum_negative,trend_strength_bear,volume_confirmation,rsi_short_too_cold,regime_trend | weighted_score_neutral",C:\Users\GF\Documents\secret_project\cryto\logs\crypto_models_summary.csv
691abb3db83fb1d0df48,crypto,BNBUSD,2026-05-13 19:53:28,2026-05-13T12:53:28.467000+00:00,SIGNAL,BULLISH,BULLISH_WATCH,WATCH,4.09,40.92,673.09998,4h,,WAIT,660.81566,689.19667,,,,"4h strongest: BULLISH score=8 | above_ema200,ema_bull_stack,momentum_positive,trend_strength_bull,volume_confirmation,regime_trend | score_below_trade_threshold",C:\Users\GF\Documents\secret_project\cryto\logs\crypto_models_summary.csv
4774f9e5ef168c854508,crypto,XRPUSD,2026-05-13 19:53:28,2026-05-13T12:53:28.467000+00:00,SIGNAL,NEUTRAL,WAIT,WAIT,1.03,10.25,1.43410,15m,,WAIT,1.44370,1.42061,,,,"15m strongest: BEARISH score=-5 | below_ema200,momentum_negative,trend_strength_bear,volume_confirmation,rsi_short_too_cold,breakout_regime,regime_breakout | weighted_score_neutral",C:\Users\GF\Documents\secret_project\cryto\logs\crypto_models_summary.csv
3c646bb8403955b49c81,crypto,BTCUSD,2026-05-13 20:01:15,2026-05-13T13:01:15.550460+00:00,SIGNAL,NEUTRAL,WAIT,WAIT,-1.88,18.83,80215.21094,15m,,WAIT,80448.68323,79895.26743,,,,"15m strongest: BEARISH score=-5 | below_ema200,ema_bear_stack,momentum_negative,trend_strength_bear,rsi_short_too_cold,regime_range | weighted_score_neutral",C:\Users\GF\Documents\secret_project\cryto\logs\crypto_models_summary.csv
aaface5b0999a7ada303,crypto,ETHUSD,2026-05-13 20:01:15,2026-05-13T13:01:15.550460+00:00,SIGNAL,BEARISH,BEARISH_WATCH,WATCH,-5.18,51.83,2285.00000,4h,,WAIT,2324.84643,2231.41343,,,,"4h strongest: BEARISH score=-6 | below_ema200,momentum_negative,trend_strength_bear,volume_confirmation,regime_trend | short_disabled_crypto_long_bias",C:\Users\GF\Documents\secret_project\cryto\logs\crypto_models_summary.csv
fe1116f23bf295e11df1,crypto,SOLUSD,2026-05-13 20:01:15,2026-05-13T13:01:15.550460+00:00,SIGNAL,NEUTRAL,WAIT,WAIT,0.62,6.25,93.26000,15m,,WAIT,93.96175,92.27756,,,,"15m strongest: BEARISH score=-5 | below_ema200,ema_bear_stack,momentum_negative,trend_strength_bear,rsi_short_too_cold,regime_trend | weighted_score_neutral",C:\Users\GF\Documents\secret_project\cryto\logs\crypto_models_summary.csv
4a3887bd3b8dfe368752,crypto,BNBUSD,2026-05-13 20:01:15,2026-05-13T13:01:15.550460+00:00,SIGNAL,NEUTRAL,WAIT,WAIT,3.49,34.92,673.32001,4h,,WAIT,661.03569,689.41670,,,,"4h strongest: BULLISH score=8 | above_ema200,ema_bull_stack,momentum_positive,trend_strength_bull,volume_confirmation,regime_trend | weighted_score_neutral",C:\Users\GF\Documents\secret_project\cryto\logs\crypto_models_summary.csv
586b089071bc3e626094,crypto,XRPUSD,2026-05-13 20:01:15,2026-05-13T13:01:15.550460+00:00,SIGNAL,NEUTRAL,WAIT,WAIT,0.78,7.75,1.43590,15m,,WAIT,nan,nan,,,,"15m strongest: NEUTRAL score=-3 | below_ema200,momentum_negative,trend_strength_bear,rsi_short_too_cold,regime_range | weighted_score_neutral",C:\Users\GF\Documents\secret_project\cryto\logs\crypto_models_summary.csv
2f0011a8f6f35d03019e,crypto,BTCUSD,2026-05-13 20:09:15,2026-05-13T13:09:15.256877+00:00,SIGNAL,NEUTRAL,WAIT,WAIT,-2.16,21.58,80275.54688,15m,,WAIT,80515.48440,79946.74360,,,,"15m strongest: BEARISH score=-6 | below_ema200,ema_bear_stack,momentum_negative,trend_strength_bear,volume_confirmation,rsi_short_too_cold,regime_range | weighted_score_neutral",C:\Users\GF\Documents\secret_project\cryto\logs\crypto_models_summary.csv
5a3270ab8e6bb775ab13,crypto,ETHUSD,2026-05-13 20:09:15,2026-05-13T13:09:15.256877+00:00,SIGNAL,BEARISH,BEARISH_WATCH,WATCH,-5.38,53.83,2285.39990,1h,,WAIT,2303.86403,2260.56884,,,,"1h strongest: BEARISH score=-6 | below_ema200,ema_bear_stack,trend_strength_bear,volume_confirmation,regime_trend | short_disabled_crypto_long_bias",C:\Users\GF\Documents\secret_project\cryto\logs\crypto_models_summary.csv
af4ab19202303afb3908,crypto,SOLUSD,2026-05-13 20:09:15,2026-05-13T13:09:15.256877+00:00,SIGNAL,NEUTRAL,WAIT,WAIT,0.55,5.50,93.38000,15m,,WAIT,94.10174,92.36955,,,,"15m strongest: BEARISH score=-6 | below_ema200,ema_bear_stack,momentum_negative,trend_strength_bear,volume_confirmation,rsi_short_too_cold,regime_trend | weighted_score_neutral",C:\Users\GF\Documents\secret_project\cryto\logs\crypto_models_summary.csv
b88fd6e00d02487ea310,crypto,BNBUSD,2026-05-13 20:09:15,2026-05-13T13:09:15.256877+00:00,SIGNAL,NEUTRAL,WAIT,WAIT,3.49,34.92,674.40002,4h,,WAIT,662.11571,690.49672,,,,"4h strongest: BULLISH score=8 | above_ema200,ema_bull_stack,momentum_positive,trend_strength_bull,volume_confirmation,regime_trend | weighted_score_neutral",C:\Users\GF\Documents\secret_project\cryto\logs\crypto_models_summary.csv
6aa62ae1e558173de40a,crypto,XRPUSD,2026-05-13 20:09:15,2026-05-13T13:09:15.256877+00:00,SIGNAL,NEUTRAL,WAIT,WAIT,0.70,7.00,1.43720,15m,,WAIT,1.44669,1.42386,,,,"15m strongest: BEARISH score=-4 | below_ema200,momentum_negative,trend_strength_bear,volume_confirmation,rsi_short_too_cold,regime_range | weighted_score_neutral",C:\Users\GF\Documents\secret_project\cryto\logs\crypto_models_summary.csv
ac218ff52d59e3b9dea8,crypto,BTCUSD,2026-05-13 20:17:14,2026-05-13T13:17:14.239210+00:00,SIGNAL,NEUTRAL,WAIT,WAIT,-2.08,20.83,80261.60156,1h,,WAIT,80712.28633,79643.99651,,,,"1h strongest: BEARISH score=-6 | below_ema200,momentum_negative,trend_strength_bear,volume_confirmation,regime_range | weighted_score_neutral",C:\Users\GF\Documents\secret_project\cryto\logs\crypto_models_summary.csv
5fafd8a0fe4e86be35b6,crypto,ETHUSD,2026-05-13 20:17:14,2026-05-13T13:17:14.239210+00:00,SIGNAL,BEARISH,BEARISH_WATCH,WATCH,-5.93,59.33,2284.07007,1h,,WAIT,2302.53419,2259.23901,,,,"1h strongest: BEARISH score=-8 | below_ema200,ema_bear_stack,momentum_negative,trend_strength_bear,volume_confirmation,regime_trend | short_disabled_crypto_long_bias",C:\Users\GF\Documents\secret_project\cryto\logs\crypto_models_summary.csv
16898a39ea2b402471de,crypto,SOLUSD,2026-05-13 20:17:14,2026-05-13T13:17:14.239210+00:00,SIGNAL,NEUTRAL,WAIT,WAIT,0.62,6.25,93.31000,15m,,WAIT,93.98519,92.36473,,,,"15m strongest: BEARISH score=-5 | below_ema200,ema_bear_stack,momentum_negative,trend_strength_bear,rsi_short_too_cold,regime_trend | weighted_score_neutral",C:\Users\GF\Documents\secret_project\cryto\logs\crypto_models_summary.csv
253e9d84af3aa151b23a,crypto,BNBUSD,2026-05-13 20:17:14,2026-05-13T13:17:14.239210+00:00,SIGNAL,NEUTRAL,WAIT,WAIT,3.49,34.92,673.71002,4h,,WAIT,661.42570,689.80671,,,,"4h strongest: BULLISH score=8 | above_ema200,ema_bull_stack,momentum_positive,trend_strength_bull,volume_confirmation,regime_trend | weighted_score_neutral",C:\Users\GF\Documents\secret_project\cryto\logs\crypto_models_summary.csv
6560d6c905ccf1b5c048,crypto,XRPUSD,2026-05-13 20:17:14,2026-05-13T13:17:14.239210+00:00,SIGNAL,NEUTRAL,WAIT,WAIT,0.62,6.25,1.43760,15m,,WAIT,1.44663,1.42491,,,,"15m strongest: BEARISH score=-5 | below_ema200,momentum_negative,trend_strength_bear,regime_range | weighted_score_neutral",C:\Users\GF\Documents\secret_project\cryto\logs\crypto_models_summary.csv
ba0dd53d359a42f41761,crypto,BTCUSD,2026-05-13 20:25:54,2026-05-13T13:25:54.368393+00:00,SIGNAL,NEUTRAL,WAIT,WAIT,-2.08,20.83,80181.11719,1h,,WAIT,80631.80196,79563.51213,,,,"1h strongest: BEARISH score=-6 | below_ema200,momentum_negative,trend_strength_bear,volume_confirmation,regime_range | weighted_score_neutral",C:\Users\GF\Documents\secret_project\cryto\logs\crypto_models_summary.csv
743a5378b8a85aa62dab,crypto,ETHUSD,2026-05-13 20:25:54,2026-05-13T13:25:54.368393+00:00,SIGNAL,BEARISH,BEARISH_WATCH,WATCH,-5.93,59.33,2282.44995,1h,,WAIT,2300.96482,2257.55064,,,,"1h strongest: BEARISH score=-8 | below_ema200,ema_bear_stack,momentum_negative,trend_strength_bear,volume_confirmation,regime_trend | short_disabled_crypto_long_bias",C:\Users\GF\Documents\secret_project\cryto\logs\crypto_models_summary.csv
451e407f6745a278c1cf,crypto,SOLUSD,2026-05-13 20:25:54,2026-05-13T13:25:54.368393+00:00,SIGNAL,NEUTRAL,WAIT,WAIT,0.62,6.25,93.32000,15m,,WAIT,94.01394,92.34848,,,,"15m strongest: BEARISH score=-5 | below_ema200,ema_bear_stack,momentum_negative,trend_strength_bear,rsi_short_too_cold,regime_trend | weighted_score_neutral",C:\Users\GF\Documents\secret_project\cryto\logs\crypto_models_summary.csv
e1bed25739bfd9108931,crypto,BNBUSD,2026-05-13 20:25:54,2026-05-13T13:25:54.368393+00:00,SIGNAL,NEUTRAL,WAIT,WAIT,3.49,34.92,673.16998,4h,,WAIT,660.88566,689.26668,,,,"4h strongest: BULLISH score=8 | above_ema200,ema_bull_stack,momentum_positive,trend_strength_bull,volume_confirmation,regime_trend | weighted_score_neutral",C:\Users\GF\Documents\secret_project\cryto\logs\crypto_models_summary.csv
a43ba358417f1f1b0625,crypto,XRPUSD,2026-05-13 20:25:54,2026-05-13T13:25:54.368393+00:00,SIGNAL,NEUTRAL,WAIT,WAIT,0.78,7.75,1.43610,15m,,WAIT,nan,nan,,,,"15m strongest: NEUTRAL score=-3 | below_ema200,momentum_negative,trend_strength_bear,rsi_short_too_cold,regime_range | weighted_score_neutral",C:\Users\GF\Documents\secret_project\cryto\logs\crypto_models_summary.csv
a90933339ccdd867955c,crypto,BTCUSD,2026-05-13 20:34:03,2026-05-13T13:34:03.651186+00:00,SIGNAL,NEUTRAL,WAIT,WAIT,-2.08,20.83,80157.27344,1h,,WAIT,80619.27727,79524.15708,,,,"1h strongest: BEARISH score=-6 | below_ema200,momentum_negative,trend_strength_bear,volume_confirmation,regime_range | weighted_score_neutral",C:\Users\GF\Documents\secret_project\cryto\logs\crypto_models_summary.csv
9d76c3c1a5253ab3e442,crypto,ETHUSD,2026-05-13 20:34:03,2026-05-13T13:34:03.651186+00:00,SIGNAL,BEARISH,BEARISH_WATCH,WATCH,-5.93,59.33,2281.78003,1h,,WAIT,2300.85317,2256.12995,,,,"1h strongest: BEARISH score=-8 | below_ema200,ema_bear_stack,momentum_negative,trend_strength_bear,volume_confirmation,regime_trend | short_disabled_crypto_long_bias",C:\Users\GF\Documents\secret_project\cryto\logs\crypto_models_summary.csv
1ff1caf6a90476f0201e,crypto,SOLUSD,2026-05-13 20:34:03,2026-05-13T13:34:03.651186+00:00,SIGNAL,NEUTRAL,WAIT,WAIT,0.62,6.25,93.22000,15m,,WAIT,93.89902,92.26938,,,,"15m strongest: BEARISH score=-5 | below_ema200,ema_bear_stack,momentum_negative,trend_strength_bear,rsi_short_too_cold,regime_trend | weighted_score_neutral",C:\Users\GF\Documents\secret_project\cryto\logs\crypto_models_summary.csv
126b5056e46497ba982e,crypto,BNBUSD,2026-05-13 20:34:03,2026-05-13T13:34:03.651186+00:00,SIGNAL,NEUTRAL,WAIT,WAIT,3.49,34.92,674.28998,4h,,WAIT,662.00566,690.38667,,,,"4h strongest: BULLISH score=8 | above_ema200,ema_bull_stack,momentum_positive,trend_strength_bull,volume_confirmation,regime_trend | weighted_score_neutral",C:\Users\GF\Documents\secret_project\cryto\logs\crypto_models_summary.csv
8c720d8031fc22983586,crypto,XRPUSD,2026-05-13 20:34:03,2026-05-13T13:34:03.651186+00:00,SIGNAL,NEUTRAL,WAIT,WAIT,0.62,6.25,1.43480,15m,,WAIT,1.44393,1.42197,,,,"15m strongest: BEARISH score=-5 | below_ema200,ema_bear_stack,momentum_negative,trend_strength_bear,rsi_short_too_cold,regime_range | weighted_score_neutral",C:\Users\GF\Documents\secret_project\cryto\logs\crypto_models_summary.csv
e8e69716f3697ecd5b74,crypto,BTCUSD,2026-05-13 20:41:20,2026-05-13T13:41:20.214113+00:00,SIGNAL,NEUTRAL,WAIT,WAIT,-1.68,16.83,79791.42188,15m,,WAIT,80057.58563,79426.67896,,,,"15m strongest: BEARISH score=-5 | below_ema200,ema_bear_stack,momentum_negative,trend_strength_bear,rsi_short_too_cold,regime_range | weighted_score_neutral",C:\Users\GF\Documents\secret_project\cryto\logs\crypto_models_summary.csv
181d6dd18dd26fa0c9d1,crypto,ETHUSD,2026-05-13 20:41:20,2026-05-13T13:41:20.214113+00:00,SIGNAL,BEARISH,BEARISH_WATCH,WATCH,-5.78,57.83,2269.52002,1h,,WAIT,2289.43311,2242.74035,,,,"1h strongest: BEARISH score=-8 | below_ema200,ema_bear_stack,momentum_negative,trend_strength_bear,volume_confirmation,regime_trend | short_disabled_crypto_long_bias",C:\Users\GF\Documents\secret_project\cryto\logs\crypto_models_summary.csv
6ce1c239214b55c385fb,crypto,SOLUSD,2026-05-13 20:41:20,2026-05-13T13:41:20.214113+00:00,SIGNAL,NEUTRAL,WAIT,WAIT,0.62,6.25,92.76000,15m,,WAIT,93.48277,91.74813,,,,"15m strongest: BEARISH score=-5 | below_ema200,ema_bear_stack,momentum_negative,trend_strength_bear,rsi_short_too_cold,regime_trend | weighted_score_neutral",C:\Users\GF\Documents\secret_project\cryto\logs\crypto_models_summary.csv
1f8d23967a4f290b16b7,crypto,BNBUSD,2026-05-13 20:41:20,2026-05-13T13:41:20.214113+00:00,SIGNAL,NEUTRAL,WAIT,WAIT,3.49,34.92,672.01001,4h,,WAIT,659.72569,688.10670,,,,"4h strongest: BULLISH score=8 | above_ema200,ema_bull_stack,momentum_positive,trend_strength_bull,volume_confirmation,regime_trend | weighted_score_neutral",C:\Users\GF\Documents\secret_project\cryto\logs\crypto_models_summary.csv
340ed2a27a77732f9a8c,crypto,XRPUSD,2026-05-13 20:41:20,2026-05-13T13:41:20.214113+00:00,SIGNAL,NEUTRAL,WAIT,WAIT,-0.38,3.75,1.42910,15m,,WAIT,1.43885,1.41540,,,,"15m strongest: BEARISH score=-5 | below_ema200,ema_bear_stack,momentum_negative,trend_strength_bear,rsi_short_too_cold,regime_range | weighted_score_neutral",C:\Users\GF\Documents\secret_project\cryto\logs\crypto_models_summary.csv
79a568652dff76701ef0,crypto,BTCUSD,2026-05-13 20:49:38,2026-05-13T13:49:38.888435+00:00,SIGNAL,NEUTRAL,WAIT,WAIT,-1.76,17.58,79619.97656,15m,,WAIT,79896.36380,79241.22368,,,,"15m strongest: BEARISH score=-6 | below_ema200,ema_bear_stack,momentum_negative,trend_strength_bear,volume_confirmation,rsi_short_too_cold,regime_range | weighted_score_neutral",C:\Users\GF\Documents\secret_project\cryto\logs\crypto_models_summary.csv
9d4dadb887dc84c76ac6,crypto,ETHUSD,2026-05-13 20:49:38,2026-05-13T13:49:38.888435+00:00,SIGNAL,BEARISH,BEARISH_WATCH,WATCH,-6.01,60.08,2260.60010,1h,,WAIT,2281.55927,2232.41363,,,,"1h strongest: BEARISH score=-8 | below_ema200,ema_bear_stack,momentum_negative,trend_strength_bear,volume_confirmation,regime_trend | short_disabled_crypto_long_bias",C:\Users\GF\Documents\secret_project\cryto\logs\crypto_models_summary.csv
c73789f49327aaad5a6f,crypto,SOLUSD,2026-05-13 20:49:38,2026-05-13T13:49:38.888435+00:00,SIGNAL,NEUTRAL,WAIT,WAIT,0.55,5.50,92.29000,15m,,WAIT,93.07614,91.18940,,,,"15m strongest: BEARISH score=-6 | below_ema200,ema_bear_stack,momentum_negative,trend_strength_bear,volume_confirmation,rsi_short_too_cold,regime_trend | weighted_score_neutral",C:\Users\GF\Documents\secret_project\cryto\logs\crypto_models_summary.csv
5a9a216ca079a91581ed,crypto,BNBUSD,2026-05-13 20:49:38,2026-05-13T13:49:38.888435+00:00,SIGNAL,NEUTRAL,WAIT,WAIT,3.49,34.92,669.84003,4h,,WAIT,657.55571,685.93672,,,,"4h strongest: BULLISH score=8 | above_ema200,ema_bull_stack,momentum_positive,trend_strength_bull,volume_confirmation,regime_trend | weighted_score_neutral",C:\Users\GF\Documents\secret_project\cryto\logs\crypto_models_summary.csv
bfbaba356a17a1f07331,crypto,XRPUSD,2026-05-13 20:49:38,2026-05-13T13:49:38.888435+00:00,SIGNAL,NEUTRAL,WAIT,WAIT,-0.38,3.75,1.42570,15m,,WAIT,1.43564,1.41173,,,,"15m strongest: BEARISH score=-5 | below_ema200,ema_bear_stack,momentum_negative,trend_strength_bear,rsi_short_too_cold,regime_range | weighted_score_neutral",C:\Users\GF\Documents\secret_project\cryto\logs\crypto_models_summary.csv
cab3ddc7112e8df1a754,crypto,BTCUSD,2026-05-13 20:57:16,2026-05-13T13:57:16.497911+00:00,SIGNAL,NEUTRAL,WAIT,WAIT,-1.76,17.58,79565.99219,15m,,WAIT,79843.61718,79185.54313,,,,"15m strongest: BEARISH score=-6 | below_ema200,ema_bear_stack,momentum_negative,trend_strength_bear,volume_confirmation,rsi_short_too_cold,regime_range | weighted_score_neutral",C:\Users\GF\Documents\secret_project\cryto\logs\crypto_models_summary.csv
ef93dce44c4c547aa53e,crypto,ETHUSD,2026-05-13 20:57:16,2026-05-13T13:57:16.497911+00:00,SIGNAL,BEARISH,BEARISH_WATCH,WATCH,-5.68,56.83,2258.30005,15m,,WAIT,2270.55608,2241.81780,,,,"15m strongest: BEARISH score=-7 | below_ema200,ema_bear_stack,momentum_negative,trend_strength_bear,volume_confirmation,rsi_short_too_cold,breakout_regime,regime_breakout | short_disabled_crypto_long_bias",C:\Users\GF\Documents\secret_project\cryto\logs\crypto_models_summary.csv
6ed21fc6ad72d3311fdc,crypto,SOLUSD,2026-05-13 20:57:16,2026-05-13T13:57:16.497911+00:00,SIGNAL,NEUTRAL,WAIT,WAIT,-0.25,2.50,92.11000,15m,,WAIT,92.89614,91.00940,,,,"15m strongest: BEARISH score=-6 | below_ema200,ema_bear_stack,momentum_negative,trend_strength_bear,volume_confirmation,rsi_short_too_cold,regime_trend | weighted_score_neutral",C:\Users\GF\Documents\secret_project\cryto\logs\crypto_models_summary.csv
74c6059a04eb8740c74f,crypto,BNBUSD,2026-05-13 20:57:16,2026-05-13T13:57:16.497911+00:00,SIGNAL,NEUTRAL,WAIT,WAIT,3.49,34.92,667.20001,4h,,WAIT,654.75102,683.51249,,,,"4h strongest: BULLISH score=8 | above_ema200,ema_bull_stack,momentum_positive,trend_strength_bull,volume_confirmation,regime_trend | weighted_score_neutral",C:\Users\GF\Documents\secret_project\cryto\logs\crypto_models_summary.csv
05851d33ff508d88e567,crypto,XRPUSD,2026-05-13 20:57:16,2026-05-13T13:57:16.497911+00:00,SIGNAL,NEUTRAL,WAIT,WAIT,-0.53,5.25,1.42610,15m,,WAIT,1.43604,1.41213,,,,"15m strongest: BEARISH score=-7 | below_ema200,ema_bear_stack,momentum_negative,trend_strength_bear,volume_confirmation,rsi_short_too_cold,breakout_regime,regime_breakout | weighted_score_neutral",C:\Users\GF\Documents\secret_project\cryto\logs\crypto_models_summary.csv
59162a52e8e31f207597,crypto,BTCUSD,2026-05-13 21:05:56,2026-05-13T14:05:56.506598+00:00,SIGNAL,NEUTRAL,WAIT,WAIT,-1.82,18.25,79633.57812,15m,,WAIT,79911.34779,79252.93081,,,,"15m strongest: BEARISH score=-6 | below_ema200,ema_bear_stack,momentum_negative,trend_strength_bear,volume_confirmation,rsi_short_too_cold,regime_range | weighted_score_neutral",C:\Users\GF\Documents\secret_project\cryto\logs\crypto_models_summary.csv
c4eb4d523983d8b83bc0,crypto,ETHUSD,2026-05-13 21:05:56,2026-05-13T14:05:56.506598+00:00,SIGNAL,BEARISH,BEARISH_WATCH,WATCH,-6.34,63.42,2260.51001,1h,,WAIT,2281.12365,2232.78822,,,,"1h strongest: BEARISH score=-8 | below_ema200,ema_bear_stack,momentum_negative,trend_strength_bear,volume_confirmation,regime_trend | short_disabled_crypto_long_bias",C:\Users\GF\Documents\secret_project\cryto\logs\crypto_models_summary.csv
2dbd16a8da1b0634263d,crypto,SOLUSD,2026-05-13 21:05:56,2026-05-13T14:05:56.506598+00:00,SIGNAL,NEUTRAL,WAIT,WAIT,0.15,1.50,91.96000,15m,,WAIT,92.79624,90.78927,,,,"15m strongest: BEARISH score=-6 | below_ema200,ema_bear_stack,momentum_negative,trend_strength_bear,volume_confirmation,rsi_short_too_cold,regime_trend | weighted_score_neutral",C:\Users\GF\Documents\secret_project\cryto\logs\crypto_models_summary.csv
b4dd1ef42aadf91f302e,crypto,BNBUSD,2026-05-13 21:05:56,2026-05-13T14:05:56.506598+00:00,SIGNAL,NEUTRAL,WAIT,WAIT,2.93,29.33,668.64001,4h,,WAIT,656.68970,684.29905,,,,"4h strongest: BULLISH score=7 | above_ema200,ema_bull_stack,momentum_positive,trend_strength_bull,regime_trend | weighted_score_neutral",C:\Users\GF\Documents\secret_project\cryto\logs\crypto_models_summary.csv
6fb0412d66c8006b302d,crypto,XRPUSD,2026-05-13 21:05:56,2026-05-13T14:05:56.506598+00:00,SIGNAL,NEUTRAL,WAIT,WAIT,-0.17,1.75,1.42630,15m,,WAIT,1.43621,1.41237,,,,"15m strongest: BEARISH score=-5 | below_ema200,ema_bear_stack,momentum_negative,trend_strength_bear,rsi_short_too_cold,regime_range | weighted_score_neutral",C:\Users\GF\Documents\secret_project\cryto\logs\crypto_models_summary.csv
7e35fd6071439c567933,crypto,BTCUSD,2026-05-13 21:15:11,2026-05-13T14:15:11.907622+00:00,SIGNAL,NEUTRAL,WAIT,WAIT,-1.82,18.25,79680.92969,15m,,WAIT,79966.96433,79288.95629,,,,"15m strongest: BEARISH score=-6 | below_ema200,ema_bear_stack,momentum_negative,trend_strength_bear,volume_confirmation,rsi_short_too_cold,regime_range | weighted_score_neutral",C:\Users\GF\Documents\secret_project\cryto\logs\crypto_models_summary.csv
e6fe6bcd0cb379c559c2,crypto,ETHUSD,2026-05-13 21:15:11,2026-05-13T14:15:11.907622+00:00,SIGNAL,BEARISH,BEARISH_WATCH,WATCH,-6.34,63.42,2262.91992,1h,,WAIT,2283.94269,2234.64793,,,,"1h strongest: BEARISH score=-8 | below_ema200,ema_bear_stack,momentum_negative,trend_strength_bear,volume_confirmation,regime_trend | short_disabled_crypto_long_bias",C:\Users\GF\Documents\secret_project\cryto\logs\crypto_models_summary.csv
49c0d0c964307e118db6,crypto,SOLUSD,2026-05-13 21:15:11,2026-05-13T14:15:11.907622+00:00,SIGNAL,NEUTRAL,WAIT,WAIT,-0.25,2.50,91.98000,15m,,WAIT,92.81624,90.80927,,,,"15m strongest: BEARISH score=-6 | below_ema200,ema_bear_stack,momentum_negative,trend_strength_bear,volume_confirmation,rsi_short_too_cold,regime_trend | weighted_score_neutral",C:\Users\GF\Documents\secret_project\cryto\logs\crypto_models_summary.csv
ae92a7dff4e31eca21db,crypto,BNBUSD,2026-05-13 21:15:11,2026-05-13T14:15:11.907622+00:00,SIGNAL,NEUTRAL,WAIT,WAIT,2.93,29.33,669.76001,4h,,WAIT,657.70923,685.55069,,,,"4h strongest: BULLISH score=7 | above_ema200,ema_bull_stack,momentum_positive,trend_strength_bull,regime_trend | weighted_score_neutral",C:\Users\GF\Documents\secret_project\cryto\logs\crypto_models_summary.csv
33d7b32f07af72fcd451,crypto,XRPUSD,2026-05-13 21:15:11,2026-05-13T14:15:11.907622+00:00,SIGNAL,NEUTRAL,WAIT,WAIT,-0.17,1.75,1.42760,15m,,WAIT,1.43709,1.41426,,,,"15m strongest: BEARISH score=-5 | below_ema200,ema_bear_stack,momentum_negative,trend_strength_bear,rsi_short_too_cold,regime_range | weighted_score_neutral",C:\Users\GF\Documents\secret_project\cryto\logs\crypto_models_summary.csv
2a15565734c3c315278e,crypto,BTCUSD,2026-05-13 21:24:55,2026-05-13T14:24:55.774890+00:00,SIGNAL,NEUTRAL,WAIT,WAIT,-1.82,18.25,79758.00000,15m,,WAIT,80036.19355,79376.77180,,,,"15m strongest: BEARISH score=-6 | below_ema200,ema_bear_stack,momentum_negative,trend_strength_bear,volume_confirmation,rsi_short_too_cold,regime_range | weighted_score_neutral",C:\Users\GF\Documents\secret_project\cryto\logs\crypto_models_summary.csv
08f71d67f3f90e1e6e91,crypto,ETHUSD,2026-05-13 21:24:55,2026-05-13T14:24:55.775899+00:00,SIGNAL,BEARISH,BEARISH_WATCH,WATCH,-6.27,62.67,2266.30005,1h,,WAIT,2287.49489,2237.79665,,,,"1h strongest: BEARISH score=-8 | below_ema200,ema_bear_stack,momentum_negative,trend_strength_bear,volume_confirmation,regime_trend | short_disabled_crypto_long_bias",C:\Users\GF\Documents\secret_project\cryto\logs\crypto_models_summary.csv
1fd1f39fa2218fd8f8ec,crypto,SOLUSD,2026-05-13 21:24:55,2026-05-13T14:24:55.775899+00:00,SIGNAL,NEUTRAL,WAIT,WAIT,-0.25,2.50,92.10000,15m,,WAIT,92.91495,90.95907,,,,"15m strongest: BEARISH score=-6 | below_ema200,ema_bear_stack,momentum_negative,trend_strength_bear,volume_confirmation,rsi_short_too_cold,regime_trend | weighted_score_neutral",C:\Users\GF\Documents\secret_project\cryto\logs\crypto_models_summary.csv
16ce14f1e60a0494d9f9,crypto,BNBUSD,2026-05-13 21:24:55,2026-05-13T14:24:55.775899+00:00,SIGNAL,NEUTRAL,WAIT,WAIT,2.93,29.33,671.65002,4h,,WAIT,659.43344,687.65796,,,,"4h strongest: BULLISH score=7 | above_ema200,ema_bull_stack,momentum_positive,trend_strength_bull,regime_trend | weighted_score_neutral",C:\Users\GF\Documents\secret_project\cryto\logs\crypto_models_summary.csv
6cb2799252b7e238c2dc,crypto,XRPUSD,2026-05-13 21:24:55,2026-05-13T14:24:55.775899+00:00,SIGNAL,NEUTRAL,WAIT,WAIT,-0.17,1.75,1.42890,15m,,WAIT,1.43880,1.41499,,,,"15m strongest: BEARISH score=-5 | below_ema200,ema_bear_stack,momentum_negative,trend_strength_bear,rsi_short_too_cold,regime_range | weighted_score_neutral",C:\Users\GF\Documents\secret_project\cryto\logs\crypto_models_summary.csv
8a3a00ed19a5bd7c98ff,crypto,BTCUSD,2026-05-13 21:33:29,2026-05-13T14:33:29.984020+00:00,SIGNAL,NEUTRAL,WAIT,WAIT,-1.75,17.50,79745.31250,1h,,WAIT,80259.99935,79040.00089,,,,"1h strongest: BEARISH score=-6 | below_ema200,ema_bear_stack,momentum_negative,trend_strength_bear,volume_confirmation,rsi_short_too_cold,regime_range | weighted_score_neutral",C:\Users\GF\Documents\secret_project\cryto\logs\crypto_models_summary.csv
763f401218a8b3351a91,crypto,ETHUSD,2026-05-13 21:33:29,2026-05-13T14:33:29.984020+00:00,SIGNAL,BEARISH,BEARISH_WATCH,WATCH,-6.60,66.00,2264.43994,1h,,WAIT,2285.91219,2235.56347,,,,"1h strongest: BEARISH score=-8 | below_ema200,ema_bear_stack,momentum_negative,trend_strength_bear,volume_confirmation,regime_trend | short_disabled_crypto_long_bias",C:\Users\GF\Documents\secret_project\cryto\logs\crypto_models_summary.csv
59749980d8c2f81b5e22,crypto,SOLUSD,2026-05-13 21:33:29,2026-05-13T14:33:29.984020+00:00,SIGNAL,NEUTRAL,WAIT,WAIT,-0.17,1.75,92.09000,15m,,WAIT,92.89345,90.96516,,,,"15m strongest: BEARISH score=-5 | below_ema200,ema_bear_stack,momentum_negative,trend_strength_bear,rsi_short_too_cold,regime_trend | weighted_score_neutral",C:\Users\GF\Documents\secret_project\cryto\logs\crypto_models_summary.csv
dee81dbbecefce812a97,crypto,BNBUSD,2026-05-13 21:33:29,2026-05-13T14:33:29.984020+00:00,SIGNAL,NEUTRAL,WAIT,WAIT,2.93,29.33,672.04999,4h,,WAIT,659.68539,688.25188,,,,"4h strongest: BULLISH score=7 | above_ema200,ema_bull_stack,momentum_positive,trend_strength_bull,regime_trend | weighted_score_neutral",C:\Users\GF\Documents\secret_project\cryto\logs\crypto_models_summary.csv
83019f950e537fb31f18,crypto,XRPUSD,2026-05-13 21:33:29,2026-05-13T14:33:29.984020+00:00,SIGNAL,NEUTRAL,WAIT,WAIT,-0.38,3.75,1.42870,15m,,WAIT,1.43837,1.41511,,,,"15m strongest: BEARISH score=-5 | below_ema200,ema_bear_stack,momentum_negative,trend_strength_bear,rsi_short_too_cold,regime_range | weighted_score_neutral",C:\Users\GF\Documents\secret_project\cryto\logs\crypto_models_summary.csv
cc14db1c9a36e0a068d8,crypto,BTCUSD,2026-05-13 21:42:18,2026-05-13T14:42:25.309198+00:00,SIGNAL,NEUTRAL,WAIT,WAIT,-1.75,17.50,79737.71094,1h,,WAIT,80252.39779,79032.39933,,,,"1h strongest: BEARISH score=-6 | below_ema200,ema_bear_stack,momentum_negative,trend_strength_bear,volume_confirmation,rsi_short_too_cold,regime_range | weighted_score_neutral",C:\Users\GF\Documents\secret_project\cryto\logs\crypto_models_summary.csv
39240e941a1ac0484334,crypto,ETHUSD,2026-05-13 21:42:18,2026-05-13T14:42:25.309198+00:00,SIGNAL,BEARISH,BEARISH_WATCH,WATCH,-6.60,66.00,2265.59009,1h,,WAIT,2287.06234,2236.71361,,,,"1h strongest: BEARISH score=-8 | below_ema200,ema_bear_stack,momentum_negative,trend_strength_bear,volume_confirmation,regime_trend | short_disabled_crypto_long_bias",C:\Users\GF\Documents\secret_project\cryto\logs\crypto_models_summary.csv
0fbb1e0ea1763b53aac0,crypto,SOLUSD,2026-05-13 21:42:18,2026-05-13T14:42:25.309198+00:00,SIGNAL,NEUTRAL,WAIT,WAIT,-0.17,1.75,91.90000,15m,,WAIT,92.71345,90.76117,,,,"15m strongest: BEARISH score=-5 | below_ema200,ema_bear_stack,momentum_negative,trend_strength_bear,rsi_short_too_cold,regime_trend | weighted_score_neutral",C:\Users\GF\Documents\secret_project\cryto\logs\crypto_models_summary.csv
a9944bf37c6a075f3902,crypto,BNBUSD,2026-05-13 21:42:18,2026-05-13T14:42:25.309198+00:00,SIGNAL,NEUTRAL,WAIT,WAIT,2.93,29.33,672.48999,4h,,WAIT,660.12539,688.69188,,,,"4h strongest: BULLISH score=7 | above_ema200,ema_bull_stack,momentum_positive,trend_strength_bull,regime_trend | weighted_score_neutral",C:\Users\GF\Documents\secret_project\cryto\logs\crypto_models_summary.csv
5cae9cef2cca000fd2ab,crypto,XRPUSD,2026-05-13 21:42:18,2026-05-13T14:42:25.309198+00:00,SIGNAL,NEUTRAL,WAIT,WAIT,-0.38,3.75,1.42690,15m,,WAIT,1.43679,1.41299,,,,"15m strongest: BEARISH score=-5 | below_ema200,ema_bear_stack,momentum_negative,trend_strength_bear,rsi_short_too_cold,regime_range | weighted_score_neutral",C:\Users\GF\Documents\secret_project\cryto\logs\crypto_models_summary.csv
f8eccea1b1e646eba844,crypto,BTCUSD,2026-05-13 21:52:19,2026-05-13T14:52:22.992908+00:00,SIGNAL,NEUTRAL,WAIT,WAIT,-1.35,13.50,79647.02344,15m,,WAIT,79919.58436,79273.51403,,,,"15m strongest: BEARISH score=-5 | below_ema200,ema_bear_stack,momentum_negative,trend_strength_bear,rsi_short_too_cold,regime_range | weighted_score_neutral",C:\Users\GF\Documents\secret_project\cryto\logs\crypto_models_summary.csv
c7dff610226413bec3ce,crypto,ETHUSD,2026-05-13 21:52:19,2026-05-13T14:52:22.992908+00:00,SIGNAL,BEARISH,BEARISH_WATCH,WATCH,-6.60,66.00,2263.18994,1h,,WAIT,2284.66219,2234.31347,,,,"1h strongest: BEARISH score=-8 | below_ema200,ema_bear_stack,momentum_negative,trend_strength_bear,volume_confirmation,regime_trend | short_disabled_crypto_long_bias",C:\Users\GF\Documents\secret_project\cryto\logs\crypto_models_summary.csv
b9a601353a86f5ca883f,crypto,SOLUSD,2026-05-13 21:52:19,2026-05-13T14:52:22.992908+00:00,SIGNAL,NEUTRAL,WAIT,WAIT,-0.17,1.75,91.69000,15m,,WAIT,92.48669,90.57464,,,,"15m strongest: BEARISH score=-5 | below_ema200,ema_bear_stack,momentum_negative,trend_strength_bear,rsi_short_too_cold,regime_trend | weighted_score_neutral",C:\Users\GF\Documents\secret_project\cryto\logs\crypto_models_summary.csv
f0f75d27483af4e062aa,crypto,BNBUSD,2026-05-13 21:52:19,2026-05-13T14:52:22.992908+00:00,SIGNAL,NEUTRAL,WAIT,WAIT,2.93,29.33,671.46002,4h,,WAIT,659.09542,687.66191,,,,"4h strongest: BULLISH score=7 | above_ema200,ema_bull_stack,momentum_positive,trend_strength_bull,regime_trend | weighted_score_neutral",C:\Users\GF\Documents\secret_project\cryto\logs\crypto_models_summary.csv
182cad91248e449d9d82,crypto,XRPUSD,2026-05-13 21:52:19,2026-05-13T14:52:22.992908+00:00,SIGNAL,NEUTRAL,WAIT,WAIT,-0.38,3.75,1.42690,15m,,WAIT,1.43626,1.41375,,,,"15m strongest: BEARISH score=-5 | below_ema200,ema_bear_stack,momentum_negative,trend_strength_bear,rsi_short_too_cold,regime_range | weighted_score_neutral",C:\Users\GF\Documents\secret_project\cryto\logs\crypto_models_summary.csv
89bc501012c09d65fec0,crypto,BTCUSD,2026-05-13 22:01:00,2026-05-13T15:01:03.557965+00:00,SIGNAL,NEUTRAL,WAIT,WAIT,-1.55,15.50,79744.88281,15m,,WAIT,80005.98645,79387.07413,,,,"15m strongest: BEARISH score=-5 | below_ema200,ema_bear_stack,momentum_negative,trend_strength_bear,rsi_short_too_cold,regime_range | weighted_score_neutral",C:\Users\GF\Documents\secret_project\cryto\logs\crypto_models_summary.csv
2d0dbed8f819eed4cb61,crypto,ETHUSD,2026-05-13 22:01:00,2026-05-13T15:01:03.557965+00:00,SIGNAL,BEARISH,BEARISH_WATCH,WATCH,-6.40,64.00,2266.43994,4h,,WAIT,2306.50538,2212.55883,,,,"4h strongest: BEARISH score=-8 | below_ema200,ema_bear_stack,momentum_negative,trend_strength_bear,volume_confirmation,regime_trend | short_disabled_crypto_long_bias",C:\Users\GF\Documents\secret_project\cryto\logs\crypto_models_summary.csv
492a05f92c9faab4f0da,crypto,SOLUSD,2026-05-13 22:01:00,2026-05-13T15:01:03.557965+00:00,SIGNAL,NEUTRAL,WAIT,WAIT,0.03,0.25,91.77000,15m,,WAIT,92.51353,90.72905,,,,"15m strongest: BEARISH score=-5 | below_ema200,ema_bear_stack,momentum_negative,trend_strength_bear,rsi_short_too_cold,regime_trend | weighted_score_neutral",C:\Users\GF\Documents\secret_project\cryto\logs\crypto_models_summary.csv
16494b5ec56114774137,crypto,BNBUSD,2026-05-13 22:01:00,2026-05-13T15:01:03.557965+00:00,SIGNAL,NEUTRAL,WAIT,WAIT,2.93,29.33,672.39001,4h,,WAIT,660.02541,688.59190,,,,"4h strongest: BULLISH score=7 | above_ema200,ema_bull_stack,momentum_positive,trend_strength_bull,regime_trend | weighted_score_neutral",C:\Users\GF\Documents\secret_project\cryto\logs\crypto_models_summary.csv
92dbc304c9607fb45a8d,crypto,XRPUSD,2026-05-13 22:01:00,2026-05-13T15:01:03.557965+00:00,SIGNAL,NEUTRAL,WAIT,WAIT,-0.32,3.25,1.43010,15m,,WAIT,1.43926,1.41722,,,,"15m strongest: BEARISH score=-7 | below_ema200,ema_bear_stack,momentum_negative,trend_strength_bear,regime_range | weighted_score_neutral",C:\Users\GF\Documents\secret_project\cryto\logs\crypto_models_summary.csv
4d6e2fd3aae91af5ea6c,crypto,BTCUSD,2026-05-13 22:10:27,2026-05-13T15:10:28.170130+00:00,SIGNAL,NEUTRAL,WAIT,WAIT,-1.55,15.50,79571.79688,15m,,WAIT,79860.26965,79176.48233,,,,"15m strongest: BEARISH score=-5 | below_ema200,ema_bear_stack,momentum_negative,trend_strength_bear,rsi_short_too_cold,regime_range | weighted_score_neutral",C:\Users\GF\Documents\secret_project\cryto\logs\crypto_models_summary.csv
7fd82c4b578223c44f38,crypto,ETHUSD,2026-05-13 22:10:27,2026-05-13T15:10:28.170130+00:00,SIGNAL,BEARISH,BEARISH_WATCH,WATCH,-6.48,64.75,2262.12012,4h,,WAIT,2302.18556,2208.23901,,,,"4h strongest: BEARISH score=-8 | below_ema200,ema_bear_stack,momentum_negative,trend_strength_bear,volume_confirmation,regime_trend | short_disabled_crypto_long_bias",C:\Users\GF\Documents\secret_project\cryto\logs\crypto_models_summary.csv
ba8c98faf37685b2202f,crypto,SOLUSD,2026-05-13 22:10:27,2026-05-13T15:10:28.170130+00:00,SIGNAL,NEUTRAL,WAIT,WAIT,0.03,0.25,91.33000,15m,,WAIT,92.16728,90.15781,,,,"15m strongest: BEARISH score=-5 | below_ema200,ema_bear_stack,momentum_negative,trend_strength_bear,rsi_short_too_cold,regime_trend | weighted_score_neutral",C:\Users\GF\Documents\secret_project\cryto\logs\crypto_models_summary.csv
6dd4f4aea975d0db736f,crypto,BNBUSD,2026-05-13 22:10:27,2026-05-13T15:10:28.170130+00:00,SIGNAL,NEUTRAL,WAIT,WAIT,2.93,29.33,670.39001,4h,,WAIT,657.97259,686.66112,,,,"4h strongest: BULLISH score=7 | above_ema200,ema_bull_stack,momentum_positive,trend_strength_bull,regime_trend | weighted_score_neutral",C:\Users\GF\Documents\secret_project\cryto\logs\crypto_models_summary.csv
114f5244053cd72ff6fa,crypto,XRPUSD,2026-05-13 22:10:27,2026-05-13T15:10:28.170130+00:00,SIGNAL,NEUTRAL,WAIT,WAIT,-0.17,1.75,1.42500,15m,,WAIT,1.43491,1.41107,,,,"15m strongest: BEARISH score=-5 | below_ema200,ema_bear_stack,momentum_negative,trend_strength_bear,rsi_short_too_cold,regime_range | weighted_score_neutral",C:\Users\GF\Documents\secret_project\cryto\logs\crypto_models_summary.csv
144675f3b1c6da4ad750,crypto,BTCUSD,2026-05-13 22:19:05,2026-05-13T15:19:05.628745+00:00,SIGNAL,NEUTRAL,WAIT,WAIT,-1.75,17.50,79398.00781,1h,,WAIT,79918.75088,78684.39695,,,,"1h strongest: BEARISH score=-6 | below_ema200,ema_bear_stack,momentum_negative,trend_strength_bear,volume_confirmation,rsi_short_too_cold,regime_range | weighted_score_neutral",C:\Users\GF\Documents\secret_project\cryto\logs\crypto_models_summary.csv
19fb083fdc0a1a1cec6e,crypto,ETHUSD,2026-05-13 22:19:05,2026-05-13T15:19:05.628745+00:00,SIGNAL,BEARISH,BEARISH_WATCH,WATCH,-6.60,66.00,2257.42993,1h,,WAIT,2278.80811,2228.67997,,,,"1h strongest: BEARISH score=-8 | below_ema200,ema_bear_stack,momentum_negative,trend_strength_bear,volume_confirmation,regime_trend | short_disabled_crypto_long_bias",C:\Users\GF\Documents\secret_project\cryto\logs\crypto_models_summary.csv
5d6787baf4ab6d6cb732,crypto,SOLUSD,2026-05-13 22:19:05,2026-05-13T15:19:05.628745+00:00,SIGNAL,NEUTRAL,WAIT,WAIT,-0.17,1.75,91.20000,15m,,WAIT,92.02988,90.03816,,,,"15m strongest: BEARISH score=-5 | below_ema200,ema_bear_stack,momentum_negative,trend_strength_bear,rsi_short_too_cold,regime_trend | weighted_score_neutral",C:\Users\GF\Documents\secret_project\cryto\logs\crypto_models_summary.csv
4c9872b7eae691b427db,crypto,BNBUSD,2026-05-13 22:19:05,2026-05-13T15:19:05.628745+00:00,SIGNAL,NEUTRAL,WAIT,WAIT,2.93,29.33,668.88000,4h,,WAIT,656.46258,685.15111,,,,"4h strongest: BULLISH score=7 | above_ema200,ema_bull_stack,momentum_positive,trend_strength_bull,regime_trend | weighted_score_neutral",C:\Users\GF\Documents\secret_project\cryto\logs\crypto_models_summary.csv
4c72d1ddf252774c9b1f,crypto,XRPUSD,2026-05-13 22:19:05,2026-05-13T15:19:05.628745+00:00,SIGNAL,NEUTRAL,WAIT,WAIT,-0.17,1.75,1.42230,15m,,WAIT,1.43234,1.40820,,,,"15m strongest: BEARISH score=-5 | below_ema200,ema_bear_stack,momentum_negative,trend_strength_bear,rsi_short_too_cold,regime_range | weighted_score_neutral",C:\Users\GF\Documents\secret_project\cryto\logs\crypto_models_summary.csv
69cd46119ee47b9d301f,crypto,BTCUSD,2026-05-13 22:28:14,2026-05-13T15:28:14.853561+00:00,SIGNAL,NEUTRAL,WAIT,WAIT,-1.82,18.25,79262.68750,15m,,WAIT,79561.88113,78852.68142,,,,"15m strongest: BEARISH score=-6 | below_ema200,ema_bear_stack,momentum_negative,trend_strength_bear,volume_confirmation,rsi_short_too_cold,regime_range | weighted_score_neutral",C:\Users\GF\Documents\secret_project\cryto\logs\crypto_models_summary.csv
69952b46167d372302e3,crypto,ETHUSD,2026-05-13 22:28:14,2026-05-13T15:28:14.853561+00:00,SIGNAL,BEARISH,BEARISH_WATCH,WATCH,-6.20,62.00,2252.22998,4h,,WAIT,2292.29542,2198.34887,,,,"4h strongest: BEARISH score=-8 | below_ema200,ema_bear_stack,momentum_negative,trend_strength_bear,volume_confirmation,regime_trend | short_disabled_crypto_long_bias",C:\Users\GF\Documents\secret_project\cryto\logs\crypto_models_summary.csv
27d536cac2b0927507b2,crypto,SOLUSD,2026-05-13 22:28:14,2026-05-13T15:28:14.853561+00:00,SIGNAL,NEUTRAL,WAIT,WAIT,-0.25,2.50,90.83000,15m,,WAIT,91.68989,89.62616,,,,"15m strongest: BEARISH score=-6 | below_ema200,ema_bear_stack,momentum_negative,trend_strength_bear,volume_confirmation,rsi_short_too_cold,regime_trend | weighted_score_neutral",C:\Users\GF\Documents\secret_project\cryto\logs\crypto_models_summary.csv
922d4a6b5c26f4d3e957,crypto,BNBUSD,2026-05-13 22:28:14,2026-05-13T15:28:14.853561+00:00,SIGNAL,NEUTRAL,WAIT,WAIT,2.71,27.08,667.06000,4h,,WAIT,654.64258,683.33110,,,,"4h strongest: BULLISH score=7 | above_ema200,ema_bull_stack,momentum_positive,trend_strength_bull,regime_trend | weighted_score_neutral",C:\Users\GF\Documents\secret_project\cryto\logs\crypto_models_summary.csv
1eac606f7c4691ee2afe,crypto,XRPUSD,2026-05-13 22:28:14,2026-05-13T15:28:14.853561+00:00,SIGNAL,NEUTRAL,WAIT,WAIT,-0.25,2.50,1.41980,15m,,WAIT,1.43017,1.40523,,,,"15m strongest: BEARISH score=-6 | below_ema200,ema_bear_stack,momentum_negative,trend_strength_bear,volume_confirmation,rsi_short_too_cold,regime_trend | weighted_score_neutral",C:\Users\GF\Documents\secret_project\cryto\logs\crypto_models_summary.csv
01dde623ebbf58cd087f,crypto,BTCUSD,2026-05-13 22:36:56,2026-05-13T15:36:56.385662+00:00,SIGNAL,NEUTRAL,WAIT,WAIT,-1.75,17.50,79262.00000,1h,,WAIT,79801.11346,78523.21489,,,,"1h strongest: BEARISH score=-6 | below_ema200,ema_bear_stack,momentum_negative,trend_strength_bear,volume_confirmation,rsi_short_too_cold,regime_trend | weighted_score_neutral",C:\Users\GF\Documents\secret_project\cryto\logs\crypto_models_summary.csv
8798badf0ffff33d837d,crypto,ETHUSD,2026-05-13 22:36:56,2026-05-13T15:36:56.385662+00:00,SIGNAL,BEARISH,BEARISH_WATCH,WATCH,-6.20,62.00,2254.61011,4h,,WAIT,2294.68073,2200.72203,,,,"4h strongest: BEARISH score=-8 | below_ema200,ema_bear_stack,momentum_negative,trend_strength_bear,volume_confirmation,regime_trend | short_disabled_crypto_long_bias",C:\Users\GF\Documents\secret_project\cryto\logs\crypto_models_summary.csv
6cbcd15d74b8b8797ef4,crypto,SOLUSD,2026-05-13 22:36:56,2026-05-13T15:36:56.385662+00:00,SIGNAL,NEUTRAL,WAIT,WAIT,-0.17,1.75,90.87000,15m,,WAIT,91.69963,89.70853,,,,"15m strongest: BEARISH score=-5 | below_ema200,ema_bear_stack,momentum_negative,trend_strength_bear,rsi_short_too_cold,regime_trend | weighted_score_neutral",C:\Users\GF\Documents\secret_project\cryto\logs\crypto_models_summary.csv
3b1acc429f4c57c9badd,crypto,BNBUSD,2026-05-13 22:36:56,2026-05-13T15:36:56.385662+00:00,SIGNAL,NEUTRAL,WAIT,WAIT,2.93,29.33,667.79999,4h,,WAIT,655.38257,684.07109,,,,"4h strongest: BULLISH score=7 | above_ema200,ema_bull_stack,momentum_positive,trend_strength_bull,regime_trend | weighted_score_neutral",C:\Users\GF\Documents\secret_project\cryto\logs\crypto_models_summary.csv
8d2c86075454d1814fa5,crypto,XRPUSD,2026-05-13 22:36:56,2026-05-13T15:36:56.385662+00:00,SIGNAL,NEUTRAL,WAIT,WAIT,-0.57,5.75,1.42150,1h,,WAIT,1.44175,1.39304,,,,"1h strongest: BEARISH score=-6 | below_ema200,momentum_negative,volume_confirmation,breakout_regime,regime_breakout | weighted_score_neutral",C:\Users\GF\Documents\secret_project\cryto\logs\crypto_models_summary.csv
9493abf06082b879f128,crypto,BTCUSD,2026-05-13 22:44:47,2026-05-13T15:44:48.521065+00:00,SIGNAL,NEUTRAL,WAIT,WAIT,-1.82,18.25,79254.18750,15m,,WAIT,79547.05958,78852.84429,,,,"15m strongest: BEARISH score=-6 | below_ema200,ema_bear_stack,momentum_negative,trend_strength_bear,volume_confirmation,rsi_short_too_cold,regime_range | weighted_score_neutral",C:\Users\GF\Documents\secret_project\cryto\logs\crypto_models_summary.csv
2c1c2e16f7c4d8864dcd,crypto,ETHUSD,2026-05-13 22:44:47,2026-05-13T15:44:48.521065+00:00,SIGNAL,BEARISH,BEARISH_WATCH,WATCH,-6.27,62.75,2252.57007,4h,,WAIT,2292.64069,2198.68199,,,,"4h strongest: BEARISH score=-8 | below_ema200,ema_bear_stack,momentum_negative,trend_strength_bear,volume_confirmation,regime_trend | short_disabled_crypto_long_bias",C:\Users\GF\Documents\secret_project\cryto\logs\crypto_models_summary.csv
5410be479303d588bed6,crypto,SOLUSD,2026-05-13 22:44:47,2026-05-13T15:44:48.521065+00:00,SIGNAL,NEUTRAL,WAIT,WAIT,-0.17,1.75,90.87000,15m,,WAIT,91.70463,89.70153,,,,"15m strongest: BEARISH score=-5 | below_ema200,ema_bear_stack,momentum_negative,trend_strength_bear,rsi_short_too_cold,regime_trend | weighted_score_neutral",C:\Users\GF\Documents\secret_project\cryto\logs\crypto_models_summary.csv
4d922edc10c367f61e56,crypto,BNBUSD,2026-05-13 22:44:47,2026-05-13T15:44:48.521065+00:00,SIGNAL,NEUTRAL,WAIT,WAIT,2.93,29.33,667.79999,4h,,WAIT,655.38257,684.07109,,,,"4h strongest: BULLISH score=7 | above_ema200,ema_bull_stack,momentum_positive,trend_strength_bull,regime_trend | weighted_score_neutral",C:\Users\GF\Documents\secret_project\cryto\logs\crypto_models_summary.csv
2cd4d2645fe59257151a,crypto,XRPUSD,2026-05-13 22:44:47,2026-05-13T15:44:48.521065+00:00,SIGNAL,NEUTRAL,WAIT,WAIT,-0.57,5.75,1.42180,1h,,WAIT,1.44205,1.39334,,,,"1h strongest: BEARISH score=-6 | below_ema200,momentum_negative,volume_confirmation,breakout_regime,regime_breakout | weighted_score_neutral",C:\Users\GF\Documents\secret_project\cryto\logs\crypto_models_summary.csv
73c36093fd6f2ea776bc,crypto,BTCUSD,2026-05-13 22:52:29,2026-05-13T15:52:29.344367+00:00,SIGNAL,NEUTRAL,WAIT,WAIT,-1.75,17.50,79079.95312,1h,,WAIT,79628.47505,78328.27493,,,,"1h strongest: BEARISH score=-6 | below_ema200,ema_bear_stack,momentum_negative,trend_strength_bear,volume_confirmation,rsi_short_too_cold,regime_trend | weighted_score_neutral",C:\Users\GF\Documents\secret_project\cryto\logs\crypto_models_summary.csv
c6878048c74de8175557,crypto,ETHUSD,2026-05-13 22:52:29,2026-05-13T15:52:29.344367+00:00,SIGNAL,BEARISH,BEARISH_WATCH,WATCH,-6.20,62.00,2243.95996,4h,,WAIT,2284.71002,2189.15816,,,,"4h strongest: BEARISH score=-8 | below_ema200,ema_bear_stack,momentum_negative,trend_strength_bear,volume_confirmation,regime_trend | short_disabled_crypto_long_bias",C:\Users\GF\Documents\secret_project\cryto\logs\crypto_models_summary.csv
917486b8d13a97d61df6,crypto,SOLUSD,2026-05-13 22:52:29,2026-05-13T15:52:29.344367+00:00,SIGNAL,NEUTRAL,WAIT,WAIT,-0.17,1.75,90.70000,15m,,WAIT,91.50251,89.57648,,,,"15m strongest: BEARISH score=-5 | below_ema200,ema_bear_stack,momentum_negative,trend_strength_bear,rsi_short_too_cold,regime_trend | weighted_score_neutral",C:\Users\GF\Documents\secret_project\cryto\logs\crypto_models_summary.csv
4ee8eabba1b1e93d2c70,crypto,BNBUSD,2026-05-13 22:52:29,2026-05-13T15:52:29.344367+00:00,SIGNAL,NEUTRAL,WAIT,WAIT,2.71,27.08,666.50000,4h,,WAIT,654.08258,682.77111,,,,"4h strongest: BULLISH score=7 | above_ema200,ema_bull_stack,momentum_positive,trend_strength_bull,regime_trend | weighted_score_neutral",C:\Users\GF\Documents\secret_project\cryto\logs\crypto_models_summary.csv
2f94f2a328e9f942d693,crypto,XRPUSD,2026-05-13 22:52:29,2026-05-13T15:52:29.344367+00:00,SIGNAL,NEUTRAL,WAIT,WAIT,-0.17,1.75,1.41840,15m,,WAIT,1.42844,1.40428,,,,"15m strongest: BEARISH score=-5 | below_ema200,ema_bear_stack,momentum_negative,trend_strength_bear,rsi_short_too_cold,regime_trend | weighted_score_neutral",C:\Users\GF\Documents\secret_project\cryto\logs\crypto_models_summary.csv
4626e5c6c46dd819dd90,crypto,BTCUSD,2026-05-13 23:00:32,2026-05-13T16:00:32.862957+00:00,SIGNAL,NEUTRAL,WAIT,WAIT,-1.55,15.50,78782.29688,15m,,WAIT,79076.12385,78379.64510,,,,"15m strongest: BEARISH score=-5 | below_ema200,ema_bear_stack,momentum_negative,trend_strength_bear,rsi_short_too_cold,regime_range | weighted_score_neutral",C:\Users\GF\Documents\secret_project\cryto\logs\crypto_models_summary.csv
f2846068d03ebee5aaec,crypto,ETHUSD,2026-05-13 23:00:32,2026-05-13T16:00:32.862957+00:00,SIGNAL,BEARISH,BEARISH_WATCH,WATCH,-6.00,60.00,2235.40991,4h,,WAIT,2277.28785,2179.09130,,,,"4h strongest: BEARISH score=-8 | below_ema200,ema_bear_stack,momentum_negative,trend_strength_bear,volume_confirmation,regime_trend | short_disabled_crypto_long_bias",C:\Users\GF\Documents\secret_project\cryto\logs\crypto_models_summary.csv
0d8e50085df4d7e43e34,crypto,SOLUSD,2026-05-13 23:00:32,2026-05-13T16:00:32.862957+00:00,SIGNAL,NEUTRAL,WAIT,WAIT,0.03,0.25,90.47000,15m,,WAIT,91.27162,89.34774,,,,"15m strongest: BEARISH score=-5 | below_ema200,ema_bear_stack,momentum_negative,trend_strength_bear,rsi_short_too_cold,regime_trend | weighted_score_neutral",C:\Users\GF\Documents\secret_project\cryto\logs\crypto_models_summary.csv
6f5eba73e44ed5d7c08f,crypto,BNBUSD,2026-05-13 23:00:32,2026-05-13T16:00:32.862957+00:00,SIGNAL,NEUTRAL,WAIT,WAIT,2.71,27.08,664.66998,4h,,WAIT,652.07441,681.17452,,,,"4h strongest: BULLISH score=7 | above_ema200,ema_bull_stack,momentum_positive,trend_strength_bull,regime_trend | weighted_score_neutral",C:\Users\GF\Documents\secret_project\cryto\logs\crypto_models_summary.csv
faaccc0f4167401dc364,crypto,XRPUSD,2026-05-13 23:00:32,2026-05-13T16:00:32.862957+00:00,SIGNAL,NEUTRAL,WAIT,WAIT,0.03,0.25,1.41450,15m,,WAIT,1.42491,1.39987,,,,"15m strongest: BEARISH score=-5 | below_ema200,ema_bear_stack,momentum_negative,trend_strength_bear,rsi_short_too_cold,regime_trend | weighted_score_neutral",C:\Users\GF\Documents\secret_project\cryto\logs\crypto_models_summary.csv
bfc9735b2928b58b9170,crypto,BTCUSD,2026-05-13 23:08:35,2026-05-13T16:08:35.587220+00:00,SIGNAL,NEUTRAL,WAIT,WAIT,-1.82,18.25,78793.89844,15m,,WAIT,79107.58743,78364.02833,,,,"15m strongest: BEARISH score=-6 | below_ema200,ema_bear_stack,momentum_negative,trend_strength_bear,volume_confirmation,rsi_short_too_cold,regime_range | weighted_score_neutral",C:\Users\GF\Documents\secret_project\cryto\logs\crypto_models_summary.csv
c6a276b5851c0339740b,crypto,ETHUSD,2026-05-13 23:08:35,2026-05-13T16:08:35.587220+00:00,SIGNAL,BEARISH,BEARISH_WATCH,WATCH,-6.27,62.75,2239.28003,4h,,WAIT,2281.15797,2182.96142,,,,"4h strongest: BEARISH score=-8 | below_ema200,ema_bear_stack,momentum_negative,trend_strength_bear,volume_confirmation,regime_trend | short_disabled_crypto_long_bias",C:\Users\GF\Documents\secret_project\cryto\logs\crypto_models_summary.csv
f999dc6b525495a1a2c1,crypto,SOLUSD,2026-05-13 23:08:35,2026-05-13T16:08:35.587220+00:00,SIGNAL,NEUTRAL,WAIT,WAIT,-0.05,0.50,90.65000,15m,,WAIT,91.51537,89.43849,,,,"15m strongest: BEARISH score=-6 | below_ema200,ema_bear_stack,momentum_negative,trend_strength_bear,volume_confirmation,rsi_short_too_cold,regime_trend | weighted_score_neutral",C:\Users\GF\Documents\secret_project\cryto\logs\crypto_models_summary.csv
ba7d4ac1ea4d3867a6cc,crypto,BNBUSD,2026-05-13 23:08:35,2026-05-13T16:08:35.587220+00:00,SIGNAL,NEUTRAL,WAIT,WAIT,2.48,24.83,666.04999,4h,,WAIT,653.45442,682.55453,,,,"4h strongest: BULLISH score=7 | above_ema200,ema_bull_stack,momentum_positive,trend_strength_bull,regime_trend | weighted_score_neutral",C:\Users\GF\Documents\secret_project\cryto\logs\crypto_models_summary.csv
d23c02df65cb395ae8f2,crypto,XRPUSD,2026-05-13 23:08:35,2026-05-13T16:08:35.587220+00:00,SIGNAL,NEUTRAL,WAIT,WAIT,-0.25,2.50,1.41340,15m,,WAIT,1.42439,1.39795,,,,"15m strongest: BEARISH score=-6 | below_ema200,ema_bear_stack,momentum_negative,trend_strength_bear,volume_confirmation,rsi_short_too_cold,regime_trend | weighted_score_neutral",C:\Users\GF\Documents\secret_project\cryto\logs\crypto_models_summary.csv
7e6bbfe97d20ff87a0a1,crypto,BTCUSD,2026-05-13 23:18:32,2026-05-13T16:18:33.041194+00:00,SIGNAL,NEUTRAL,WAIT,WAIT,-1.82,18.25,78835.85938,15m,,WAIT,79139.03566,78420.39558,,,,"15m strongest: BEARISH score=-6 | below_ema200,ema_bear_stack,momentum_negative,trend_strength_bear,volume_confirmation,rsi_short_too_cold,regime_range | weighted_score_neutral",C:\Users\GF\Documents\secret_project\cryto\logs\crypto_models_summary.csv
11095b857016407e979e,crypto,ETHUSD,2026-05-13 23:18:32,2026-05-13T16:18:33.041194+00:00,SIGNAL,BEARISH,BEARISH_WATCH,WATCH,-6.27,62.75,2242.87012,4h,,WAIT,2284.74806,2186.55151,,,,"4h strongest: BEARISH score=-8 | below_ema200,ema_bear_stack,momentum_negative,trend_strength_bear,volume_confirmation,regime_trend | short_disabled_crypto_long_bias",C:\Users\GF\Documents\secret_project\cryto\logs\crypto_models_summary.csv
91199a66a5783086e30b,crypto,SOLUSD,2026-05-13 23:18:32,2026-05-13T16:18:33.041194+00:00,SIGNAL,NEUTRAL,WAIT,WAIT,-0.17,1.75,90.52000,15m,,WAIT,91.34355,89.36702,,,,"15m strongest: BEARISH score=-5 | below_ema200,ema_bear_stack,momentum_negative,trend_strength_bear,rsi_short_too_cold,regime_trend | weighted_score_neutral",C:\Users\GF\Documents\secret_project\cryto\logs\crypto_models_summary.csv
806c627f43a531ea4667,crypto,BNBUSD,2026-05-13 23:18:32,2026-05-13T16:18:33.041194+00:00,SIGNAL,NEUTRAL,WAIT,WAIT,2.89,28.92,666.71997,4h,,WAIT,654.12440,683.22451,,,,"4h strongest: BULLISH score=8 | above_ema200,ema_bull_stack,momentum_positive,trend_strength_bull,volume_confirmation,regime_trend | weighted_score_neutral",C:\Users\GF\Documents\secret_project\cryto\logs\crypto_models_summary.csv
d161802acd1a4f829e55,crypto,XRPUSD,2026-05-13 23:18:32,2026-05-13T16:18:33.041194+00:00,SIGNAL,NEUTRAL,WAIT,WAIT,-0.17,1.75,1.41550,15m,,WAIT,1.42590,1.40088,,,,"15m strongest: BEARISH score=-5 | below_ema200,ema_bear_stack,momentum_negative,trend_strength_bear,rsi_short_too_cold,regime_trend | weighted_score_neutral",C:\Users\GF\Documents\secret_project\cryto\logs\crypto_models_summary.csv
3c461942504932e9df6e,crypto,BTCUSD,2026-05-13 23:26:13,2026-05-13T16:26:13.635933+00:00,SIGNAL,NEUTRAL,WAIT,WAIT,-1.82,18.25,78920.82812,15m,,WAIT,79236.23653,78488.60180,,,,"15m strongest: BEARISH score=-6 | below_ema200,ema_bear_stack,momentum_negative,trend_strength_bear,volume_confirmation,rsi_short_too_cold,regime_range | weighted_score_neutral",C:\Users\GF\Documents\secret_project\cryto\logs\crypto_models_summary.csv
f2bffb8049f3d0809772,crypto,ETHUSD,2026-05-13 23:26:13,2026-05-13T16:26:13.635933+00:00,SIGNAL,BEARISH,BEARISH_WATCH,WATCH,-6.67,66.75,2245.50000,1h,,WAIT,2268.94085,2213.97610,,,,"1h strongest: BEARISH score=-8 | below_ema200,ema_bear_stack,momentum_negative,trend_strength_bear,volume_confirmation,regime_trend | short_disabled_crypto_long_bias",C:\Users\GF\Documents\secret_project\cryto\logs\crypto_models_summary.csv
ef63f724a1c1379848ae,crypto,SOLUSD,2026-05-13 23:26:13,2026-05-13T16:26:13.635933+00:00,SIGNAL,NEUTRAL,WAIT,WAIT,-0.17,1.75,90.73000,15m,,WAIT,91.58481,89.53328,,,,"15m strongest: BEARISH score=-5 | below_ema200,ema_bear_stack,momentum_negative,trend_strength_bear,rsi_short_too_cold,regime_trend | weighted_score_neutral",C:\Users\GF\Documents\secret_project\cryto\logs\crypto_models_summary.csv
3780e07007307171e437,crypto,BNBUSD,2026-05-13 23:26:13,2026-05-13T16:26:13.635933+00:00,SIGNAL,NEUTRAL,WAIT,WAIT,3.27,32.67,668.77002,4h,,WAIT,656.17445,685.27456,,,,"4h strongest: BULLISH score=8 | above_ema200,ema_bull_stack,momentum_positive,trend_strength_bull,volume_confirmation,regime_trend | weighted_score_neutral",C:\Users\GF\Documents\secret_project\cryto\logs\crypto_models_summary.csv
3e2d50ca39d73f622549,crypto,XRPUSD,2026-05-13 23:26:13,2026-05-13T16:26:13.635933+00:00,SIGNAL,NEUTRAL,WAIT,WAIT,-0.65,6.50,1.41870,15m,,WAIT,1.42953,1.40348,,,,"15m strongest: BEARISH score=-6 | below_ema200,ema_bear_stack,momentum_negative,trend_strength_bear,volume_confirmation,rsi_short_too_cold,regime_trend | weighted_score_neutral",C:\Users\GF\Documents\secret_project\cryto\logs\crypto_models_summary.csv
5a09cad0b623fc73cfe0,crypto,BTCUSD,2026-05-14 08:42:06,2026-05-14T01:42:06.971906+00:00,SIGNAL,NEUTRAL,WAIT,WAIT,-1.80,18.00,79448.85938,1h,,WAIT,79943.69936,78770.74532,,,,"1h strongest: BEARISH score=-7 | below_ema200,ema_bear_stack,momentum_negative,trend_strength_bear,regime_range | weighted_score_neutral",C:\Users\GF\Documents\secret_project\cryto\logs\crypto_models_summary.csv
b8cbf202e40b1472cf21,crypto,ETHUSD,2026-05-14 08:42:06,2026-05-14T01:42:06.971906+00:00,SIGNAL,BEARISH,BEARISH_WATCH,WATCH,-5.98,59.75,2261.31006,4h,,WAIT,2301.06182,2207.85079,,,,"4h strongest: BEARISH score=-8 | below_ema200,ema_bear_stack,momentum_negative,trend_strength_bear,volume_confirmation,regime_trend | short_disabled_crypto_long_bias",C:\Users\GF\Documents\secret_project\cryto\logs\crypto_models_summary.csv
b912f83b4731d4bd72b4,crypto,SOLUSD,2026-05-14 08:42:06,2026-05-14T01:42:06.971906+00:00,SIGNAL,NEUTRAL,WAIT,WAIT,-0.22,2.25,91.10000,1h,,WAIT,92.25266,89.48627,,,,"1h strongest: BEARISH score=-5 | below_ema200,ema_bear_stack,momentum_negative,trend_strength_bear,rsi_short_too_cold,regime_trend | weighted_score_neutral",C:\Users\GF\Documents\secret_project\cryto\logs\crypto_models_summary.csv
b6d3e27878dd077e9164,crypto,BNBUSD,2026-05-14 08:42:06,2026-05-14T01:42:06.971906+00:00,SIGNAL,NEUTRAL,WAIT,WAIT,3.66,36.58,674.60999,15m,,WAIT,672.18788,677.78378,,,,"15m strongest: BULLISH score=7 | above_ema200,ema_bull_stack,momentum_positive,trend_strength_bull,regime_range | weighted_score_neutral",C:\Users\GF\Documents\secret_project\cryto\logs\crypto_models_summary.csv
0c1a0bae80f7884da391,crypto,XRPUSD,2026-05-14 08:42:06,2026-05-14T01:42:06.971906+00:00,SIGNAL,NEUTRAL,WAIT,WAIT,0.25,2.50,1.42780,1h,,WAIT,nan,nan,,,,"1h strongest: NEUTRAL score=-3 | below_ema200,ema_bear_stack,momentum_positive,trend_strength_bear,regime_trend | weighted_score_neutral",C:\Users\GF\Documents\secret_project\cryto\logs\crypto_models_summary.csv
5b412682d594129ca4ea,crypto,BTCUSD,2026-05-14 08:45:20,2026-05-14T01:45:20.612817+00:00,SIGNAL,NEUTRAL,WAIT,WAIT,-1.80,18.00,79461.10156,1h,,WAIT,79955.94155,78782.98751,,,,"1h strongest: BEARISH score=-7 | below_ema200,ema_bear_stack,momentum_negative,trend_strength_bear,regime_range | weighted_score_neutral",C:\Users\GF\Documents\secret_project\cryto\logs\crypto_models_summary.csv
7f111b9f25d111cc51bb,crypto,ETHUSD,2026-05-14 08:45:20,2026-05-14T01:45:20.612817+00:00,SIGNAL,BEARISH,BEARISH_WATCH,WATCH,-5.38,53.75,2261.96997,4h,,WAIT,2301.72174,2208.51070,,,,"4h strongest: BEARISH score=-8 | below_ema200,ema_bear_stack,momentum_negative,trend_strength_bear,volume_confirmation,regime_trend | short_disabled_crypto_long_bias",C:\Users\GF\Documents\secret_project\cryto\logs\crypto_models_summary.csv
25f814f0305af618ba4b,crypto,SOLUSD,2026-05-14 08:45:20,2026-05-14T01:45:20.612817+00:00,SIGNAL,NEUTRAL,WAIT,WAIT,-0.38,3.75,91.10000,15m,,WAIT,91.50907,90.52729,,,,"15m strongest: BEARISH score=-5 | below_ema200,ema_bear_stack,trend_strength_bear,regime_range | weighted_score_neutral",C:\Users\GF\Documents\secret_project\cryto\logs\crypto_models_summary.csv
a4c11deb6ba0870b6df4,crypto,BNBUSD,2026-05-14 08:45:20,2026-05-14T01:45:20.612817+00:00,SIGNAL,NEUTRAL,WAIT,WAIT,3.66,36.58,674.71997,15m,,WAIT,672.44803,677.69700,,,,"15m strongest: BULLISH score=7 | above_ema200,ema_bull_stack,momentum_positive,trend_strength_bull,regime_range | weighted_score_neutral",C:\Users\GF\Documents\secret_project\cryto\logs\crypto_models_summary.csv
da33aad280298fc8c0b8,crypto,XRPUSD,2026-05-14 08:45:20,2026-05-14T01:45:20.612817+00:00,SIGNAL,NEUTRAL,WAIT,WAIT,0.85,8.50,1.42720,4h,,WAIT,nan,nan,,,,"4h strongest: NEUTRAL score=3 | above_ema200,ema_bull_stack,momentum_negative,trend_strength_bull,regime_trend | weighted_score_neutral",C:\Users\GF\Documents\secret_project\cryto\logs\crypto_models_summary.csv
1ad654c0e9557cca248f,crypto,BTCUSD,2026-05-14 08:58:42,2026-05-14T01:58:42.504120+00:00,SIGNAL,NEUTRAL,WAIT,WAIT,-1.60,16.00,79570.53125,1h,,WAIT,80065.37123,78892.41720,,,,"1h strongest: BEARISH score=-6 | below_ema200,ema_bear_stack,trend_strength_bear,volume_confirmation,regime_range | weighted_score_neutral",C:\Users\GF\Documents\secret_project\cryto\logs\crypto_models_summary.csv
020884ff6d8760b48828,crypto,ETHUSD,2026-05-14 08:58:42,2026-05-14T01:58:42.504120+00:00,SIGNAL,BEARISH,BEARISH_WATCH,WATCH,-5.38,53.75,2264.36011,4h,,WAIT,2303.91873,2211.16059,,,,"4h strongest: BEARISH score=-8 | below_ema200,ema_bear_stack,momentum_negative,trend_strength_bear,volume_confirmation,regime_trend | short_disabled_crypto_long_bias",C:\Users\GF\Documents\secret_project\cryto\logs\crypto_models_summary.csv
0137576a5ea9a846d646,crypto,SOLUSD,2026-05-14 08:58:42,2026-05-14T01:58:42.504120+00:00,SIGNAL,NEUTRAL,WAIT,WAIT,0.03,0.25,91.14000,15m,,WAIT,91.57350,90.53309,,,,"15m strongest: BEARISH score=-5 | below_ema200,ema_bear_stack,trend_strength_bear,regime_range | weighted_score_neutral",C:\Users\GF\Documents\secret_project\cryto\logs\crypto_models_summary.csv
df1f5e90bf9bf12835b1,crypto,BNBUSD,2026-05-14 08:58:42,2026-05-14T01:58:42.504120+00:00,SIGNAL,NEUTRAL,WAIT,WAIT,3.66,36.58,675.52002,15m,,WAIT,673.10521,678.68425,,,,"15m strongest: BULLISH score=7 | above_ema200,ema_bull_stack,momentum_positive,trend_strength_bull,regime_range | weighted_score_neutral",C:\Users\GF\Documents\secret_project\cryto\logs\crypto_models_summary.csv
3adf8843e1666539d338,crypto,XRPUSD,2026-05-14 08:58:42,2026-05-14T01:58:42.504120+00:00,SIGNAL,NEUTRAL,WAIT,WAIT,2.05,20.50,1.43230,1h,,WAIT,1.41435,1.45753,,,,"1h strongest: BULLISH score=6 | above_ema200,momentum_positive,trend_strength_bull,volume_confirmation,regime_trend | weighted_score_neutral",C:\Users\GF\Documents\secret_project\cryto\logs\crypto_models_summary.csv
adfdcb3d4b443b627c25,crypto,BTCUSD,2026-05-14 09:06:32,2026-05-14T02:06:32.580633+00:00,SIGNAL,NEUTRAL,WAIT,WAIT,-1.33,13.25,79603.85938,1h,,WAIT,80070.91350,78963.82225,,,,"1h strongest: BEARISH score=-5 | below_ema200,ema_bear_stack,trend_strength_bear,regime_range | weighted_score_neutral",C:\Users\GF\Documents\secret_project\cryto\logs\crypto_models_summary.csv
57f63298b841ed6be7ac,crypto,ETHUSD,2026-05-14 09:06:32,2026-05-14T02:06:32.581135+00:00,SIGNAL,BEARISH,BEARISH_WATCH,WATCH,-5.44,54.42,2263.40991,4h,,WAIT,2300.66198,2213.31230,,,,"4h strongest: BEARISH score=-7 | below_ema200,ema_bear_stack,momentum_negative,trend_strength_bear,regime_trend | short_disabled_crypto_long_bias",C:\Users\GF\Documents\secret_project\cryto\logs\crypto_models_summary.csv
8c935954312978318836,crypto,SOLUSD,2026-05-14 09:06:32,2026-05-14T02:06:32.581135+00:00,SIGNAL,NEUTRAL,WAIT,WAIT,0.10,1.00,91.11000,15m,,WAIT,91.52754,90.52544,,,,"15m strongest: BEARISH score=-4 | below_ema200,ema_bear_stack,regime_range | weighted_score_neutral",C:\Users\GF\Documents\secret_project\cryto\logs\crypto_models_summary.csv
773880e2625de176e57e,crypto,BNBUSD,2026-05-14 09:06:32,2026-05-14T02:06:32.581135+00:00,SIGNAL,NEUTRAL,WAIT,WAIT,3.26,32.58,674.94000,15m,,WAIT,672.64007,677.95371,,,,"15m strongest: BULLISH score=7 | above_ema200,ema_bull_stack,momentum_positive,trend_strength_bull,regime_range | weighted_score_neutral",C:\Users\GF\Documents\secret_project\cryto\logs\crypto_models_summary.csv
4feb3cfd0d6392239789,crypto,XRPUSD,2026-05-14 09:06:32,2026-05-14T02:06:32.581135+00:00,SIGNAL,NEUTRAL,WAIT,WAIT,1.45,14.50,1.43200,1h,,WAIT,nan,nan,,,,"1h strongest: NEUTRAL score=3 | above_ema200,ema_bear_stack,momentum_positive,trend_strength_bull,regime_trend | weighted_score_neutral",C:\Users\GF\Documents\secret_project\cryto\logs\crypto_models_summary.csv
d48ad188e9bc197c2153,crypto,BTCUSD,2026-05-14 09:14:15,2026-05-14T02:14:15.691992+00:00,SIGNAL,NEUTRAL,WAIT,WAIT,-1.33,13.25,79580.00781,1h,,WAIT,80049.01913,78937.28860,,,,"1h strongest: BEARISH score=-5 | below_ema200,ema_bear_stack,trend_strength_bear,regime_range | weighted_score_neutral",C:\Users\GF\Documents\secret_project\cryto\logs\crypto_models_summary.csv
f7287fd0866e07a8e4c9,crypto,ETHUSD,2026-05-14 09:14:15,2026-05-14T02:14:15.691992+00:00,SIGNAL,BEARISH,BEARISH_WATCH,WATCH,-5.64,56.42,2262.91992,4h,,WAIT,2300.00094,2213.05235,,,,"4h strongest: BEARISH score=-7 | below_ema200,ema_bear_stack,momentum_negative,trend_strength_bear,regime_trend | short_disabled_crypto_long_bias",C:\Users\GF\Documents\secret_project\cryto\logs\crypto_models_summary.csv
b9bd2cdc1a5a2a0bc2a6,crypto,SOLUSD,2026-05-14 09:14:15,2026-05-14T02:14:15.691992+00:00,SIGNAL,NEUTRAL,WAIT,WAIT,0.10,1.00,91.13000,15m,,WAIT,91.55432,90.53595,,,,"15m strongest: BEARISH score=-4 | below_ema200,ema_bear_stack,regime_range | weighted_score_neutral",C:\Users\GF\Documents\secret_project\cryto\logs\crypto_models_summary.csv
deb0d1e345f44c5bf3d8,crypto,BNBUSD,2026-05-14 09:14:15,2026-05-14T02:14:15.691992+00:00,SIGNAL,NEUTRAL,WAIT,WAIT,3.26,32.58,673.84003,15m,,WAIT,671.43199,676.99538,,,,"15m strongest: BULLISH score=7 | above_ema200,ema_bull_stack,momentum_positive,trend_strength_bull,regime_range | weighted_score_neutral",C:\Users\GF\Documents\secret_project\cryto\logs\crypto_models_summary.csv
d042a5f86a699be98acf,crypto,XRPUSD,2026-05-14 09:14:15,2026-05-14T02:14:15.691992+00:00,SIGNAL,NEUTRAL,WAIT,WAIT,1.45,14.50,1.43210,1h,,WAIT,nan,nan,,,,"1h strongest: NEUTRAL score=3 | above_ema200,ema_bear_stack,momentum_positive,trend_strength_bull,regime_trend | weighted_score_neutral",C:\Users\GF\Documents\secret_project\cryto\logs\crypto_models_summary.csv
fa4cf46f6910cdd612f3,crypto,BTCUSD,2026-05-14 09:24:21,2026-05-14T02:24:21.974624+00:00,SIGNAL,NEUTRAL,WAIT,WAIT,-1.33,13.25,79614.43750,1h,,WAIT,80085.69606,78968.63874,,,,"1h strongest: BEARISH score=-5 | below_ema200,ema_bear_stack,trend_strength_bear,regime_range | weighted_score_neutral",C:\Users\GF\Documents\secret_project\cryto\logs\crypto_models_summary.csv
06e8c4df23e6d46a6574,crypto,ETHUSD,2026-05-14 09:24:21,2026-05-14T02:24:21.974624+00:00,SIGNAL,BEARISH,BEARISH_WATCH,WATCH,-5.57,55.67,2262.21997,4h,,WAIT,2299.78068,2211.70729,,,,"4h strongest: BEARISH score=-7 | below_ema200,ema_bear_stack,momentum_negative,trend_strength_bear,regime_trend | short_disabled_crypto_long_bias",C:\Users\GF\Documents\secret_project\cryto\logs\crypto_models_summary.csv
4bcf92f7224eaf6b3f8b,crypto,SOLUSD,2026-05-14 09:24:21,2026-05-14T02:24:21.974624+00:00,SIGNAL,NEUTRAL,WAIT,WAIT,0.10,1.00,91.17000,15m,,WAIT,91.58718,90.58595,,,,"15m strongest: BEARISH score=-4 | below_ema200,ema_bear_stack,regime_range | weighted_score_neutral",C:\Users\GF\Documents\secret_project\cryto\logs\crypto_models_summary.csv
5c38cfe96263e9cb78f5,crypto,BNBUSD,2026-05-14 09:24:21,2026-05-14T02:24:21.974624+00:00,SIGNAL,NEUTRAL,WAIT,WAIT,3.26,32.58,674.46997,15m,,WAIT,672.10069,677.57454,,,,"15m strongest: BULLISH score=7 | above_ema200,ema_bull_stack,momentum_positive,trend_strength_bull,regime_range | weighted_score_neutral",C:\Users\GF\Documents\secret_project\cryto\logs\crypto_models_summary.csv
86694c636a14a5f3557d,crypto,XRPUSD,2026-05-14 09:24:21,2026-05-14T02:24:21.974624+00:00,SIGNAL,NEUTRAL,WAIT,WAIT,1.85,18.50,1.43300,1h,,WAIT,1.41601,1.45688,,,,"1h strongest: BULLISH score=5 | above_ema200,momentum_positive,trend_strength_bull,regime_trend | weighted_score_neutral",C:\Users\GF\Documents\secret_project\cryto\logs\crypto_models_summary.csv
42796fe9f485fa5e4621,crypto,BTCUSD,2026-05-14 10:03:54,2026-05-14T03:03:54.751922+00:00,SIGNAL,NEUTRAL,WAIT,WAIT,-1.23,12.25,79402.61719,15m,,WAIT,79622.35403,79101.49633,,,,"15m strongest: BEARISH score=-6 | below_ema200,ema_bear_stack,momentum_negative,regime_range | weighted_score_neutral",C:\Users\GF\Documents\secret_project\cryto\logs\crypto_models_summary.csv
e934b8d0f0366587e685,crypto,ETHUSD,2026-05-14 10:03:54,2026-05-14T03:03:54.751922+00:00,SIGNAL,BEARISH,BEARISH_WATCH,WATCH,-5.42,54.17,2253.00000,15m,,WAIT,2260.94988,2242.30879,,,,"15m strongest: BEARISH score=-7 | below_ema200,ema_bear_stack,momentum_negative,volume_confirmation,regime_range | short_disabled_crypto_long_bias",C:\Users\GF\Documents\secret_project\cryto\logs\crypto_models_summary.csv
8f2dc38695264a8beae9,crypto,SOLUSD,2026-05-14 10:03:54,2026-05-14T03:03:54.751922+00:00,SIGNAL,NEUTRAL,WAIT,WAIT,0.28,2.75,90.70000,15m,,WAIT,91.16502,90.04896,,,,"15m strongest: BEARISH score=-7 | below_ema200,ema_bear_stack,momentum_negative,trend_strength_bear,regime_range | weighted_score_neutral",C:\Users\GF\Documents\secret_project\cryto\logs\crypto_models_summary.csv
1e27517e93813c59404c,crypto,BNBUSD,2026-05-14 10:03:54,2026-05-14T03:03:54.751922+00:00,SIGNAL,NEUTRAL,WAIT,WAIT,2.22,22.17,670.64001,4h,,WAIT,658.53350,686.50372,,,,"4h strongest: BULLISH score=5 | above_ema200,ema_bull_stack,trend_strength_bull,regime_trend | weighted_score_neutral",C:\Users\GF\Documents\secret_project\cryto\logs\crypto_models_summary.csv
c49c8d230cdd83a1f307,crypto,XRPUSD,2026-05-14 10:03:54,2026-05-14T03:03:54.751922+00:00,SIGNAL,NEUTRAL,WAIT,WAIT,-0.05,0.50,1.42790,15m,,WAIT,1.43535,1.41742,,,,"15m strongest: BEARISH score=-6 | below_ema200,ema_bear_stack,momentum_negative,regime_range | weighted_score_neutral",C:\Users\GF\Documents\secret_project\cryto\logs\crypto_models_summary.csv
56770db046cc0ab2f78d,crypto,BTCUSD,2026-05-14 10:09:36,2026-05-14T03:09:36.335263+00:00,SIGNAL,NEUTRAL,WAIT,WAIT,-1.62,16.25,79164.90625,15m,,WAIT,79402.26391,78839.63835,,,,"15m strongest: BEARISH score=-6 | below_ema200,ema_bear_stack,momentum_negative,regime_range | weighted_score_neutral",C:\Users\GF\Documents\secret_project\cryto\logs\crypto_models_summary.csv
24457e1ca9b1fdccab95,crypto,ETHUSD,2026-05-14 10:09:36,2026-05-14T03:09:36.335263+00:00,SIGNAL,BEARISH,BEARISH_WATCH,WATCH,-5.87,58.67,2245.19995,4h,,WAIT,2284.57731,2192.24419,,,,"4h strongest: BEARISH score=-7 | below_ema200,ema_bear_stack,momentum_negative,trend_strength_bear,regime_trend | short_disabled_crypto_long_bias",C:\Users\GF\Documents\secret_project\cryto\logs\crypto_models_summary.csv
95211bc1525c42b07f7b,crypto,SOLUSD,2026-05-14 10:09:36,2026-05-14T03:09:36.335263+00:00,SIGNAL,NEUTRAL,WAIT,WAIT,-0.45,4.50,90.26000,15m,,WAIT,90.77253,89.54247,,,,"15m strongest: BEARISH score=-6 | below_ema200,ema_bear_stack,momentum_negative,trend_strength_bear,volume_confirmation,rsi_short_too_cold,regime_range | weighted_score_neutral",C:\Users\GF\Documents\secret_project\cryto\logs\crypto_models_summary.csv
7a4425013e3f5610976d,crypto,BNBUSD,2026-05-14 10:09:36,2026-05-14T03:09:36.335263+00:00,SIGNAL,NEUTRAL,WAIT,WAIT,2.24,22.42,668.47998,4h,,WAIT,656.17491,684.60387,,,,"4h strongest: BULLISH score=5 | above_ema200,ema_bull_stack,trend_strength_bull,regime_trend | weighted_score_neutral",C:\Users\GF\Documents\secret_project\cryto\logs\crypto_models_summary.csv
3c2b2e0cb11fcc167f46,crypto,XRPUSD,2026-05-14 10:09:36,2026-05-14T03:09:36.335263+00:00,SIGNAL,NEUTRAL,WAIT,WAIT,-0.12,1.25,1.42420,15m,,WAIT,1.43205,1.41317,,,,"15m strongest: BEARISH score=-7 | below_ema200,ema_bear_stack,momentum_negative,volume_confirmation,regime_range | weighted_score_neutral",C:\Users\GF\Documents\secret_project\cryto\logs\crypto_models_summary.csv
6da5e6a32d346a17624e,crypto,BTCUSD,2026-05-14 10:17:45,2026-05-14T03:17:45.950040+00:00,SIGNAL,NEUTRAL,WAIT,WAIT,-1.30,13.00,79203.56250,15m,,WAIT,79428.40929,78895.43912,,,,"15m strongest: BEARISH score=-7 | below_ema200,ema_bear_stack,momentum_negative,trend_strength_bear,regime_range | weighted_score_neutral",C:\Users\GF\Documents\secret_project\cryto\logs\crypto_models_summary.csv
d5f116fd7634d3102b19,crypto,ETHUSD,2026-05-14 10:17:45,2026-05-14T03:17:45.950040+00:00,SIGNAL,BEARISH,BEARISH_WATCH,WATCH,-6.12,61.25,2245.89990,4h,,WAIT,2285.27726,2192.94414,,,,"4h strongest: BEARISH score=-8 | below_ema200,ema_bear_stack,momentum_negative,trend_strength_bear,volume_confirmation,regime_trend | short_disabled_crypto_long_bias",C:\Users\GF\Documents\secret_project\cryto\logs\crypto_models_summary.csv
64945258eb9dbe4fa6ef,crypto,SOLUSD,2026-05-14 10:17:45,2026-05-14T03:17:45.950040+00:00,SIGNAL,NEUTRAL,WAIT,WAIT,-0.65,6.50,90.32000,15m,,WAIT,90.81592,89.62572,,,,"15m strongest: BEARISH score=-6 | below_ema200,ema_bear_stack,momentum_negative,trend_strength_bear,volume_confirmation,rsi_short_too_cold,regime_range | weighted_score_neutral",C:\Users\GF\Documents\secret_project\cryto\logs\crypto_models_summary.csv
5169e24b07fd9b428d8a,crypto,BNBUSD,2026-05-14 10:17:45,2026-05-14T03:17:45.950040+00:00,SIGNAL,NEUTRAL,WAIT,WAIT,2.09,20.92,668.32001,15m,,WAIT,671.13129,664.63626,,,,"15m strongest: BEARISH score=-5 | below_ema200,momentum_negative,trend_strength_bear,regime_range | weighted_score_neutral",C:\Users\GF\Documents\secret_project\cryto\logs\crypto_models_summary.csv
4e6f51d93afe9d1da0df,crypto,XRPUSD,2026-05-14 10:17:45,2026-05-14T03:17:45.950040+00:00,SIGNAL,NEUTRAL,WAIT,WAIT,-0.05,0.50,1.42440,15m,,WAIT,1.43192,1.41384,,,,"15m strongest: BEARISH score=-6 | below_ema200,ema_bear_stack,momentum_negative,regime_range | weighted_score_neutral",C:\Users\GF\Documents\secret_project\cryto\logs\crypto_models_summary.csv
263182ab5d2a8fa645ab,crypto,BTCUSD,2026-05-14 10:25:41,2026-05-14T03:25:41.885769+00:00,SIGNAL,NEUTRAL,WAIT,WAIT,-1.97,19.75,79172.32031,15m,,WAIT,79419.99506,78832.91418,,,,"15m strongest: BEARISH score=-8 | below_ema200,ema_bear_stack,momentum_negative,trend_strength_bear,volume_confirmation,regime_range | weighted_score_neutral",C:\Users\GF\Documents\secret_project\cryto\logs\crypto_models_summary.csv
0805a3316dc3fb214a67,crypto,ETHUSD,2026-05-14 10:25:41,2026-05-14T03:25:41.885769+00:00,SIGNAL,BEARISH,BEARISH_WATCH,WATCH,-6.27,62.75,2245.13989,4h,,WAIT,2284.84867,2191.73843,,,,"4h strongest: BEARISH score=-8 | below_ema200,ema_bear_stack,momentum_negative,trend_strength_bear,volume_confirmation,regime_trend | short_disabled_crypto_long_bias",C:\Users\GF\Documents\secret_project\cryto\logs\crypto_models_summary.csv
7565c72a510c512a967f,crypto,SOLUSD,2026-05-14 10:25:41,2026-05-14T03:25:41.885769+00:00,SIGNAL,NEUTRAL,WAIT,WAIT,-0.65,6.50,90.27000,15m,,WAIT,90.80716,89.51796,,,,"15m strongest: BEARISH score=-6 | below_ema200,ema_bear_stack,momentum_negative,trend_strength_bear,volume_confirmation,rsi_short_too_cold,regime_range | weighted_score_neutral",C:\Users\GF\Documents\secret_project\cryto\logs\crypto_models_summary.csv
bc201fd8949aadc4508e,crypto,BNBUSD,2026-05-14 10:25:41,2026-05-14T03:25:41.885769+00:00,SIGNAL,NEUTRAL,WAIT,WAIT,2.09,20.92,667.59998,15m,,WAIT,670.61974,663.64305,,,,"15m strongest: BEARISH score=-5 | below_ema200,momentum_negative,trend_strength_bear,regime_range | weighted_score_neutral",C:\Users\GF\Documents\secret_project\cryto\logs\crypto_models_summary.csv
7d4a8c3030559fb6cfd5,crypto,XRPUSD,2026-05-14 10:25:41,2026-05-14T03:25:41.885769+00:00,SIGNAL,NEUTRAL,WAIT,WAIT,-0.05,0.50,1.42500,15m,,WAIT,1.43294,1.41384,,,,"15m strongest: BEARISH score=-6 | below_ema200,ema_bear_stack,momentum_negative,regime_range | weighted_score_neutral",C:\Users\GF\Documents\secret_project\cryto\logs\crypto_models_summary.csv
341cbb9b6640f5a2a2b2,crypto,BTCUSD,2026-05-14 10:33:54,2026-05-14T03:33:54.774693+00:00,SIGNAL,NEUTRAL,WAIT,WAIT,-1.30,13.00,79299.15625,15m,,WAIT,79535.21962,78975.66200,,,,"15m strongest: BEARISH score=-7 | below_ema200,ema_bear_stack,momentum_negative,trend_strength_bear,regime_range | weighted_score_neutral",C:\Users\GF\Documents\secret_project\cryto\logs\crypto_models_summary.csv
3fc09c05eee956185cf9,crypto,ETHUSD,2026-05-14 10:33:54,2026-05-14T03:33:54.774693+00:00,SIGNAL,BEARISH,BEARISH_WATCH,WATCH,-6.35,63.50,2248.47998,4h,,WAIT,2288.18876,2195.07851,,,,"4h strongest: BEARISH score=-8 | below_ema200,ema_bear_stack,momentum_negative,trend_strength_bear,volume_confirmation,regime_trend | short_disabled_crypto_long_bias",C:\Users\GF\Documents\secret_project\cryto\logs\crypto_models_summary.csv
8004908f808d2c6a47e4,crypto,SOLUSD,2026-05-14 10:33:54,2026-05-14T03:33:54.774693+00:00,SIGNAL,NEUTRAL,WAIT,WAIT,0.42,4.25,90.46000,15m,,WAIT,90.97326,89.74143,,,,"15m strongest: BEARISH score=-5 | below_ema200,ema_bear_stack,momentum_negative,trend_strength_bear,rsi_short_too_cold,regime_range | weighted_score_neutral",C:\Users\GF\Documents\secret_project\cryto\logs\crypto_models_summary.csv
7436c4185ca0aeee55f7,crypto,BNBUSD,2026-05-14 10:33:54,2026-05-14T03:33:54.774693+00:00,SIGNAL,NEUTRAL,WAIT,WAIT,2.09,20.92,668.33002,15m,,WAIT,671.19180,664.58009,,,,"15m strongest: BEARISH score=-5 | below_ema200,momentum_negative,trend_strength_bear,regime_range | weighted_score_neutral",C:\Users\GF\Documents\secret_project\cryto\logs\crypto_models_summary.csv
2a51410c239ff8fb402f,crypto,XRPUSD,2026-05-14 10:33:54,2026-05-14T03:33:54.774693+00:00,SIGNAL,NEUTRAL,WAIT,WAIT,-0.05,0.50,1.42880,15m,,WAIT,1.43679,1.41758,,,,"15m strongest: BEARISH score=-6 | below_ema200,ema_bear_stack,momentum_negative,regime_range | weighted_score_neutral",C:\Users\GF\Documents\secret_project\cryto\logs\crypto_models_summary.csv
d278a4496905fae9c94f,crypto,BTCUSD,2026-05-14 10:42:55,2026-05-14T03:42:55.579456+00:00,SIGNAL,NEUTRAL,WAIT,WAIT,-1.90,19.00,79163.14062,15m,,WAIT,79420.43109,78810.55739,,,,"15m strongest: BEARISH score=-7 | below_ema200,ema_bear_stack,momentum_negative,trend_strength_bear,regime_range | weighted_score_neutral",C:\Users\GF\Documents\secret_project\cryto\logs\crypto_models_summary.csv
9e9c71205968b4a3fcca,crypto,ETHUSD,2026-05-14 10:42:55,2026-05-14T03:42:55.579456+00:00,SIGNAL,BEARISH,BEARISH_WATCH,WATCH,-6.20,62.00,2245.11011,4h,,WAIT,2284.81889,2191.70864,,,,"4h strongest: BEARISH score=-8 | below_ema200,ema_bear_stack,momentum_negative,trend_strength_bear,volume_confirmation,regime_trend | short_disabled_crypto_long_bias",C:\Users\GF\Documents\secret_project\cryto\logs\crypto_models_summary.csv
bf1ded515384ad0113c3,crypto,SOLUSD,2026-05-14 10:42:55,2026-05-14T03:42:55.579456+00:00,SIGNAL,NEUTRAL,WAIT,WAIT,-0.65,6.50,90.20000,15m,,WAIT,90.75326,89.42543,,,,"15m strongest: BEARISH score=-6 | below_ema200,ema_bear_stack,momentum_negative,trend_strength_bear,volume_confirmation,rsi_short_too_cold,regime_range | weighted_score_neutral",C:\Users\GF\Documents\secret_project\cryto\logs\crypto_models_summary.csv
b2b8a70bbaa925df925e,crypto,BNBUSD,2026-05-14 10:42:55,2026-05-14T03:42:55.579456+00:00,SIGNAL,NEUTRAL,WAIT,WAIT,2.24,22.42,666.75000,4h,,WAIT,654.29890,683.06524,,,,"4h strongest: BULLISH score=5 | above_ema200,ema_bull_stack,trend_strength_bull,regime_trend | weighted_score_neutral",C:\Users\GF\Documents\secret_project\cryto\logs\crypto_models_summary.csv
fdb857de6e5edfd403ff,crypto,XRPUSD,2026-05-14 10:42:55,2026-05-14T03:42:55.579456+00:00,SIGNAL,NEUTRAL,WAIT,WAIT,-0.12,1.25,1.42540,15m,,WAIT,1.43378,1.41363,,,,"15m strongest: BEARISH score=-7 | below_ema200,ema_bear_stack,momentum_negative,volume_confirmation,regime_range | weighted_score_neutral",C:\Users\GF\Documents\secret_project\cryto\logs\crypto_models_summary.csv
dfdd5fcdd70bf611ce7a,crypto,BTCUSD,2026-05-14 10:51:44,2026-05-14T03:51:44.260352+00:00,SIGNAL,NEUTRAL,WAIT,WAIT,-1.75,17.50,78985.14062,1h,,WAIT,79495.35363,78285.95984,,,,"1h strongest: BEARISH score=-6 | below_ema200,ema_bear_stack,trend_strength_bear,volume_confirmation,regime_range | weighted_score_neutral",C:\Users\GF\Documents\secret_project\cryto\logs\crypto_models_summary.csv
f5f3bbe8a2b41d63b52e,crypto,ETHUSD,2026-05-14 10:51:44,2026-05-14T03:51:44.260352+00:00,SIGNAL,BEARISH,BEARISH_WATCH,WATCH,-6.20,62.00,2240.09009,4h,,WAIT,2279.79887,2186.68862,,,,"4h strongest: BEARISH score=-8 | below_ema200,ema_bear_stack,momentum_negative,trend_strength_bear,volume_confirmation,regime_trend | short_disabled_crypto_long_bias",C:\Users\GF\Documents\secret_project\cryto\logs\crypto_models_summary.csv
f7395523eb776a05dd1e,crypto,SOLUSD,2026-05-14 10:51:44,2026-05-14T03:51:44.260352+00:00,SIGNAL,NEUTRAL,WAIT,WAIT,-0.57,5.75,89.93000,1h,,WAIT,91.11808,88.26669,,,,"1h strongest: BEARISH score=-6 | below_ema200,ema_bear_stack,momentum_negative,trend_strength_bear,volume_confirmation,rsi_short_too_cold,regime_trend | weighted_score_neutral",C:\Users\GF\Documents\secret_project\cryto\logs\crypto_models_summary.csv
2f233e6f766278fe7263,crypto,BNBUSD,2026-05-14 10:51:44,2026-05-14T03:51:44.260352+00:00,SIGNAL,NEUTRAL,WAIT,WAIT,2.24,22.42,665.34003,4h,,WAIT,652.82544,681.73844,,,,"4h strongest: BULLISH score=5 | above_ema200,ema_bull_stack,trend_strength_bull,regime_trend | weighted_score_neutral",C:\Users\GF\Documents\secret_project\cryto\logs\crypto_models_summary.csv
a3ff804e3e2c597749eb,crypto,XRPUSD,2026-05-14 10:51:44,2026-05-14T03:51:44.260352+00:00,SIGNAL,NEUTRAL,WAIT,WAIT,-0.05,0.50,1.42210,15m,,WAIT,1.43038,1.41046,,,,"15m strongest: BEARISH score=-6 | below_ema200,ema_bear_stack,momentum_negative,regime_range | weighted_score_neutral",C:\Users\GF\Documents\secret_project\cryto\logs\crypto_models_summary.csv
857f535e31923b332a95,crypto,BTCUSD,2026-06-08 21:45:55,2026-06-08T14:45:55.488735+00:00,SIGNAL,NEUTRAL,WAIT,WAIT,-2.83,28.25,63849.80859,15m,,WAIT,63446.01834,64403.15080,,,,"15m strongest: BULLISH score=7 | above_ema200,ema_bull_stack,momentum_positive,trend_strength_bull,regime_range | weighted_score_neutral",C:\Users\GF\Documents\secret_project\cryto\logs\crypto_models_summary.csv
4568c6094deec1f71df1,crypto,ETHUSD,2026-06-08 21:45:55,2026-06-08T14:45:55.488735+00:00,SIGNAL,NEUTRAL,WAIT,WAIT,-3.65,36.50,1685.65002,1d,,WAIT,1820.24484,1504.64321,,,,"1d strongest: BEARISH score=-6 | below_ema200,ema_bear_stack,momentum_negative,trend_strength_bear,volume_confirmation,rsi_short_too_cold,regime_trend | weighted_score_neutral",C:\Users\GF\Documents\secret_project\cryto\logs\crypto_models_summary.csv
bc018c7be6a27526bf7a,crypto,SOLUSD,2026-06-08 21:45:55,2026-06-08T14:45:55.488735+00:00,SIGNAL,NEUTRAL,WAIT,WAIT,-2.81,28.08,66.87000,1d,,WAIT,73.46080,57.64289,,,,"1d strongest: BEARISH score=-5 | below_ema200,ema_bear_stack,momentum_negative,trend_strength_bear,rsi_short_too_cold,regime_trend | weighted_score_neutral",C:\Users\GF\Documents\secret_project\cryto\logs\crypto_models_summary.csv
97ece9c9dce933f15e64,crypto,BNBUSD,2026-06-08 21:45:55,2026-06-08T14:45:55.488735+00:00,SIGNAL,BEARISH,BEARISH_WATCH,WATCH,-4.67,46.67,600.84998,1d,,WAIT,640.70910,548.62078,,,,"1d strongest: BEARISH score=-7 | below_ema200,ema_bear_stack,momentum_negative,trend_strength_bear,regime_trend | short_disabled_crypto_long_bias",C:\Users\GF\Documents\secret_project\cryto\logs\crypto_models_summary.csv
9952c119e25515b94363,crypto,XRPUSD,2026-06-08 21:45:55,2026-06-08T14:45:55.488735+00:00,SIGNAL,NEUTRAL,WAIT,WAIT,-2.51,25.08,1.16670,15m,,WAIT,1.15415,1.18434,,,,"15m strongest: BULLISH score=6 | above_ema200,ema_bull_stack,momentum_positive,regime_range | weighted_score_neutral",C:\Users\GF\Documents\secret_project\cryto\logs\crypto_models_summary.csv
bdd70f8a2117fc48e9ce,crypto,BTCUSD,2026-06-08 22:16:53,2026-06-08T15:16:53.543999+00:00,SIGNAL,NEUTRAL,WAIT,WAIT,-2.83,28.25,64031.41016,15m,,WAIT,63620.75174,64594.16428,,,,"15m strongest: BULLISH score=7 | above_ema200,ema_bull_stack,momentum_positive,trend_strength_bull,regime_range | weighted_score_neutral",C:\Users\GF\Documents\secret_project\cryto\logs\crypto_models_summary.csv
3ad9cafbd04f8bac52fe,crypto,ETHUSD,2026-06-08 22:16:53,2026-06-08T15:16:53.543999+00:00,SIGNAL,NEUTRAL,WAIT,WAIT,-2.90,29.00,1697.79004,15m,,WAIT,1683.46107,1717.06004,,,,"15m strongest: BULLISH score=6 | above_ema200,ema_bull_stack,momentum_positive,regime_range | weighted_score_neutral",C:\Users\GF\Documents\secret_project\cryto\logs\crypto_models_summary.csv
a2591755f44a2f92e80c,crypto,SOLUSD,2026-06-08 22:16:53,2026-06-08T15:16:53.543999+00:00,SIGNAL,NEUTRAL,WAIT,WAIT,-2.51,25.08,67.58000,15m,,WAIT,66.86327,68.58343,,,,"15m strongest: BULLISH score=6 | above_ema200,ema_bull_stack,momentum_positive,regime_range | weighted_score_neutral",C:\Users\GF\Documents\secret_project\cryto\logs\crypto_models_summary.csv
266268018d92b20052ce,crypto,BNBUSD,2026-06-08 22:16:53,2026-06-08T15:16:53.543999+00:00,SIGNAL,NEUTRAL,WAIT,WAIT,-3.69,36.92,604.46002,1d,,WAIT,644.31915,552.23082,,,,"1d strongest: BEARISH score=-7 | below_ema200,ema_bear_stack,momentum_negative,trend_strength_bear,regime_trend | weighted_score_neutral",C:\Users\GF\Documents\secret_project\cryto\logs\crypto_models_summary.csv
cc60ec7ed78f989d8375,crypto,XRPUSD,2026-06-08 22:16:53,2026-06-08T15:16:53.543999+00:00,SIGNAL,NEUTRAL,WAIT,WAIT,-3.83,38.33,1.17830,1d,,WAIT,1.27902,1.03675,,,,"1d strongest: BEARISH score=-8 | below_ema200,ema_bear_stack,momentum_negative,trend_strength_bear,volume_confirmation,regime_trend | weighted_score_neutral",C:\Users\GF\Documents\secret_project\cryto\logs\crypto_models_summary.csv
889785f698f1adf0ea35,crypto,BTCUSD,2026-06-08 23:03:58,2026-06-08T16:03:59.132393+00:00,SIGNAL,NEUTRAL,WAIT,WAIT,-2.98,29.75,63798.01172,1d,,WAIT,67119.14544,59246.82847,,,,"1d strongest: BEARISH score=-6 | below_ema200,ema_bear_stack,momentum_negative,trend_strength_bear,volume_confirmation,rsi_short_too_cold,regime_trend | weighted_score_neutral",C:\Users\GF\Documents\secret_project\cryto\logs\crypto_models_summary.csv
794fc964f91979eac245,crypto,ETHUSD,2026-06-08 23:03:58,2026-06-08T16:03:59.132393+00:00,SIGNAL,NEUTRAL,WAIT,WAIT,-3.50,35.00,1691.81006,15m,,WAIT,1677.94794,1710.45222,,,,"15m strongest: BULLISH score=6 | above_ema200,ema_bull_stack,momentum_positive,regime_range | weighted_score_neutral",C:\Users\GF\Documents\secret_project\cryto\logs\crypto_models_summary.csv
81d91df35cea8547030b,crypto,SOLUSD,2026-06-08 23:03:58,2026-06-08T16:03:59.132393+00:00,SIGNAL,NEUTRAL,WAIT,WAIT,-2.51,25.08,67.18000,15m,,WAIT,66.48090,68.15875,,,,"15m strongest: BULLISH score=6 | above_ema200,ema_bull_stack,momentum_positive,regime_range | weighted_score_neutral",C:\Users\GF\Documents\secret_project\cryto\logs\crypto_models_summary.csv
e7d3796d9a02b95a5b14,crypto,BNBUSD,2026-06-08 23:03:58,2026-06-08T16:03:59.132393+00:00,SIGNAL,NEUTRAL,WAIT,WAIT,-3.29,32.92,604.34998,1d,,WAIT,644.20910,552.12078,,,,"1d strongest: BEARISH score=-7 | below_ema200,ema_bear_stack,momentum_negative,trend_strength_bear,regime_trend | weighted_score_neutral",C:\Users\GF\Documents\secret_project\cryto\logs\crypto_models_summary.csv
06c6f293c0c2460dd000,crypto,XRPUSD,2026-06-08 23:03:58,2026-06-08T16:03:59.132393+00:00,SIGNAL,NEUTRAL,WAIT,WAIT,-3.61,36.08,1.17070,1d,,WAIT,1.27142,1.02915,,,,"1d strongest: BEARISH score=-8 | below_ema200,ema_bear_stack,momentum_negative,trend_strength_bear,volume_confirmation,regime_trend | weighted_score_neutral",C:\Users\GF\Documents\secret_project\cryto\logs\crypto_models_summary.csv
